{
  "type": "FeatureCollection",
  "generator": "overpass-turbo",
  "copyright": "The data included in this document is from www.openstreetmap.org. The data is made available under ODbL.",
  "timestamp": "2026-08-02T20:29:51Z",
  "features": [
    {
      "type": "Feature",
      "properties": {
        "@id": "relation/3507735",
        "name": "The Mill Pond",
        "natural": "water",
        "type": "multipolygon"
      },
      "geometry": {
        "type": "Polygon",
        "coordinates": [
          [
            [
              -2.1923411,
              51.7816788
            ],
            [
              -2.1923839,
              51.7816844
            ],
            [
              -2.1925542,
              51.7816195
            ],
            [
              -2.1924883,
              51.7815145
            ],
            [
              -2.1924569,
              51.7814926
            ],
            [
              -2.1924318,
              51.7814468
            ],
            [
              -2.1924247,
              51.7814239
            ],
            [
              -2.1923634,
              51.7814059
            ],
            [
              -2.1923102,
              51.781421
            ],
            [
              -2.1922246,
              51.7814509
            ],
            [
              -2.1921685,
              51.7815108
            ],
            [
              -2.1921013,
              51.7815655
            ],
            [
              -2.1920208,
              51.78164
            ],
            [
              -2.1919649,
              51.7817246
            ],
            [
              -2.1918744,
              51.7818615
            ],
            [
              -2.1917584,
              51.781951
            ],
            [
              -2.1918645,
              51.7819271
            ],
            [
              -2.1920672,
              51.7818384
            ],
            [
              -2.1921545,
              51.7817561
            ],
            [
              -2.1923411,
              51.7816788
            ]
          ],
          [
            [
              -2.1922828,
              51.781552
            ],
            [
              -2.1923486,
              51.7815736
            ],
            [
              -2.1923365,
              51.7816035
            ],
            [
              -2.1922547,
              51.7816043
            ],
            [
              -2.1922077,
              51.7815703
            ],
            [
              -2.1922828,
              51.781552
            ]
          ]
        ]
      },
      "id": "relation/3507735"
    },
    {
      "type": "Feature",
      "properties": {
        "@id": "way/174597530",
        "amenity": "place_of_worship",
        "building": "yes",
        "denomination": "quaker",
        "name": "Quaker Meeting House",
        "religion": "christian"
      },
      "geometry": {
        "type": "Polygon",
        "coordinates": [
          [
            [
              -2.1900646,
              51.7861036
            ],
            [
              -2.1899269,
              51.786146
            ],
            [
              -2.1899871,
              51.7862209
            ],
            [
              -2.1901248,
              51.7861785
            ],
            [
              -2.1900646,
              51.7861036
            ]
          ]
        ]
      },
      "id": "way/174597530"
    },
    {
      "type": "Feature",
      "properties": {
        "@id": "way/174599893",
        "amenity": "place_of_worship",
        "building": "yes",
        "denomination": "roman_catholic",
        "name": "Chapel of Our Lady and Saint Therese",
        "religion": "christian",
        "wheelchair": "no"
      },
      "geometry": {
        "type": "Polygon",
        "coordinates": [
          [
            [
              -2.1936629,
              51.7860592
            ],
            [
              -2.1935273,
              51.7861454
            ],
            [
              -2.1936176,
              51.7861998
            ],
            [
              -2.1937533,
              51.7861137
            ],
            [
              -2.1936629,
              51.7860592
            ]
          ]
        ]
      },
      "id": "way/174599893"
    },
    {
      "type": "Feature",
      "properties": {
        "@id": "way/187073486",
        "addr:housename": "Cotswold Villa",
        "addr:postcode": "GL6 6QN",
        "addr:street": "Gloucester Street",
        "building": "detached",
        "building:levels": "3",
        "roof:levels": "0",
        "roof:shape": "gabled"
      },
      "geometry": {
        "type": "Polygon",
        "coordinates": [
          [
            [
              -2.1946199,
              51.7888271
            ],
            [
              -2.1945512,
              51.7887251
            ],
            [
              -2.1945161,
              51.7887342
            ],
            [
              -2.1945311,
              51.7887564
            ],
            [
              -2.1944947,
              51.7887658
            ],
            [
              -2.1945094,
              51.7887876
            ],
            [
              -2.1944661,
              51.7887988
            ],
            [
              -2.1944835,
              51.7888246
            ],
            [
              -2.1945097,
              51.7888179
            ],
            [
              -2.1945313,
              51.78885
            ],
            [
              -2.1946199,
              51.7888271
            ]
          ]
        ]
      },
      "id": "way/187073486"
    },
    {
      "type": "Feature",
      "properties": {
        "@id": "way/187075190",
        "building": "yes"
      },
      "geometry": {
        "type": "Polygon",
        "coordinates": [
          [
            [
              -2.1973791,
              51.7882391
            ],
            [
              -2.1973991,
              51.7881841
            ],
            [
              -2.1971834,
              51.7881541
            ],
            [
              -2.1971634,
              51.7882091
            ],
            [
              -2.1973791,
              51.7882391
            ]
          ]
        ]
      },
      "id": "way/187075190"
    },
    {
      "type": "Feature",
      "properties": {
        "@id": "way/187075195",
        "addr:postcode": "GL6 6RQ",
        "building": "yes"
      },
      "geometry": {
        "type": "Polygon",
        "coordinates": [
          [
            [
              -2.1979579,
              51.7878307
            ],
            [
              -2.1976513,
              51.7877819
            ],
            [
              -2.1976354,
              51.78782
            ],
            [
              -2.1975902,
              51.7878128
            ],
            [
              -2.1975312,
              51.7879544
            ],
            [
              -2.1975942,
              51.7879645
            ],
            [
              -2.1975635,
              51.7880383
            ],
            [
              -2.1975267,
              51.7880324
            ],
            [
              -2.1974874,
              51.7881268
            ],
            [
              -2.1976742,
              51.7881566
            ],
            [
              -2.1976922,
              51.7881131
            ],
            [
              -2.1978311,
              51.7881352
            ],
            [
              -2.1979579,
              51.7878307
            ]
          ]
        ]
      },
      "id": "way/187075195"
    },
    {
      "type": "Feature",
      "properties": {
        "@id": "way/187076469",
        "addr:postcode": "GL6 6UT",
        "amenity": "place_of_worship",
        "building": "church",
        "denomination": "anglican",
        "name": "St Mary's",
        "ref:dove": "14196",
        "religion": "christian",
        "wheelchair": "yes",
        "wikidata": "Q17526087"
      },
      "geometry": {
        "type": "Polygon",
        "coordinates": [
          [
            [
              -2.1951051,
              51.7853065
            ],
            [
              -2.1950913,
              51.7852335
            ],
            [
              -2.1949914,
              51.7852407
            ],
            [
              -2.1949811,
              51.7851862
            ],
            [
              -2.1947042,
              51.7852062
            ],
            [
              -2.1946997,
              51.7851823
            ],
            [
              -2.1945855,
              51.7851906
            ],
            [
              -2.1945892,
              51.7852103
            ],
            [
              -2.1945653,
              51.785212
            ],
            [
              -2.1945775,
              51.7852761
            ],
            [
              -2.1944965,
              51.785282
            ],
            [
              -2.19451,
              51.7853532
            ],
            [
              -2.1946028,
              51.7853465
            ],
            [
              -2.1946123,
              51.7853967
            ],
            [
              -2.1950258,
              51.7853668
            ],
            [
              -2.1950156,
              51.785313
            ],
            [
              -2.1951051,
              51.7853065
            ]
          ]
        ]
      },
      "id": "way/187076469"
    },
    {
      "type": "Feature",
      "properties": {
        "@id": "way/187076829",
        "amenity": "library",
        "building": "yes"
      },
      "geometry": {
        "type": "Polygon",
        "coordinates": [
          [
            [
              -2.1961914,
              51.7849708
            ],
            [
              -2.1962519,
              51.7848762
            ],
            [
              -2.1962707,
              51.7848811
            ],
            [
              -2.1963134,
              51.784819
            ],
            [
              -2.196178,
              51.7847792
            ],
            [
              -2.1961643,
              51.7847981
            ],
            [
              -2.1960521,
              51.7847662
            ],
            [
              -2.1960077,
              51.7848215
            ],
            [
              -2.1959848,
              51.7848161
            ],
            [
              -2.1961031,
              51.784656
            ],
            [
              -2.196047,
              51.7846407
            ],
            [
              -2.1959393,
              51.7846115
            ],
            [
              -2.1957618,
              51.7848439
            ],
            [
              -2.1958161,
              51.784859
            ],
            [
              -2.1960798,
              51.7849321
            ],
            [
              -2.1960754,
              51.7849389
            ],
            [
              -2.1961914,
              51.7849708
            ]
          ]
        ]
      },
      "id": "way/187076829"
    },
    {
      "type": "Feature",
      "properties": {
        "@id": "way/187079130",
        "amenity": "place_of_worship",
        "building": "yes",
        "denomination": "congregational",
        "name": "Christ Church",
        "religion": "christian"
      },
      "geometry": {
        "type": "Polygon",
        "coordinates": [
          [
            [
              -2.1937785,
              51.7879184
            ],
            [
              -2.1939312,
              51.7878543
            ],
            [
              -2.1938011,
              51.7877358
            ],
            [
              -2.1936485,
              51.7877999
            ],
            [
              -2.1937785,
              51.7879184
            ]
          ]
        ]
      },
      "id": "way/187079130"
    },
    {
      "type": "Feature",
      "properties": {
        "@id": "way/207374649",
        "building": "residential"
      },
      "geometry": {
        "type": "Polygon",
        "coordinates": [
          [
            [
              -2.1924151,
              51.7851608
            ],
            [
              -2.1925009,
              51.7849968
            ],
            [
              -2.1923954,
              51.7849756
            ],
            [
              -2.1923802,
              51.7850047
            ],
            [
              -2.1924191,
              51.7850125
            ],
            [
              -2.1923484,
              51.7851474
            ],
            [
              -2.1924151,
              51.7851608
            ]
          ]
        ]
      },
      "id": "way/207374649"
    },
    {
      "type": "Feature",
      "properties": {
        "@id": "way/207374650",
        "addr:postcode": "GL6 6XY",
        "building": "residential"
      },
      "geometry": {
        "type": "Polygon",
        "coordinates": [
          [
            [
              -2.1925544,
              51.7854553
            ],
            [
              -2.1925812,
              51.7854408
            ],
            [
              -2.1926268,
              51.7854698
            ],
            [
              -2.1927629,
              51.7853844
            ],
            [
              -2.1927736,
              51.7853914
            ],
            [
              -2.1928266,
              51.7853578
            ],
            [
              -2.1927083,
              51.7852703
            ],
            [
              -2.1926596,
              51.7852989
            ],
            [
              -2.1926657,
              51.7853023
            ],
            [
              -2.1924967,
              51.7854147
            ],
            [
              -2.1925544,
              51.7854553
            ]
          ]
        ]
      },
      "id": "way/207374650"
    },
    {
      "type": "Feature",
      "properties": {
        "@id": "way/207374651",
        "building": "yes"
      },
      "geometry": {
        "type": "Polygon",
        "coordinates": [
          [
            [
              -2.1924222,
              51.7848648
            ],
            [
              -2.1924236,
              51.7848561
            ],
            [
              -2.1924201,
              51.7848468
            ],
            [
              -2.1924098,
              51.7848377
            ],
            [
              -2.192397,
              51.7848324
            ],
            [
              -2.1923887,
              51.7848308
            ],
            [
              -2.1923732,
              51.7848304
            ],
            [
              -2.1923621,
              51.7848322
            ],
            [
              -2.1923491,
              51.7848374
            ],
            [
              -2.1923369,
              51.7848491
            ],
            [
              -2.1923347,
              51.7848573
            ],
            [
              -2.1923372,
              51.7848667
            ],
            [
              -2.1923418,
              51.7848725
            ],
            [
              -2.1923523,
              51.7848796
            ],
            [
              -2.192363,
              51.7848833
            ],
            [
              -2.1923782,
              51.7848852
            ],
            [
              -2.1923923,
              51.784884
            ],
            [
              -2.1924061,
              51.7848796
            ],
            [
              -2.1924156,
              51.7848735
            ],
            [
              -2.1924222,
              51.7848648
            ]
          ]
        ]
      },
      "id": "way/207374651"
    },
    {
      "type": "Feature",
      "properties": {
        "@id": "way/207374652",
        "addr:postcode": "GL6 6XZ",
        "building": "residential"
      },
      "geometry": {
        "type": "Polygon",
        "coordinates": [
          [
            [
              -2.1921574,
              51.7856105
            ],
            [
              -2.1922876,
              51.7854761
            ],
            [
              -2.1921828,
              51.7854373
            ],
            [
              -2.1920527,
              51.7855717
            ],
            [
              -2.1921574,
              51.7856105
            ]
          ]
        ]
      },
      "id": "way/207374652"
    },
    {
      "type": "Feature",
      "properties": {
        "@id": "way/207374653",
        "addr:housename": "Horseshoe Cottage",
        "addr:postcode": "GL6 6XY",
        "addr:street": "Tibbiwell Gardens",
        "building": "residential"
      },
      "geometry": {
        "type": "Polygon",
        "coordinates": [
          [
            [
              -2.1924364,
              51.785548
            ],
            [
              -2.1925324,
              51.7854665
            ],
            [
              -2.1924789,
              51.7854424
            ],
            [
              -2.1924402,
              51.7854752
            ],
            [
              -2.1923691,
              51.7854431
            ],
            [
              -2.1923118,
              51.7854918
            ],
            [
              -2.1924364,
              51.785548
            ]
          ]
        ]
      },
      "id": "way/207374653"
    },
    {
      "type": "Feature",
      "properties": {
        "@id": "way/207374654",
        "addr:postcode": "GL6 6YB",
        "addr:street": "Kemps Lane",
        "building": "yes",
        "fhrs:id": "154609",
        "name": "The Painswick Hotel",
        "operator": "Calcot Collection",
        "source": "OS open data",
        "source:addr": "FHRS Open Data;previous tags",
        "tourism": "hotel",
        "website": "https://www.thepainswick.co.uk/",
        "wikidata": "Q26624685"
      },
      "geometry": {
        "type": "Polygon",
        "coordinates": [
          [
            [
              -2.1930864,
              51.7850174
            ],
            [
              -2.1931778,
              51.7850689
            ],
            [
              -2.1931945,
              51.7850586
            ],
            [
              -2.1932074,
              51.7850664
            ],
            [
              -2.1932548,
              51.7850328
            ],
            [
              -2.1932415,
              51.7850237
            ],
            [
              -2.1933734,
              51.7849309
            ],
            [
              -2.1934409,
              51.7849676
            ],
            [
              -2.1934874,
              51.7849349
            ],
            [
              -2.1933226,
              51.7848453
            ],
            [
              -2.1933013,
              51.7848603
            ],
            [
              -2.193234,
              51.7848237
            ],
            [
              -2.193008,
              51.7849828
            ],
            [
              -2.1930011,
              51.7849914
            ],
            [
              -2.1930005,
              51.7850009
            ],
            [
              -2.1930047,
              51.78501
            ],
            [
              -2.1930154,
              51.7850181
            ],
            [
              -2.1930298,
              51.7850241
            ],
            [
              -2.1930475,
              51.7850264
            ],
            [
              -2.1930618,
              51.7850255
            ],
            [
              -2.193078,
              51.7850209
            ],
            [
              -2.1930864,
              51.7850174
            ]
          ]
        ]
      },
      "id": "way/207374654"
    },
    {
      "type": "Feature",
      "properties": {
        "@id": "way/207374655",
        "building": "residential"
      },
      "geometry": {
        "type": "Polygon",
        "coordinates": [
          [
            [
              -2.1928833,
              51.785532
            ],
            [
              -2.1929357,
              51.7855059
            ],
            [
              -2.1928586,
              51.7854466
            ],
            [
              -2.1928061,
              51.7854727
            ],
            [
              -2.1928833,
              51.785532
            ]
          ]
        ]
      },
      "id": "way/207374655"
    },
    {
      "type": "Feature",
      "properties": {
        "@id": "way/207374656",
        "building": "residential"
      },
      "geometry": {
        "type": "Polygon",
        "coordinates": [
          [
            [
              -2.1927066,
              51.7851315
            ],
            [
              -2.1927901,
              51.7850162
            ],
            [
              -2.1927193,
              51.7849965
            ],
            [
              -2.1926358,
              51.7851118
            ],
            [
              -2.1927066,
              51.7851315
            ]
          ]
        ]
      },
      "id": "way/207374656"
    },
    {
      "type": "Feature",
      "properties": {
        "@id": "way/207374657",
        "building": "residential"
      },
      "geometry": {
        "type": "Polygon",
        "coordinates": [
          [
            [
              -2.1929473,
              51.7852453
            ],
            [
              -2.1930111,
              51.7852061
            ],
            [
              -2.193052,
              51.7852316
            ],
            [
              -2.1931455,
              51.7851741
            ],
            [
              -2.1930434,
              51.7851106
            ],
            [
              -2.1928862,
              51.7852072
            ],
            [
              -2.1929473,
              51.7852453
            ]
          ]
        ]
      },
      "id": "way/207374657"
    },
    {
      "type": "Feature",
      "properties": {
        "@id": "way/207374658",
        "building": "residential"
      },
      "geometry": {
        "type": "Polygon",
        "coordinates": [
          [
            [
              -2.1926227,
              51.7849862
            ],
            [
              -2.1926452,
              51.7849588
            ],
            [
              -2.1927203,
              51.7849823
            ],
            [
              -2.192762,
              51.7849313
            ],
            [
              -2.1926255,
              51.7848886
            ],
            [
              -2.1925613,
              51.784967
            ],
            [
              -2.1926227,
              51.7849862
            ]
          ]
        ]
      },
      "id": "way/207374658"
    },
    {
      "type": "Feature",
      "properties": {
        "@id": "way/207374659",
        "building": "residential"
      },
      "geometry": {
        "type": "Polygon",
        "coordinates": [
          [
            [
              -2.1922506,
              51.7849008
            ],
            [
              -2.192284,
              51.7848656
            ],
            [
              -2.1921934,
              51.7848328
            ],
            [
              -2.1922521,
              51.7847709
            ],
            [
              -2.1921536,
              51.7847352
            ],
            [
              -2.1920616,
              51.7848324
            ],
            [
              -2.1922506,
              51.7849008
            ]
          ]
        ]
      },
      "id": "way/207374659"
    },
    {
      "type": "Feature",
      "properties": {
        "@id": "way/207375400",
        "amenity": "public_building",
        "building": "yes",
        "name": "Town Hall",
        "wikidata": "Q26383878"
      },
      "geometry": {
        "type": "Polygon",
        "coordinates": [
          [
            [
              -2.1948572,
              51.7860387
            ],
            [
              -2.1947037,
              51.7859467
            ],
            [
              -2.1946942,
              51.7859404
            ],
            [
              -2.1946868,
              51.7859366
            ],
            [
              -2.1944889,
              51.7860255
            ],
            [
              -2.1945937,
              51.786086
            ],
            [
              -2.1945765,
              51.786094
            ],
            [
              -2.1946323,
              51.7861292
            ],
            [
              -2.1947404,
              51.7860698
            ],
            [
              -2.1947854,
              51.7860928
            ],
            [
              -2.1948572,
              51.7860387
            ]
          ]
        ]
      },
      "id": "way/207375400"
    },
    {
      "type": "Feature",
      "properties": {
        "@id": "way/207375401",
        "building": "residential"
      },
      "geometry": {
        "type": "Polygon",
        "coordinates": [
          [
            [
              -2.1928658,
              51.7849194
            ],
            [
              -2.1929012,
              51.7848558
            ],
            [
              -2.1928479,
              51.7848444
            ],
            [
              -2.1928125,
              51.784908
            ],
            [
              -2.1928658,
              51.7849194
            ]
          ]
        ]
      },
      "id": "way/207375401"
    },
    {
      "type": "Feature",
      "properties": {
        "@id": "way/207375402",
        "building": "residential"
      },
      "geometry": {
        "type": "Polygon",
        "coordinates": [
          [
            [
              -2.1924793,
              51.7847974
            ],
            [
              -2.1925755,
              51.7846927
            ],
            [
              -2.192521,
              51.7846735
            ],
            [
              -2.1924248,
              51.7847782
            ],
            [
              -2.1924793,
              51.7847974
            ]
          ]
        ]
      },
      "id": "way/207375402"
    },
    {
      "type": "Feature",
      "properties": {
        "@id": "way/207653647",
        "building": "residential"
      },
      "geometry": {
        "type": "Polygon",
        "coordinates": [
          [
            [
              -2.1939403,
              51.7896497
            ],
            [
              -2.1938807,
              51.7896142
            ],
            [
              -2.1936454,
              51.7897656
            ],
            [
              -2.193705,
              51.7898011
            ],
            [
              -2.1939403,
              51.7896497
            ]
          ]
        ]
      },
      "id": "way/207653647"
    },
    {
      "type": "Feature",
      "properties": {
        "@id": "way/207860388",
        "addr:city": "Painswick",
        "addr:postcode": "GL6 6XX",
        "addr:street": "Tibbiwell Lane",
        "building": "yes",
        "email": "info@arc.club",
        "guest_house": "guest_house",
        "name": "ARC Painswick",
        "phone": "+447595044168",
        "tourism": "guest_house",
        "website": "https://arc.club/"
      },
      "geometry": {
        "type": "Polygon",
        "coordinates": [
          [
            [
              -2.1934269,
              51.785818
            ],
            [
              -2.1933733,
              51.7857626
            ],
            [
              -2.1933301,
              51.7857147
            ],
            [
              -2.1932245,
              51.7857441
            ],
            [
              -2.1932437,
              51.7857783
            ],
            [
              -2.1932579,
              51.7857757
            ],
            [
              -2.193297,
              51.785817
            ],
            [
              -2.1932123,
              51.7858656
            ],
            [
              -2.1932684,
              51.7859033
            ],
            [
              -2.1934269,
              51.785818
            ]
          ]
        ]
      },
      "id": "way/207860388"
    },
    {
      "type": "Feature",
      "properties": {
        "@id": "way/207860389",
        "addr:city": "Stroud",
        "addr:country": "GB",
        "addr:postcode": "GL6 6QG",
        "addr:street": "Saint Mary Street",
        "addr:town": "Painswick",
        "brand:wikidata": "Q4896532",
        "building": "yes",
        "fhrs:id": "154472",
        "name": "Best-One",
        "shop": "convenience"
      },
      "geometry": {
        "type": "Polygon",
        "coordinates": [
          [
            [
              -2.1929911,
              51.7861232
            ],
            [
              -2.1931577,
              51.786076
            ],
            [
              -2.1931203,
              51.7860236
            ],
            [
              -2.1929494,
              51.7860719
            ],
            [
              -2.1929911,
              51.7861232
            ]
          ]
        ]
      },
      "id": "way/207860389"
    },
    {
      "type": "Feature",
      "properties": {
        "@id": "way/207860390",
        "building": "residential"
      },
      "geometry": {
        "type": "Polygon",
        "coordinates": [
          [
            [
              -2.1933939,
              51.7860592
            ],
            [
              -2.1934623,
              51.7859879
            ],
            [
              -2.1933577,
              51.7859472
            ],
            [
              -2.1933361,
              51.7859782
            ],
            [
              -2.1932475,
              51.7860105
            ],
            [
              -2.1932771,
              51.7860437
            ],
            [
              -2.1933161,
              51.786031
            ],
            [
              -2.1933939,
              51.7860592
            ]
          ]
        ]
      },
      "id": "way/207860390"
    },
    {
      "type": "Feature",
      "properties": {
        "@id": "way/207860391",
        "addr:city": "Stroud",
        "addr:country": "GB",
        "addr:postcode": "GL6 6QG",
        "addr:street": "Saint Mary Street",
        "addr:town": "Painswick",
        "amenity": "pub",
        "brewery": "yes",
        "building": "yes",
        "email": "info@theoakpainswick.co.uk",
        "fhrs:id": "1003021",
        "indoor_seating": "yes",
        "internet_access": "wlan",
        "internet_access:fee": "customers",
        "internet_access:ssid": "Oak Guest",
        "listed_status": "Grade II",
        "name": "The Oak",
        "opening_hours": "We-Su 11:00-24:00+",
        "outdoor_seating": "yes",
        "payment:cash": "yes",
        "payment:credit_cards": "yes",
        "payment:debit_cards": "yes",
        "phone": "+44 1452 813129",
        "smoking": "outside",
        "website": "https://www.facebook.com/theoakpainswick/",
        "wikidata": "Q26383260"
      },
      "geometry": {
        "type": "Polygon",
        "coordinates": [
          [
            [
              -2.1929576,
              51.7860216
            ],
            [
              -2.1931376,
              51.7859782
            ],
            [
              -2.1932684,
              51.7859033
            ],
            [
              -2.1932123,
              51.7858656
            ],
            [
              -2.1931283,
              51.7859116
            ],
            [
              -2.1930961,
              51.785929
            ],
            [
              -2.1929379,
              51.7859684
            ],
            [
              -2.1929576,
              51.7860216
            ]
          ]
        ]
      },
      "id": "way/207860391"
    },
    {
      "type": "Feature",
      "properties": {
        "@id": "way/207861730",
        "addr:city": "Stroud",
        "addr:postcode": "GL6 6QQ",
        "addr:street": "Bisley Street",
        "addr:suburb": "Painswick",
        "amenity": "arts_centre",
        "building": "yes",
        "name": "Painswick Centre",
        "website": "https://www.painswickcentre.com/"
      },
      "geometry": {
        "type": "Polygon",
        "coordinates": [
          [
            [
              -2.1925745,
              51.7863247
            ],
            [
              -2.1925862,
              51.7863318
            ],
            [
              -2.1926657,
              51.7862965
            ],
            [
              -2.192634,
              51.7862655
            ],
            [
              -2.1925845,
              51.7862172
            ],
            [
              -2.1925678,
              51.7862011
            ],
            [
              -2.1924967,
              51.7862318
            ],
            [
              -2.1924392,
              51.7862753
            ],
            [
              -2.1924057,
              51.7863007
            ],
            [
              -2.1922097,
              51.7864838
            ],
            [
              -2.1921369,
              51.7864532
            ],
            [
              -2.1921165,
              51.7864703
            ],
            [
              -2.1920803,
              51.7864532
            ],
            [
              -2.1920439,
              51.7864821
            ],
            [
              -2.1923802,
              51.7866339
            ],
            [
              -2.1924203,
              51.7865952
            ],
            [
              -2.1923282,
              51.7865528
            ],
            [
              -2.1924356,
              51.7864534
            ],
            [
              -2.1925012,
              51.7864857
            ],
            [
              -2.192579,
              51.7864182
            ],
            [
              -2.192512,
              51.7863885
            ],
            [
              -2.1925745,
              51.7863247
            ]
          ]
        ]
      },
      "id": "way/207861730"
    },
    {
      "type": "Feature",
      "properties": {
        "@id": "way/207871863",
        "historic": "memorial",
        "memorial": "war_memorial"
      },
      "geometry": {
        "type": "Polygon",
        "coordinates": [
          [
            [
              -2.1950598,
              51.785861
            ],
            [
              -2.1950327,
              51.785844
            ],
            [
              -2.1950123,
              51.7858564
            ],
            [
              -2.1950394,
              51.7858734
            ],
            [
              -2.1950598,
              51.785861
            ]
          ]
        ]
      },
      "id": "way/207871863"
    },
    {
      "type": "Feature",
      "properties": {
        "@id": "way/207930151",
        "building": "residential"
      },
      "geometry": {
        "type": "Polygon",
        "coordinates": [
          [
            [
              -2.1934314,
              51.7860928
            ],
            [
              -2.1933536,
              51.7860742
            ],
            [
              -2.193325,
              51.7861082
            ],
            [
              -2.1933422,
              51.7861132
            ],
            [
              -2.1933111,
              51.7861591
            ],
            [
              -2.1933798,
              51.7861841
            ],
            [
              -2.1934314,
              51.7860928
            ]
          ]
        ]
      },
      "id": "way/207930151"
    },
    {
      "type": "Feature",
      "properties": {
        "@id": "way/207930152",
        "building": "residential"
      },
      "geometry": {
        "type": "Polygon",
        "coordinates": [
          [
            [
              -2.1928826,
              51.7862101
            ],
            [
              -2.1929242,
              51.7862497
            ],
            [
              -2.1929383,
              51.7862427
            ],
            [
              -2.1930211,
              51.7862028
            ],
            [
              -2.1929835,
              51.7861683
            ],
            [
              -2.1928826,
              51.7862101
            ]
          ]
        ]
      },
      "id": "way/207930152"
    },
    {
      "type": "Feature",
      "properties": {
        "@id": "way/207930153",
        "building": "residential"
      },
      "geometry": {
        "type": "Polygon",
        "coordinates": [
          [
            [
              -2.1925248,
              51.7859771
            ],
            [
              -2.1925869,
              51.785971
            ],
            [
              -2.1925764,
              51.7859104
            ],
            [
              -2.1925704,
              51.7858883
            ],
            [
              -2.1925041,
              51.7858971
            ],
            [
              -2.1925056,
              51.7859038
            ],
            [
              -2.1925208,
              51.7859613
            ],
            [
              -2.1925248,
              51.7859771
            ]
          ]
        ]
      },
      "id": "way/207930153"
    },
    {
      "type": "Feature",
      "properties": {
        "@id": "way/207930154",
        "addr:housename": "St Peter's Cottage",
        "building": "residential",
        "wikidata": "Q26624705"
      },
      "geometry": {
        "type": "Polygon",
        "coordinates": [
          [
            [
              -2.1927273,
              51.7859533
            ],
            [
              -2.1927598,
              51.7859496
            ],
            [
              -2.1927613,
              51.7859547
            ],
            [
              -2.1927957,
              51.7859508
            ],
            [
              -2.1927928,
              51.7859411
            ],
            [
              -2.1928069,
              51.7859395
            ],
            [
              -2.1927911,
              51.7859003
            ],
            [
              -2.1927138,
              51.7859079
            ],
            [
              -2.1927273,
              51.7859533
            ]
          ]
        ]
      },
      "id": "way/207930154"
    },
    {
      "type": "Feature",
      "properties": {
        "@id": "way/207930155",
        "addr:city": "Painswick",
        "addr:housenumber": "The Old Chapel",
        "addr:postcode": "GL6 6QQ",
        "addr:street": "Bisley Street",
        "building": "yes",
        "name": "Hamptons International Sales",
        "office": "estate_agent",
        "phone": "+44 1452899933",
        "website": "https://www.hamptons.co.uk/forsaleoffice/Painswick/1592"
      },
      "geometry": {
        "type": "Polygon",
        "coordinates": [
          [
            [
              -2.1924712,
              51.7860882
            ],
            [
              -2.1925401,
              51.7860764
            ],
            [
              -2.1925118,
              51.7860133
            ],
            [
              -2.1924429,
              51.7860251
            ],
            [
              -2.1924712,
              51.7860882
            ]
          ]
        ]
      },
      "id": "way/207930155"
    },
    {
      "type": "Feature",
      "properties": {
        "@id": "way/207930156",
        "addr:housename": "Bentley Cottage",
        "building": "residential"
      },
      "geometry": {
        "type": "Polygon",
        "coordinates": [
          [
            [
              -2.1920179,
              51.7860684
            ],
            [
              -2.1921355,
              51.7860456
            ],
            [
              -2.1921346,
              51.7860437
            ],
            [
              -2.1921037,
              51.7859779
            ],
            [
              -2.1920592,
              51.7859014
            ],
            [
              -2.1919804,
              51.7859281
            ],
            [
              -2.1920275,
              51.7859987
            ],
            [
              -2.1919887,
              51.7860079
            ],
            [
              -2.1920179,
              51.7860684
            ]
          ]
        ]
      },
      "id": "way/207930156"
    },
    {
      "type": "Feature",
      "properties": {
        "@id": "way/207930157",
        "building": "residential"
      },
      "geometry": {
        "type": "Polygon",
        "coordinates": [
          [
            [
              -2.192971,
              51.7862758
            ],
            [
              -2.1930009,
              51.7863011
            ],
            [
              -2.1930264,
              51.786287
            ],
            [
              -2.1931003,
              51.7863255
            ],
            [
              -2.1931424,
              51.7862964
            ],
            [
              -2.1930734,
              51.7862583
            ],
            [
              -2.1930432,
              51.7862355
            ],
            [
              -2.192971,
              51.7862758
            ]
          ]
        ]
      },
      "id": "way/207930157"
    },
    {
      "type": "Feature",
      "properties": {
        "@id": "way/207930158",
        "addr:housenumber": "1",
        "building": "residential"
      },
      "geometry": {
        "type": "Polygon",
        "coordinates": [
          [
            [
              -2.1923585,
              51.7859937
            ],
            [
              -2.1925208,
              51.7859613
            ],
            [
              -2.1925056,
              51.7859038
            ],
            [
              -2.1923404,
              51.7859394
            ],
            [
              -2.1923585,
              51.7859937
            ]
          ]
        ]
      },
      "id": "way/207930158"
    },
    {
      "type": "Feature",
      "properties": {
        "@id": "way/207930159",
        "building": "residential"
      },
      "geometry": {
        "type": "Polygon",
        "coordinates": [
          [
            [
              -2.1928427,
              51.7861704
            ],
            [
              -2.1928826,
              51.7862101
            ],
            [
              -2.1929956,
              51.7861634
            ],
            [
              -2.1929883,
              51.7861559
            ],
            [
              -2.1930053,
              51.7861485
            ],
            [
              -2.1929824,
              51.7861265
            ],
            [
              -2.1929627,
              51.7861339
            ],
            [
              -2.1929541,
              51.7861256
            ],
            [
              -2.1928427,
              51.7861704
            ]
          ]
        ]
      },
      "id": "way/207930159"
    },
    {
      "type": "Feature",
      "properties": {
        "@id": "way/207930160",
        "building": "residential"
      },
      "geometry": {
        "type": "Polygon",
        "coordinates": [
          [
            [
              -2.1929383,
              51.7862427
            ],
            [
              -2.192971,
              51.7862758
            ],
            [
              -2.1930432,
              51.7862355
            ],
            [
              -2.1930139,
              51.7862065
            ],
            [
              -2.1929383,
              51.7862427
            ]
          ]
        ]
      },
      "id": "way/207930160"
    },
    {
      "type": "Feature",
      "properties": {
        "@id": "way/207930161",
        "building": "residential"
      },
      "geometry": {
        "type": "Polygon",
        "coordinates": [
          [
            [
              -2.1922051,
              51.7860282
            ],
            [
              -2.1921737,
              51.7859648
            ],
            [
              -2.1921607,
              51.7859385
            ],
            [
              -2.1920919,
              51.7859523
            ],
            [
              -2.1921346,
              51.7860437
            ],
            [
              -2.1922051,
              51.7860282
            ]
          ]
        ]
      },
      "id": "way/207930161"
    },
    {
      "type": "Feature",
      "properties": {
        "@id": "way/207930162",
        "addr:housenumber": "3",
        "building": "residential"
      },
      "geometry": {
        "type": "Polygon",
        "coordinates": [
          [
            [
              -2.1922051,
              51.7860282
            ],
            [
              -2.1923104,
              51.7860037
            ],
            [
              -2.1922875,
              51.7859398
            ],
            [
              -2.1921737,
              51.7859648
            ],
            [
              -2.1922051,
              51.7860282
            ]
          ]
        ]
      },
      "id": "way/207930162"
    },
    {
      "type": "Feature",
      "properties": {
        "@id": "way/207930163",
        "building": "residential"
      },
      "geometry": {
        "type": "Polygon",
        "coordinates": [
          [
            [
              -2.1925327,
              51.7861628
            ],
            [
              -2.192593,
              51.7861353
            ],
            [
              -2.192543,
              51.7860824
            ],
            [
              -2.1924217,
              51.7861297
            ],
            [
              -2.1924523,
              51.7861625
            ],
            [
              -2.1925102,
              51.7861403
            ],
            [
              -2.1925327,
              51.7861628
            ]
          ]
        ]
      },
      "id": "way/207930163"
    },
    {
      "type": "Feature",
      "properties": {
        "@id": "way/207930164",
        "building": "residential"
      },
      "geometry": {
        "type": "Polygon",
        "coordinates": [
          [
            [
              -2.1928427,
              51.7860353
            ],
            [
              -2.1929576,
              51.7860216
            ],
            [
              -2.1929379,
              51.7859684
            ],
            [
              -2.1929169,
              51.7859092
            ],
            [
              -2.1929083,
              51.785911
            ],
            [
              -2.1928902,
              51.7859147
            ],
            [
              -2.1928562,
              51.7858544
            ],
            [
              -2.1927798,
              51.785868
            ],
            [
              -2.1927911,
              51.7859003
            ],
            [
              -2.1928069,
              51.7859395
            ],
            [
              -2.1928427,
              51.7860353
            ]
          ]
        ]
      },
      "id": "way/207930164"
    },
    {
      "type": "Feature",
      "properties": {
        "@id": "way/207930165",
        "building": "residential"
      },
      "geometry": {
        "type": "Polygon",
        "coordinates": [
          [
            [
              -2.1928165,
              51.7861451
            ],
            [
              -2.1928427,
              51.7861704
            ],
            [
              -2.1929701,
              51.7861186
            ],
            [
              -2.1929299,
              51.7860829
            ],
            [
              -2.1928228,
              51.7861273
            ],
            [
              -2.1928165,
              51.7861451
            ]
          ]
        ]
      },
      "id": "way/207930165"
    },
    {
      "type": "Feature",
      "properties": {
        "@id": "way/207930166",
        "building": "residential"
      },
      "geometry": {
        "type": "Polygon",
        "coordinates": [
          [
            [
              -2.1923104,
              51.7860037
            ],
            [
              -2.1923585,
              51.7859937
            ],
            [
              -2.1923404,
              51.7859394
            ],
            [
              -2.1923371,
              51.7859303
            ],
            [
              -2.1922875,
              51.7859398
            ],
            [
              -2.1923104,
              51.7860037
            ]
          ]
        ]
      },
      "id": "way/207930166"
    },
    {
      "type": "Feature",
      "properties": {
        "@id": "way/207930168",
        "building": "residential"
      },
      "geometry": {
        "type": "Polygon",
        "coordinates": [
          [
            [
              -2.1932144,
              51.7863367
            ],
            [
              -2.1931424,
              51.7862964
            ],
            [
              -2.1931003,
              51.7863255
            ],
            [
              -2.1930231,
              51.7863803
            ],
            [
              -2.1930895,
              51.786423
            ],
            [
              -2.1932144,
              51.7863367
            ]
          ]
        ]
      },
      "id": "way/207930168"
    },
    {
      "type": "Feature",
      "properties": {
        "@id": "way/207930169",
        "addr:housename": "Red House",
        "building": "residential"
      },
      "geometry": {
        "type": "Polygon",
        "coordinates": [
          [
            [
              -2.1925892,
              51.7859804
            ],
            [
              -2.1927304,
              51.7859694
            ],
            [
              -2.1927273,
              51.7859533
            ],
            [
              -2.1927138,
              51.7859079
            ],
            [
              -2.1925764,
              51.7859104
            ],
            [
              -2.1925869,
              51.785971
            ],
            [
              -2.1925892,
              51.7859804
            ]
          ]
        ]
      },
      "id": "way/207930169"
    },
    {
      "type": "Feature",
      "properties": {
        "@id": "way/207930170",
        "building": "residential"
      },
      "geometry": {
        "type": "Polygon",
        "coordinates": [
          [
            [
              -2.1919238,
              51.7858907
            ],
            [
              -2.1919629,
              51.7859346
            ],
            [
              -2.1919804,
              51.7859281
            ],
            [
              -2.1920592,
              51.7859014
            ],
            [
              -2.192013,
              51.7858571
            ],
            [
              -2.1919238,
              51.7858907
            ]
          ]
        ]
      },
      "id": "way/207930170"
    },
    {
      "type": "Feature",
      "properties": {
        "@id": "way/207930562",
        "building": "pavilion",
        "roof:shape": "gabled"
      },
      "geometry": {
        "type": "Polygon",
        "coordinates": [
          [
            [
              -2.1919154,
              51.7869223
            ],
            [
              -2.1919577,
              51.7868832
            ],
            [
              -2.1917855,
              51.7868119
            ],
            [
              -2.1917432,
              51.786851
            ],
            [
              -2.1919154,
              51.7869223
            ]
          ]
        ]
      },
      "id": "way/207930562"
    },
    {
      "type": "Feature",
      "properties": {
        "@id": "way/207931027",
        "addr:housename": "Bell House",
        "building": "house"
      },
      "geometry": {
        "type": "Polygon",
        "coordinates": [
          [
            [
              -2.1937412,
              51.7864884
            ],
            [
              -2.193897,
              51.7864206
            ],
            [
              -2.1938413,
              51.7863648
            ],
            [
              -2.193686,
              51.7864341
            ],
            [
              -2.1937412,
              51.7864884
            ]
          ]
        ]
      },
      "id": "way/207931027"
    },
    {
      "type": "Feature",
      "properties": {
        "@id": "way/207931028",
        "building": "residential"
      },
      "geometry": {
        "type": "Polygon",
        "coordinates": [
          [
            [
              -2.1937801,
              51.7866341
            ],
            [
              -2.1935977,
              51.7864591
            ],
            [
              -2.1935199,
              51.7865047
            ],
            [
              -2.1937009,
              51.7866723
            ],
            [
              -2.1937801,
              51.7866341
            ]
          ]
        ]
      },
      "id": "way/207931028"
    },
    {
      "type": "Feature",
      "properties": {
        "@id": "way/208048722",
        "barrier": "hedge"
      },
      "geometry": {
        "type": "Polygon",
        "coordinates": [
          [
            [
              -2.1954044,
              51.7821947
            ],
            [
              -2.1942481,
              51.7825805
            ],
            [
              -2.1947096,
              51.7831946
            ],
            [
              -2.1951534,
              51.7830871
            ],
            [
              -2.1954229,
              51.7830219
            ],
            [
              -2.1956859,
              51.7829805
            ],
            [
              -2.1956457,
              51.7828279
            ],
            [
              -2.1959837,
              51.7827449
            ],
            [
              -2.1961285,
              51.7826752
            ],
            [
              -2.1958298,
              51.782477
            ],
            [
              -2.1954044,
              51.7821947
            ]
          ]
        ]
      },
      "id": "way/208048722"
    },
    {
      "type": "Feature",
      "properties": {
        "@id": "way/208048724",
        "landuse": "farmland"
      },
      "geometry": {
        "type": "Polygon",
        "coordinates": [
          [
            [
              -2.1961285,
              51.7826752
            ],
            [
              -2.1958298,
              51.782477
            ],
            [
              -2.1954044,
              51.7821947
            ],
            [
              -2.1942481,
              51.7825805
            ],
            [
              -2.1947096,
              51.7831946
            ],
            [
              -2.1951534,
              51.7830871
            ],
            [
              -2.1954229,
              51.7830219
            ],
            [
              -2.1956859,
              51.7829805
            ],
            [
              -2.1956457,
              51.7828279
            ],
            [
              -2.1959837,
              51.7827449
            ],
            [
              -2.1961285,
              51.7826752
            ]
          ]
        ]
      },
      "id": "way/208048724"
    },
    {
      "type": "Feature",
      "properties": {
        "@id": "way/208133679",
        "landuse": "farmyard"
      },
      "geometry": {
        "type": "Polygon",
        "coordinates": [
          [
            [
              -2.1902155,
              51.7905994
            ],
            [
              -2.1902922,
              51.7905644
            ],
            [
              -2.1903209,
              51.790408
            ],
            [
              -2.1903438,
              51.7902853
            ],
            [
              -2.1906744,
              51.7903089
            ],
            [
              -2.1906902,
              51.790251
            ],
            [
              -2.190819,
              51.7901913
            ],
            [
              -2.1909035,
              51.7901963
            ],
            [
              -2.1909201,
              51.7901146
            ],
            [
              -2.1909284,
              51.7900716
            ],
            [
              -2.1908407,
              51.7900651
            ],
            [
              -2.1908564,
              51.7899844
            ],
            [
              -2.190663,
              51.7899699
            ],
            [
              -2.1898507,
              51.7899092
            ],
            [
              -2.1886696,
              51.7897395
            ],
            [
              -2.1885161,
              51.7901275
            ],
            [
              -2.1898345,
              51.7903168
            ],
            [
              -2.1902155,
              51.7905994
            ]
          ]
        ]
      },
      "id": "way/208133679"
    },
    {
      "type": "Feature",
      "properties": {
        "@id": "way/210114611",
        "building": "residential"
      },
      "geometry": {
        "type": "Polygon",
        "coordinates": [
          [
            [
              -2.1938976,
              51.7891446
            ],
            [
              -2.1940275,
              51.7892345
            ],
            [
              -2.1939892,
              51.7892557
            ],
            [
              -2.1940162,
              51.7892744
            ],
            [
              -2.1940501,
              51.7892557
            ],
            [
              -2.1940578,
              51.789261
            ],
            [
              -2.1941094,
              51.7892325
            ],
            [
              -2.1940524,
              51.7891931
            ],
            [
              -2.1940801,
              51.7891778
            ],
            [
              -2.1939966,
              51.78912
            ],
            [
              -2.1939706,
              51.7891344
            ],
            [
              -2.1939464,
              51.7891176
            ],
            [
              -2.1938976,
              51.7891446
            ]
          ]
        ]
      },
      "id": "way/210114611"
    },
    {
      "type": "Feature",
      "properties": {
        "@id": "way/210114612",
        "building": "residential"
      },
      "geometry": {
        "type": "Polygon",
        "coordinates": [
          [
            [
              -2.1933485,
              51.7890745
            ],
            [
              -2.193251,
              51.7890295
            ],
            [
              -2.1930656,
              51.789183
            ],
            [
              -2.1931593,
              51.7892263
            ],
            [
              -2.1931923,
              51.789199
            ],
            [
              -2.1931745,
              51.7891907
            ],
            [
              -2.1932888,
              51.789096
            ],
            [
              -2.1933105,
              51.789106
            ],
            [
              -2.1933485,
              51.7890745
            ]
          ]
        ]
      },
      "id": "way/210114612"
    },
    {
      "type": "Feature",
      "properties": {
        "@id": "way/210114614",
        "building": "residential"
      },
      "geometry": {
        "type": "Polygon",
        "coordinates": [
          [
            [
              -2.1936995,
              51.7894644
            ],
            [
              -2.1937035,
              51.7893743
            ],
            [
              -2.1933744,
              51.7893697
            ],
            [
              -2.193369,
              51.7894582
            ],
            [
              -2.1934691,
              51.7894598
            ],
            [
              -2.1934702,
              51.7894355
            ],
            [
              -2.1936044,
              51.7894378
            ],
            [
              -2.1936033,
              51.7894628
            ],
            [
              -2.1936995,
              51.7894644
            ]
          ]
        ]
      },
      "id": "way/210114614"
    },
    {
      "type": "Feature",
      "properties": {
        "@id": "way/210114617",
        "building": "residential"
      },
      "geometry": {
        "type": "Polygon",
        "coordinates": [
          [
            [
              -2.1941595,
              51.7896191
            ],
            [
              -2.1942367,
              51.7896144
            ],
            [
              -2.1942314,
              51.7895813
            ],
            [
              -2.1942619,
              51.7895795
            ],
            [
              -2.1942507,
              51.7895087
            ],
            [
              -2.1942218,
              51.7895105
            ],
            [
              -2.1942179,
              51.7894858
            ],
            [
              -2.1941391,
              51.7894905
            ],
            [
              -2.1941595,
              51.7896191
            ]
          ]
        ]
      },
      "id": "way/210114617"
    },
    {
      "type": "Feature",
      "properties": {
        "@id": "way/210114619",
        "building": "garage"
      },
      "geometry": {
        "type": "Polygon",
        "coordinates": [
          [
            [
              -2.1942732,
              51.7896945
            ],
            [
              -2.1942636,
              51.7896455
            ],
            [
              -2.1941914,
              51.7896509
            ],
            [
              -2.194201,
              51.7896999
            ],
            [
              -2.1942732,
              51.7896945
            ]
          ]
        ]
      },
      "id": "way/210114619"
    },
    {
      "type": "Feature",
      "properties": {
        "@id": "way/210114621",
        "building": "residential"
      },
      "geometry": {
        "type": "Polygon",
        "coordinates": [
          [
            [
              -2.1935992,
              51.7890038
            ],
            [
              -2.1935684,
              51.7889573
            ],
            [
              -2.1935282,
              51.7889675
            ],
            [
              -2.1935192,
              51.7889538
            ],
            [
              -2.193311,
              51.7890067
            ],
            [
              -2.1933523,
              51.789069
            ],
            [
              -2.1933674,
              51.7890651
            ],
            [
              -2.1933773,
              51.7890801
            ],
            [
              -2.1934246,
              51.7890681
            ],
            [
              -2.1934133,
              51.789051
            ],
            [
              -2.1935992,
              51.7890038
            ]
          ]
        ]
      },
      "id": "way/210114621"
    },
    {
      "type": "Feature",
      "properties": {
        "@id": "way/210114623",
        "building": "residential"
      },
      "geometry": {
        "type": "Polygon",
        "coordinates": [
          [
            [
              -2.19414,
              51.7894287
            ],
            [
              -2.1942079,
              51.7894128
            ],
            [
              -2.1941866,
              51.7893781
            ],
            [
              -2.1942196,
              51.7893704
            ],
            [
              -2.1941807,
              51.789307
            ],
            [
              -2.1941517,
              51.7893147
            ],
            [
              -2.1941146,
              51.7892595
            ],
            [
              -2.1940469,
              51.7892788
            ],
            [
              -2.1940673,
              51.7893112
            ],
            [
              -2.1940215,
              51.789325
            ],
            [
              -2.1940547,
              51.7893764
            ],
            [
              -2.1941011,
              51.7893655
            ],
            [
              -2.19414,
              51.7894287
            ]
          ]
        ]
      },
      "id": "way/210114623"
    },
    {
      "type": "Feature",
      "properties": {
        "@id": "way/210114626",
        "addr:postcode": "GL6 6QY",
        "building": "residential"
      },
      "geometry": {
        "type": "Polygon",
        "coordinates": [
          [
            [
              -2.1930347,
              51.7893902
            ],
            [
              -2.1931656,
              51.7892837
            ],
            [
              -2.1931066,
              51.7892569
            ],
            [
              -2.1930803,
              51.78928
            ],
            [
              -2.1930589,
              51.78927
            ],
            [
              -2.1929839,
              51.7893313
            ],
            [
              -2.1930038,
              51.7893406
            ],
            [
              -2.1929765,
              51.789363
            ],
            [
              -2.1930347,
              51.7893902
            ]
          ]
        ]
      },
      "id": "way/210114626"
    },
    {
      "type": "Feature",
      "properties": {
        "@id": "way/210114628",
        "addr:postcode": "GL6 6QZ",
        "building": "residential"
      },
      "geometry": {
        "type": "Polygon",
        "coordinates": [
          [
            [
              -2.1938393,
              51.7891057
            ],
            [
              -2.1938763,
              51.7890672
            ],
            [
              -2.1938425,
              51.7890548
            ],
            [
              -2.1938607,
              51.7890358
            ],
            [
              -2.1937543,
              51.7889967
            ],
            [
              -2.1937373,
              51.7890144
            ],
            [
              -2.1937046,
              51.7890024
            ],
            [
              -2.1936664,
              51.7890422
            ],
            [
              -2.1938393,
              51.7891057
            ]
          ]
        ]
      },
      "id": "way/210114628"
    },
    {
      "type": "Feature",
      "properties": {
        "@id": "way/210845751",
        "building": "residential"
      },
      "geometry": {
        "type": "Polygon",
        "coordinates": [
          [
            [
              -2.1931783,
              51.7896212
            ],
            [
              -2.1932041,
              51.7895542
            ],
            [
              -2.1931223,
              51.7895422
            ],
            [
              -2.1931101,
              51.7895738
            ],
            [
              -2.193001,
              51.7895577
            ],
            [
              -2.1929087,
              51.7897972
            ],
            [
              -2.1929955,
              51.78981
            ],
            [
              -2.1930742,
              51.7896059
            ],
            [
              -2.1931783,
              51.7896212
            ]
          ]
        ]
      },
      "id": "way/210845751"
    },
    {
      "type": "Feature",
      "properties": {
        "@id": "way/210845754",
        "building": "residential"
      },
      "geometry": {
        "type": "Polygon",
        "coordinates": [
          [
            [
              -2.1926104,
              51.7897787
            ],
            [
              -2.1926486,
              51.7896369
            ],
            [
              -2.192559,
              51.7896277
            ],
            [
              -2.1925208,
              51.7897695
            ],
            [
              -2.1926104,
              51.7897787
            ]
          ]
        ]
      },
      "id": "way/210845754"
    },
    {
      "type": "Feature",
      "properties": {
        "@id": "way/210845755",
        "building": "residential"
      },
      "geometry": {
        "type": "Polygon",
        "coordinates": [
          [
            [
              -2.1920737,
              51.7897381
            ],
            [
              -2.1922592,
              51.7895239
            ],
            [
              -2.1921831,
              51.7894988
            ],
            [
              -2.1919977,
              51.789713
            ],
            [
              -2.1920737,
              51.7897381
            ]
          ]
        ]
      },
      "id": "way/210845755"
    },
    {
      "type": "Feature",
      "properties": {
        "@id": "way/210845757",
        "building": "residential"
      },
      "geometry": {
        "type": "Polygon",
        "coordinates": [
          [
            [
              -2.1925819,
              51.7894768
            ],
            [
              -2.1925851,
              51.7894227
            ],
            [
              -2.192317,
              51.7894167
            ],
            [
              -2.1923138,
              51.7894708
            ],
            [
              -2.1925819,
              51.7894768
            ]
          ]
        ]
      },
      "id": "way/210845757"
    },
    {
      "type": "Feature",
      "properties": {
        "@id": "way/210845762",
        "building": "residential"
      },
      "geometry": {
        "type": "Polygon",
        "coordinates": [
          [
            [
              -2.1926978,
              51.7891718
            ],
            [
              -2.1928185,
              51.7890881
            ],
            [
              -2.1927659,
              51.7890577
            ],
            [
              -2.1927086,
              51.789098
            ],
            [
              -2.1926087,
              51.7890414
            ],
            [
              -2.1926814,
              51.7889889
            ],
            [
              -2.1926036,
              51.7889474
            ],
            [
              -2.1924792,
              51.7890391
            ],
            [
              -2.1924993,
              51.7890516
            ],
            [
              -2.19249,
              51.7890582
            ],
            [
              -2.1926978,
              51.7891718
            ]
          ]
        ]
      },
      "id": "way/210845762"
    },
    {
      "type": "Feature",
      "properties": {
        "@id": "way/210845764",
        "building": "residential"
      },
      "geometry": {
        "type": "Polygon",
        "coordinates": [
          [
            [
              -2.1929059,
              51.7890265
            ],
            [
              -2.1930641,
              51.7889165
            ],
            [
              -2.1929967,
              51.7888795
            ],
            [
              -2.1928386,
              51.7889895
            ],
            [
              -2.1929059,
              51.7890265
            ]
          ]
        ]
      },
      "id": "way/210845764"
    },
    {
      "type": "Feature",
      "properties": {
        "@id": "way/217796023",
        "building": "residential"
      },
      "geometry": {
        "type": "Polygon",
        "coordinates": [
          [
            [
              -2.1920892,
              51.7880929
            ],
            [
              -2.1921159,
              51.7880702
            ],
            [
              -2.1921576,
              51.7880904
            ],
            [
              -2.1921992,
              51.7880593
            ],
            [
              -2.1921288,
              51.7880253
            ],
            [
              -2.1922314,
              51.7879419
            ],
            [
              -2.1921777,
              51.7879154
            ],
            [
              -2.1920007,
              51.7880502
            ],
            [
              -2.1920362,
              51.7880676
            ],
            [
              -2.1920281,
              51.7880747
            ],
            [
              -2.1920597,
              51.7880904
            ],
            [
              -2.1920698,
              51.7880833
            ],
            [
              -2.1920892,
              51.7880929
            ]
          ]
        ]
      },
      "id": "way/217796023"
    },
    {
      "type": "Feature",
      "properties": {
        "@id": "way/217796715",
        "building": "residential"
      },
      "geometry": {
        "type": "Polygon",
        "coordinates": [
          [
            [
              -2.1924071,
              51.7879908
            ],
            [
              -2.192446,
              51.7879606
            ],
            [
              -2.1923588,
              51.7879178
            ],
            [
              -2.1924618,
              51.7878361
            ],
            [
              -2.19238,
              51.7877964
            ],
            [
              -2.1922743,
              51.787883
            ],
            [
              -2.1922978,
              51.7878942
            ],
            [
              -2.1922642,
              51.7879208
            ],
            [
              -2.1923239,
              51.787951
            ],
            [
              -2.1924071,
              51.7879908
            ]
          ]
        ]
      },
      "id": "way/217796715"
    },
    {
      "type": "Feature",
      "properties": {
        "@id": "way/217796717",
        "building": "residential"
      },
      "geometry": {
        "type": "Polygon",
        "coordinates": [
          [
            [
              -2.1923741,
              51.78773
            ],
            [
              -2.1924449,
              51.7877442
            ],
            [
              -2.1924693,
              51.7876978
            ],
            [
              -2.1924813,
              51.7877002
            ],
            [
              -2.1925114,
              51.7876428
            ],
            [
              -2.1925523,
              51.787651
            ],
            [
              -2.1925806,
              51.7875971
            ],
            [
              -2.1924562,
              51.7875721
            ],
            [
              -2.1924297,
              51.7876227
            ],
            [
              -2.1923973,
              51.7876162
            ],
            [
              -2.1923669,
              51.7876741
            ],
            [
              -2.1924,
              51.7876808
            ],
            [
              -2.1923741,
              51.78773
            ]
          ]
        ]
      },
      "id": "way/217796717"
    },
    {
      "type": "Feature",
      "properties": {
        "@id": "way/217797709",
        "building": "residential"
      },
      "geometry": {
        "type": "Polygon",
        "coordinates": [
          [
            [
              -2.1916727,
              51.7895462
            ],
            [
              -2.1915975,
              51.7895214
            ],
            [
              -2.1915917,
              51.7895193
            ],
            [
              -2.1915179,
              51.789606
            ],
            [
              -2.1916005,
              51.7896328
            ],
            [
              -2.1916727,
              51.7895462
            ]
          ]
        ]
      },
      "id": "way/217797709"
    },
    {
      "type": "Feature",
      "properties": {
        "@id": "way/217797710",
        "building": "residential"
      },
      "geometry": {
        "type": "Polygon",
        "coordinates": [
          [
            [
              -2.1918902,
              51.7893063
            ],
            [
              -2.192097,
              51.7890897
            ],
            [
              -2.1920169,
              51.7890605
            ],
            [
              -2.1918404,
              51.7892454
            ],
            [
              -2.1918,
              51.7892306
            ],
            [
              -2.1917767,
              51.7892551
            ],
            [
              -2.191817,
              51.7892699
            ],
            [
              -2.1918101,
              51.7892771
            ],
            [
              -2.1918902,
              51.7893063
            ]
          ]
        ]
      },
      "id": "way/217797710"
    },
    {
      "type": "Feature",
      "properties": {
        "@id": "way/217797712",
        "building": "residential"
      },
      "geometry": {
        "type": "Polygon",
        "coordinates": [
          [
            [
              -2.1920704,
              51.7889041
            ],
            [
              -2.1921239,
              51.7888053
            ],
            [
              -2.1920567,
              51.7887914
            ],
            [
              -2.1920031,
              51.7888902
            ],
            [
              -2.1920704,
              51.7889041
            ]
          ]
        ]
      },
      "id": "way/217797712"
    },
    {
      "type": "Feature",
      "properties": {
        "@id": "way/217797714",
        "building": "residential"
      },
      "geometry": {
        "type": "Polygon",
        "coordinates": [
          [
            [
              -2.1927988,
              51.7875154
            ],
            [
              -2.1928324,
              51.7874344
            ],
            [
              -2.1927067,
              51.7874145
            ],
            [
              -2.1926732,
              51.7874956
            ],
            [
              -2.1927988,
              51.7875154
            ]
          ]
        ]
      },
      "id": "way/217797714"
    },
    {
      "type": "Feature",
      "properties": {
        "@id": "way/217797715",
        "building": "residential"
      },
      "geometry": {
        "type": "Polygon",
        "coordinates": [
          [
            [
              -2.1916847,
              51.7894161
            ],
            [
              -2.1915975,
              51.7895214
            ],
            [
              -2.1916835,
              51.7895499
            ],
            [
              -2.1917719,
              51.789444
            ],
            [
              -2.1916847,
              51.7894161
            ]
          ]
        ]
      },
      "id": "way/217797715"
    },
    {
      "type": "Feature",
      "properties": {
        "@id": "way/217797716",
        "building": "residential"
      },
      "geometry": {
        "type": "Polygon",
        "coordinates": [
          [
            [
              -2.1921336,
              51.7889813
            ],
            [
              -2.1921603,
              51.7889288
            ],
            [
              -2.192193,
              51.7889351
            ],
            [
              -2.1922105,
              51.7889007
            ],
            [
              -2.1920966,
              51.7888785
            ],
            [
              -2.1920787,
              51.7889137
            ],
            [
              -2.1921119,
              51.7889202
            ],
            [
              -2.1920856,
              51.7889719
            ],
            [
              -2.1921336,
              51.7889813
            ]
          ]
        ]
      },
      "id": "way/217797716"
    },
    {
      "type": "Feature",
      "properties": {
        "@id": "way/217797717",
        "building": "residential"
      },
      "geometry": {
        "type": "Polygon",
        "coordinates": [
          [
            [
              -2.1915286,
              51.7896095
            ],
            [
              -2.1914662,
              51.7896828
            ],
            [
              -2.1915499,
              51.7897089
            ],
            [
              -2.1916098,
              51.7896357
            ],
            [
              -2.1916005,
              51.7896328
            ],
            [
              -2.1915286,
              51.7896095
            ]
          ]
        ]
      },
      "id": "way/217797717"
    },
    {
      "type": "Feature",
      "properties": {
        "@id": "way/217797718",
        "building": "residential"
      },
      "geometry": {
        "type": "Polygon",
        "coordinates": [
          [
            [
              -2.1915229,
              51.7897457
            ],
            [
              -2.191427,
              51.789717
            ],
            [
              -2.1913956,
              51.789757
            ],
            [
              -2.1914192,
              51.7897641
            ],
            [
              -2.1913912,
              51.7897997
            ],
            [
              -2.1914562,
              51.7898192
            ],
            [
              -2.1914851,
              51.7897823
            ],
            [
              -2.1914925,
              51.7897845
            ],
            [
              -2.1915229,
              51.7897457
            ]
          ]
        ]
      },
      "id": "way/217797718"
    },
    {
      "type": "Feature",
      "properties": {
        "@id": "way/217797873",
        "building": "yes"
      },
      "geometry": {
        "type": "Polygon",
        "coordinates": [
          [
            [
              -2.1922213,
              51.7886654
            ],
            [
              -2.1922769,
              51.7885697
            ],
            [
              -2.1920903,
              51.7885282
            ],
            [
              -2.1920347,
              51.7886239
            ],
            [
              -2.1922213,
              51.7886654
            ]
          ]
        ]
      },
      "id": "way/217797873"
    },
    {
      "type": "Feature",
      "properties": {
        "@id": "way/220845759",
        "building": "house"
      },
      "geometry": {
        "type": "Polygon",
        "coordinates": [
          [
            [
              -2.1932056,
              51.7869894
            ],
            [
              -2.1931331,
              51.786929
            ],
            [
              -2.1929588,
              51.7870091
            ],
            [
              -2.1930313,
              51.7870695
            ],
            [
              -2.1932056,
              51.7869894
            ]
          ]
        ]
      },
      "id": "way/220845759"
    },
    {
      "type": "Feature",
      "properties": {
        "@id": "way/226741239",
        "addr:housenumber": "2",
        "addr:street": "The Croft",
        "building": "residential"
      },
      "geometry": {
        "type": "Polygon",
        "coordinates": [
          [
            [
              -2.1964862,
              51.7883379
            ],
            [
              -2.196486,
              51.7882513
            ],
            [
              -2.1963423,
              51.7882514
            ],
            [
              -2.1963425,
              51.788338
            ],
            [
              -2.1964862,
              51.7883379
            ]
          ]
        ]
      },
      "id": "way/226741239"
    },
    {
      "type": "Feature",
      "properties": {
        "@id": "way/226741240",
        "addr:housenumber": "1",
        "addr:street": "The Croft",
        "building": "residential"
      },
      "geometry": {
        "type": "Polygon",
        "coordinates": [
          [
            [
              -2.1965567,
              51.7882306
            ],
            [
              -2.1965563,
              51.7881498
            ],
            [
              -2.1963958,
              51.7881501
            ],
            [
              -2.1963963,
              51.7882309
            ],
            [
              -2.1965567,
              51.7882306
            ]
          ]
        ]
      },
      "id": "way/226741240"
    },
    {
      "type": "Feature",
      "properties": {
        "@id": "way/226741508",
        "addr:housenumber": "3",
        "addr:street": "The Croft",
        "building": "residential"
      },
      "geometry": {
        "type": "Polygon",
        "coordinates": [
          [
            [
              -2.1965178,
              51.7884453
            ],
            [
              -2.1965172,
              51.7883677
            ],
            [
              -2.1963475,
              51.7883681
            ],
            [
              -2.1963481,
              51.7884458
            ],
            [
              -2.1965178,
              51.7884453
            ]
          ]
        ]
      },
      "id": "way/226741508"
    },
    {
      "type": "Feature",
      "properties": {
        "@id": "way/226741509",
        "addr:housenumber": "4",
        "addr:street": "The Croft",
        "building": "residential"
      },
      "geometry": {
        "type": "Polygon",
        "coordinates": [
          [
            [
              -2.1964614,
              51.7885556
            ],
            [
              -2.1964624,
              51.7884728
            ],
            [
              -2.1963253,
              51.7884722
            ],
            [
              -2.1963243,
              51.788555
            ],
            [
              -2.1964614,
              51.7885556
            ]
          ]
        ]
      },
      "id": "way/226741509"
    },
    {
      "type": "Feature",
      "properties": {
        "@id": "way/226741510",
        "addr:housenumber": "5",
        "addr:street": "The Croft",
        "building": "residential"
      },
      "geometry": {
        "type": "Polygon",
        "coordinates": [
          [
            [
              -2.1964454,
              51.7886643
            ],
            [
              -2.1964454,
              51.7885838
            ],
            [
              -2.1963086,
              51.788583
            ],
            [
              -2.1963112,
              51.7886643
            ],
            [
              -2.1964454,
              51.7886643
            ]
          ]
        ]
      },
      "id": "way/226741510"
    },
    {
      "type": "Feature",
      "properties": {
        "@id": "way/226741511",
        "addr:housenumber": "6",
        "addr:postcode": "GL6 6QP",
        "addr:street": "The Croft",
        "building": "residential"
      },
      "geometry": {
        "type": "Polygon",
        "coordinates": [
          [
            [
              -2.1964856,
              51.7887705
            ],
            [
              -2.1964845,
              51.7886848
            ],
            [
              -2.1963535,
              51.7886854
            ],
            [
              -2.1963545,
              51.7887711
            ],
            [
              -2.1964856,
              51.7887705
            ]
          ]
        ]
      },
      "id": "way/226741511"
    },
    {
      "type": "Feature",
      "properties": {
        "@id": "way/226741512",
        "addr:housenumber": "7",
        "addr:street": "The Croft",
        "building": "residential"
      },
      "geometry": {
        "type": "Polygon",
        "coordinates": [
          [
            [
              -2.1964856,
              51.7888725
            ],
            [
              -2.1964866,
              51.7887881
            ],
            [
              -2.1963642,
              51.7887875
            ],
            [
              -2.1963632,
              51.7888719
            ],
            [
              -2.1964856,
              51.7888725
            ]
          ]
        ]
      },
      "id": "way/226741512"
    },
    {
      "type": "Feature",
      "properties": {
        "@id": "way/226741513",
        "addr:housenumber": "8",
        "addr:street": "The Croft",
        "building": "yes"
      },
      "geometry": {
        "type": "Polygon",
        "coordinates": [
          [
            [
              -2.1964936,
              51.788977
            ],
            [
              -2.196493,
              51.7888978
            ],
            [
              -2.1963595,
              51.7888982
            ],
            [
              -2.1963602,
              51.7889774
            ],
            [
              -2.1964936,
              51.788977
            ]
          ]
        ]
      },
      "id": "way/226741513"
    },
    {
      "type": "Feature",
      "properties": {
        "@id": "way/226741514",
        "addr:housenumber": "9",
        "addr:street": "The Croft",
        "building": "residential"
      },
      "geometry": {
        "type": "Polygon",
        "coordinates": [
          [
            [
              -2.1965298,
              51.7890724
            ],
            [
              -2.1965301,
              51.7890059
            ],
            [
              -2.1963857,
              51.7890056
            ],
            [
              -2.1963854,
              51.7890722
            ],
            [
              -2.1965298,
              51.7890724
            ]
          ]
        ]
      },
      "id": "way/226741514"
    },
    {
      "type": "Feature",
      "properties": {
        "@id": "way/239060502",
        "building": "yes"
      },
      "geometry": {
        "type": "Polygon",
        "coordinates": [
          [
            [
              -2.1878685,
              51.781379
            ],
            [
              -2.1876974,
              51.7813094
            ],
            [
              -2.1876337,
              51.7813692
            ],
            [
              -2.1878048,
              51.7814389
            ],
            [
              -2.1878685,
              51.781379
            ]
          ]
        ]
      },
      "id": "way/239060502"
    },
    {
      "type": "Feature",
      "properties": {
        "@id": "way/259736644",
        "natural": "wood"
      },
      "geometry": {
        "type": "Polygon",
        "coordinates": [
          [
            [
              -2.1978182,
              51.780118
            ],
            [
              -2.1978,
              51.7800208
            ],
            [
              -2.1977914,
              51.7799752
            ],
            [
              -2.196858,
              51.7801312
            ],
            [
              -2.1964503,
              51.7801113
            ],
            [
              -2.1959836,
              51.7800947
            ],
            [
              -2.1958119,
              51.7802076
            ],
            [
              -2.1955276,
              51.7802275
            ],
            [
              -2.1954847,
              51.7803901
            ],
            [
              -2.1952594,
              51.780493
            ],
            [
              -2.1949965,
              51.7805428
            ],
            [
              -2.1946639,
              51.780566
            ],
            [
              -2.1944083,
              51.7806886
            ],
            [
              -2.1943654,
              51.7805957
            ],
            [
              -2.1944995,
              51.7805393
            ],
            [
              -2.1944816,
              51.7804167
            ],
            [
              -2.19409,
              51.7802706
            ],
            [
              -2.1937646,
              51.7800481
            ],
            [
              -2.1938325,
              51.7791289
            ],
            [
              -2.1938271,
              51.7789198
            ],
            [
              -2.1937913,
              51.7788867
            ],
            [
              -2.1937305,
              51.7788304
            ],
            [
              -2.1935768,
              51.7781895
            ],
            [
              -2.1933676,
              51.77729
            ],
            [
              -2.1934427,
              51.7771307
            ],
            [
              -2.1938754,
              51.7772904
            ],
            [
              -2.1944923,
              51.7776123
            ],
            [
              -2.1950574,
              51.7779903
            ],
            [
              -2.1950663,
              51.7778812
            ],
            [
              -2.1945835,
              51.7775492
            ],
            [
              -2.194208,
              51.7770846
            ],
            [
              -2.1941221,
              51.7766896
            ],
            [
              -2.1931512,
              51.7768589
            ],
            [
              -2.1930653,
              51.7767659
            ],
            [
              -2.1931638,
              51.776374
            ],
            [
              -2.1928508,
              51.7759627
            ],
            [
              -2.1925074,
              51.7756773
            ],
            [
              -2.1925933,
              51.7754449
            ],
            [
              -2.1931941,
              51.7750997
            ],
            [
              -2.1940417,
              51.7747844
            ],
            [
              -2.1940561,
              51.7747167
            ],
            [
              -2.1940685,
              51.7746583
            ],
            [
              -2.1929205,
              51.7749835
            ],
            [
              -2.1926469,
              51.7745985
            ],
            [
              -2.1921963,
              51.7743064
            ],
            [
              -2.192461,
              51.7748272
            ],
            [
              -2.192089,
              51.7750333
            ],
            [
              -2.1918798,
              51.7750466
            ],
            [
              -2.1914346,
              51.7749835
            ],
            [
              -2.191338,
              51.7753819
            ],
            [
              -2.1908517,
              51.775189
            ],
            [
              -2.1906675,
              51.7752358
            ],
            [
              -2.1914399,
              51.7756806
            ],
            [
              -2.191279,
              51.7758831
            ],
            [
              -2.1919013,
              51.7762083
            ],
            [
              -2.1921875,
              51.7765466
            ],
            [
              -2.1927649,
              51.7770149
            ],
            [
              -2.1929581,
              51.7773236
            ],
            [
              -2.193473,
              51.7787474
            ],
            [
              -2.1933711,
              51.7788105
            ],
            [
              -2.1918933,
              51.7784846
            ],
            [
              -2.1918458,
              51.7785866
            ],
            [
              -2.1926737,
              51.7788304
            ],
            [
              -2.193457,
              51.7790061
            ],
            [
              -2.1935535,
              51.7795604
            ],
            [
              -2.1934736,
              51.7802671
            ],
            [
              -2.1932263,
              51.7805494
            ],
            [
              -2.1929117,
              51.7805559
            ],
            [
              -2.1923412,
              51.7809576
            ],
            [
              -2.1929224,
              51.7811367
            ],
            [
              -2.1933515,
              51.7810305
            ],
            [
              -2.1939985,
              51.7809206
            ],
            [
              -2.1939655,
              51.7810622
            ],
            [
              -2.1941543,
              51.7814654
            ],
            [
              -2.1933676,
              51.7817672
            ],
            [
              -2.1934266,
              51.7818436
            ],
            [
              -2.1944869,
              51.7815052
            ],
            [
              -2.1942777,
              51.7810041
            ],
            [
              -2.1944137,
              51.7809276
            ],
            [
              -2.1946283,
              51.7809077
            ],
            [
              -2.1951057,
              51.7807417
            ],
            [
              -2.1955115,
              51.7805826
            ],
            [
              -2.1956295,
              51.7806523
            ],
            [
              -2.1961177,
              51.7806423
            ],
            [
              -2.196048,
              51.7804797
            ],
            [
              -2.1978182,
              51.780118
            ]
          ]
        ]
      },
      "id": "way/259736644"
    },
    {
      "type": "Feature",
      "properties": {
        "@id": "way/261268175",
        "natural": "wood"
      },
      "geometry": {
        "type": "Polygon",
        "coordinates": [
          [
            [
              -2.1998834,
              51.7827332
            ],
            [
              -2.1988207,
              51.7828065
            ],
            [
              -2.1984694,
              51.7829127
            ],
            [
              -2.1982124,
              51.7830551
            ],
            [
              -2.1979254,
              51.7832625
            ],
            [
              -2.1974313,
              51.7837025
            ],
            [
              -2.1975601,
              51.7837258
            ],
            [
              -2.1978203,
              51.7835632
            ],
            [
              -2.1984425,
              51.7834735
            ],
            [
              -2.198852,
              51.7831377
            ],
            [
              -2.1989634,
              51.7830401
            ],
            [
              -2.1992338,
              51.7830537
            ],
            [
              -2.1997654,
              51.7829389
            ],
            [
              -2.1998834,
              51.7827332
            ]
          ]
        ]
      },
      "id": "way/261268175"
    },
    {
      "type": "Feature",
      "properties": {
        "@id": "way/261268185",
        "natural": "wood"
      },
      "geometry": {
        "type": "Polygon",
        "coordinates": [
          [
            [
              -2.2007122,
              51.7836026
            ],
            [
              -2.2008383,
              51.7835446
            ],
            [
              -2.2008297,
              51.7834337
            ],
            [
              -2.2007305,
              51.7833508
            ],
            [
              -2.2003818,
              51.7832761
            ],
            [
              -2.2002965,
              51.7833703
            ],
            [
              -2.2003764,
              51.7833823
            ],
            [
              -2.2004596,
              51.7834686
            ],
            [
              -2.2001677,
              51.7834915
            ],
            [
              -2.1995669,
              51.7834832
            ],
            [
              -2.1994865,
              51.7836491
            ],
            [
              -2.2001007,
              51.7836922
            ],
            [
              -2.2007122,
              51.7836026
            ]
          ]
        ]
      },
      "id": "way/261268185"
    },
    {
      "type": "Feature",
      "properties": {
        "@id": "way/262086471",
        "building": "yes"
      },
      "geometry": {
        "type": "Polygon",
        "coordinates": [
          [
            [
              -2.1941631,
              51.7860593
            ],
            [
              -2.1941208,
              51.7860259
            ],
            [
              -2.1940512,
              51.7860596
            ],
            [
              -2.1940089,
              51.7860262
            ],
            [
              -2.1939584,
              51.7860507
            ],
            [
              -2.194043,
              51.7861175
            ],
            [
              -2.1941631,
              51.7860593
            ]
          ]
        ]
      },
      "id": "way/262086471"
    },
    {
      "type": "Feature",
      "properties": {
        "@id": "way/262086474",
        "building": "terrace"
      },
      "geometry": {
        "type": "Polygon",
        "coordinates": [
          [
            [
              -2.1938513,
              51.7855073
            ],
            [
              -2.1938385,
              51.7854791
            ],
            [
              -2.1937601,
              51.78545
            ],
            [
              -2.1937272,
              51.785472
            ],
            [
              -2.1937759,
              51.7854991
            ],
            [
              -2.1937599,
              51.785512
            ],
            [
              -2.1937158,
              51.7854898
            ],
            [
              -2.1936856,
              51.7855118
            ],
            [
              -2.1937245,
              51.7855355
            ],
            [
              -2.1936917,
              51.7855575
            ],
            [
              -2.1937393,
              51.7855853
            ],
            [
              -2.1937969,
              51.7855529
            ],
            [
              -2.1938513,
              51.7855073
            ]
          ]
        ]
      },
      "id": "way/262086474"
    },
    {
      "type": "Feature",
      "properties": {
        "@id": "way/262086475",
        "addr:postcode": "GL6 6QB",
        "building": "yes"
      },
      "geometry": {
        "type": "Polygon",
        "coordinates": [
          [
            [
              -2.1940223,
              51.7852712
            ],
            [
              -2.1939391,
              51.7852405
            ],
            [
              -2.1937674,
              51.7854098
            ],
            [
              -2.1938586,
              51.7854421
            ],
            [
              -2.1940223,
              51.7852712
            ]
          ]
        ]
      },
      "id": "way/262086475"
    },
    {
      "type": "Feature",
      "properties": {
        "@id": "way/262086477",
        "building": "yes"
      },
      "geometry": {
        "type": "Polygon",
        "coordinates": [
          [
            [
              -2.1940432,
              51.7859103
            ],
            [
              -2.19394,
              51.7858324
            ],
            [
              -2.1938761,
              51.7858648
            ],
            [
              -2.1939793,
              51.7859427
            ],
            [
              -2.1940432,
              51.7859103
            ]
          ]
        ]
      },
      "id": "way/262086477"
    },
    {
      "type": "Feature",
      "properties": {
        "@id": "way/262086479",
        "building": "yes"
      },
      "geometry": {
        "type": "Polygon",
        "coordinates": [
          [
            [
              -2.1936857,
              51.7856185
            ],
            [
              -2.1936275,
              51.785586
            ],
            [
              -2.1935358,
              51.7856489
            ],
            [
              -2.1934696,
              51.785612
            ],
            [
              -2.1934128,
              51.785651
            ],
            [
              -2.1935371,
              51.7857204
            ],
            [
              -2.1936857,
              51.7856185
            ]
          ]
        ]
      },
      "id": "way/262086479"
    },
    {
      "type": "Feature",
      "properties": {
        "@id": "way/262086480",
        "building": "yes"
      },
      "geometry": {
        "type": "Polygon",
        "coordinates": [
          [
            [
              -2.1945563,
              51.7859878
            ],
            [
              -2.1945199,
              51.785959
            ],
            [
              -2.1941795,
              51.7861235
            ],
            [
              -2.1942159,
              51.7861524
            ],
            [
              -2.1945563,
              51.7859878
            ]
          ]
        ]
      },
      "id": "way/262086480"
    },
    {
      "type": "Feature",
      "properties": {
        "@id": "way/262086481",
        "building": "yes"
      },
      "geometry": {
        "type": "Polygon",
        "coordinates": [
          [
            [
              -2.1945563,
              51.7862966
            ],
            [
              -2.1944419,
              51.7862235
            ],
            [
              -2.1943087,
              51.7863033
            ],
            [
              -2.1944231,
              51.7863764
            ],
            [
              -2.1945563,
              51.7862966
            ]
          ]
        ]
      },
      "id": "way/262086481"
    },
    {
      "type": "Feature",
      "properties": {
        "@id": "way/262086483",
        "building": "yes"
      },
      "geometry": {
        "type": "Polygon",
        "coordinates": [
          [
            [
              -2.19482,
              51.7861489
            ],
            [
              -2.1947331,
              51.7861013
            ],
            [
              -2.1945185,
              51.7862512
            ],
            [
              -2.1946054,
              51.7862988
            ],
            [
              -2.19482,
              51.7861489
            ]
          ]
        ]
      },
      "id": "way/262086483"
    },
    {
      "type": "Feature",
      "properties": {
        "@id": "way/262086484",
        "addr:postcode": "GL6 6QA",
        "building": "yes"
      },
      "geometry": {
        "type": "Polygon",
        "coordinates": [
          [
            [
              -2.194394,
              51.7858521
            ],
            [
              -2.1943294,
              51.7858181
            ],
            [
              -2.1941049,
              51.7859816
            ],
            [
              -2.1941696,
              51.7860155
            ],
            [
              -2.194394,
              51.7858521
            ]
          ]
        ]
      },
      "id": "way/262086484"
    },
    {
      "type": "Feature",
      "properties": {
        "@id": "way/262086487",
        "building": "yes"
      },
      "geometry": {
        "type": "Polygon",
        "coordinates": [
          [
            [
              -2.1935087,
              51.7852956
            ],
            [
              -2.1934679,
              51.7852522
            ],
            [
              -2.1934191,
              51.7852698
            ],
            [
              -2.1933927,
              51.7852418
            ],
            [
              -2.193328,
              51.7852651
            ],
            [
              -2.1933952,
              51.7853365
            ],
            [
              -2.1935087,
              51.7852956
            ]
          ]
        ]
      },
      "id": "way/262086487"
    },
    {
      "type": "Feature",
      "properties": {
        "@id": "way/262086488",
        "building": "yes"
      },
      "geometry": {
        "type": "Polygon",
        "coordinates": [
          [
            [
              -2.1938787,
              51.7861638
            ],
            [
              -2.1938139,
              51.7861122
            ],
            [
              -2.1937708,
              51.7861329
            ],
            [
              -2.1938357,
              51.7861845
            ],
            [
              -2.1938787,
              51.7861638
            ]
          ]
        ]
      },
      "id": "way/262086488"
    },
    {
      "type": "Feature",
      "properties": {
        "@id": "way/262086489",
        "building": "terrace"
      },
      "geometry": {
        "type": "Polygon",
        "coordinates": [
          [
            [
              -2.1941431,
              51.7855005
            ],
            [
              -2.1940518,
              51.7854444
            ],
            [
              -2.1939018,
              51.7855379
            ],
            [
              -2.1940459,
              51.7856264
            ],
            [
              -2.1940682,
              51.7856125
            ],
            [
              -2.1940139,
              51.7855791
            ],
            [
              -2.194073,
              51.7855423
            ],
            [
              -2.1941227,
              51.7855729
            ],
            [
              -2.1941765,
              51.7855394
            ],
            [
              -2.1941282,
              51.7855098
            ],
            [
              -2.1941431,
              51.7855005
            ]
          ]
        ]
      },
      "id": "way/262086489"
    },
    {
      "type": "Feature",
      "properties": {
        "@id": "way/262086490",
        "building": "yes"
      },
      "geometry": {
        "type": "Polygon",
        "coordinates": [
          [
            [
              -2.1940656,
              51.7861519
            ],
            [
              -2.1940231,
              51.7861172
            ],
            [
              -2.1939063,
              51.7861719
            ],
            [
              -2.1939518,
              51.7862091
            ],
            [
              -2.1939998,
              51.7861866
            ],
            [
              -2.1940105,
              51.7861953
            ],
            [
              -2.1940579,
              51.7861731
            ],
            [
              -2.1940442,
              51.7861619
            ],
            [
              -2.1940656,
              51.7861519
            ]
          ]
        ]
      },
      "id": "way/262086490"
    },
    {
      "type": "Feature",
      "properties": {
        "@id": "way/262086492",
        "building": "yes"
      },
      "geometry": {
        "type": "Polygon",
        "coordinates": [
          [
            [
              -2.1935379,
              51.7851384
            ],
            [
              -2.1934751,
              51.7850894
            ],
            [
              -2.1934298,
              51.7851116
            ],
            [
              -2.1934444,
              51.785123
            ],
            [
              -2.1933845,
              51.7851523
            ],
            [
              -2.1934326,
              51.7851899
            ],
            [
              -2.1935379,
              51.7851384
            ]
          ]
        ]
      },
      "id": "way/262086492"
    },
    {
      "type": "Feature",
      "properties": {
        "@id": "way/262086494",
        "building": "yes"
      },
      "geometry": {
        "type": "Polygon",
        "coordinates": [
          [
            [
              -2.1941979,
              51.7858648
            ],
            [
              -2.1942067,
              51.7858578
            ],
            [
              -2.1941476,
              51.7858325
            ],
            [
              -2.1941369,
              51.7858399
            ],
            [
              -2.1940806,
              51.7858134
            ],
            [
              -2.1940906,
              51.7858034
            ],
            [
              -2.1940746,
              51.7857947
            ],
            [
              -2.1941228,
              51.7857454
            ],
            [
              -2.19387,
              51.7856338
            ],
            [
              -2.1938224,
              51.7856296
            ],
            [
              -2.1937507,
              51.7856628
            ],
            [
              -2.1938244,
              51.785701
            ],
            [
              -2.1938332,
              51.7856935
            ],
            [
              -2.1939626,
              51.7857445
            ],
            [
              -2.1939317,
              51.7857786
            ],
            [
              -2.1939559,
              51.7857885
            ],
            [
              -2.1939438,
              51.785803
            ],
            [
              -2.1940866,
              51.7858752
            ],
            [
              -2.1941101,
              51.7858623
            ],
            [
              -2.1941611,
              51.7858868
            ],
            [
              -2.1941979,
              51.7858648
            ]
          ]
        ]
      },
      "id": "way/262086494"
    },
    {
      "type": "Feature",
      "properties": {
        "@id": "way/262086496",
        "building": "yes"
      },
      "geometry": {
        "type": "Polygon",
        "coordinates": [
          [
            [
              -2.1937416,
              51.7855961
            ],
            [
              -2.1936085,
              51.7855098
            ],
            [
              -2.1935713,
              51.7855318
            ],
            [
              -2.1937044,
              51.785618
            ],
            [
              -2.1937416,
              51.7855961
            ]
          ]
        ]
      },
      "id": "way/262086496"
    },
    {
      "type": "Feature",
      "properties": {
        "@id": "way/262086497",
        "building": "yes"
      },
      "geometry": {
        "type": "Polygon",
        "coordinates": [
          [
            [
              -2.1944427,
              51.7864009
            ],
            [
              -2.1943829,
              51.7863686
            ],
            [
              -2.1943049,
              51.7864239
            ],
            [
              -2.1942287,
              51.7863828
            ],
            [
              -2.1941898,
              51.7864104
            ],
            [
              -2.1942067,
              51.7864195
            ],
            [
              -2.1941561,
              51.7864553
            ],
            [
              -2.1942751,
              51.7865196
            ],
            [
              -2.1944427,
              51.7864009
            ]
          ]
        ]
      },
      "id": "way/262086497"
    },
    {
      "type": "Feature",
      "properties": {
        "@id": "way/262086498",
        "building": "terrace"
      },
      "geometry": {
        "type": "Polygon",
        "coordinates": [
          [
            [
              -2.1939397,
              51.7857958
            ],
            [
              -2.1938244,
              51.785701
            ],
            [
              -2.1937507,
              51.7856628
            ],
            [
              -2.1934999,
              51.7858186
            ],
            [
              -2.1935044,
              51.7858221
            ],
            [
              -2.1936035,
              51.7859001
            ],
            [
              -2.1936162,
              51.7858928
            ],
            [
              -2.1936628,
              51.7858658
            ],
            [
              -2.1936198,
              51.7858304
            ],
            [
              -2.1937459,
              51.7857556
            ],
            [
              -2.1938593,
              51.7858369
            ],
            [
              -2.1939397,
              51.7857958
            ]
          ]
        ]
      },
      "id": "way/262086498"
    },
    {
      "type": "Feature",
      "properties": {
        "@id": "way/262086499",
        "building": "yes"
      },
      "geometry": {
        "type": "Polygon",
        "coordinates": [
          [
            [
              -2.1941743,
              51.7850915
            ],
            [
              -2.1940937,
              51.7850117
            ],
            [
              -2.1940373,
              51.7850393
            ],
            [
              -2.1940736,
              51.7850676
            ],
            [
              -2.1938364,
              51.7851837
            ],
            [
              -2.1939049,
              51.7852373
            ],
            [
              -2.1941743,
              51.7850915
            ]
          ]
        ]
      },
      "id": "way/262086499"
    },
    {
      "type": "Feature",
      "properties": {
        "@id": "way/262086500",
        "leaf_type": "broadleaved",
        "natural": "wood"
      },
      "geometry": {
        "type": "Polygon",
        "coordinates": [
          [
            [
              -2.1992579,
              51.78591
            ],
            [
              -2.1987604,
              51.7857839
            ],
            [
              -2.1986558,
              51.7859839
            ],
            [
              -2.1990635,
              51.7861009
            ],
            [
              -2.1992579,
              51.78591
            ]
          ]
        ]
      },
      "id": "way/262086500"
    },
    {
      "type": "Feature",
      "properties": {
        "@id": "way/262086501",
        "building": "yes"
      },
      "geometry": {
        "type": "Polygon",
        "coordinates": [
          [
            [
              -2.1938387,
              51.78606
            ],
            [
              -2.1938754,
              51.7860834
            ],
            [
              -2.1939414,
              51.7860439
            ],
            [
              -2.1939163,
              51.7860279
            ],
            [
              -2.1939363,
              51.7860159
            ],
            [
              -2.1938778,
              51.7859785
            ],
            [
              -2.1938944,
              51.7859685
            ],
            [
              -2.193746,
              51.7858736
            ],
            [
              -2.1936984,
              51.785902
            ],
            [
              -2.1936684,
              51.78592
            ],
            [
              -2.193683,
              51.7859294
            ],
            [
              -2.1937788,
              51.7859906
            ],
            [
              -2.1936832,
              51.7860478
            ],
            [
              -2.1937297,
              51.7860776
            ],
            [
              -2.193719,
              51.786084
            ],
            [
              -2.1937712,
              51.7861174
            ],
            [
              -2.1938071,
              51.7860959
            ],
            [
              -2.1937934,
              51.7860871
            ],
            [
              -2.1938387,
              51.78606
            ]
          ]
        ]
      },
      "id": "way/262086501"
    },
    {
      "type": "Feature",
      "properties": {
        "@id": "way/262089505",
        "natural": "wood"
      },
      "geometry": {
        "type": "Polygon",
        "coordinates": [
          [
            [
              -2.191227,
              51.7849175
            ],
            [
              -2.1904576,
              51.7844765
            ],
            [
              -2.1897227,
              51.7850207
            ],
            [
              -2.1898219,
              51.7854073
            ],
            [
              -2.1900392,
              51.7855666
            ],
            [
              -2.1902752,
              51.7855434
            ],
            [
              -2.190215,
              51.7854148
            ],
            [
              -2.191227,
              51.7849175
            ]
          ]
        ]
      },
      "id": "way/262089505"
    },
    {
      "type": "Feature",
      "properties": {
        "@id": "way/262234118",
        "building": "yes"
      },
      "geometry": {
        "type": "Polygon",
        "coordinates": [
          [
            [
              -2.1926589,
              51.7872722
            ],
            [
              -2.1926274,
              51.7872537
            ],
            [
              -2.1926634,
              51.7872302
            ],
            [
              -2.1926501,
              51.7872225
            ],
            [
              -2.1926778,
              51.7872043
            ],
            [
              -2.1926581,
              51.7871928
            ],
            [
              -2.1926726,
              51.7871833
            ],
            [
              -2.1926388,
              51.7871635
            ],
            [
              -2.1925314,
              51.7872339
            ],
            [
              -2.1926296,
              51.7872913
            ],
            [
              -2.1926589,
              51.7872722
            ]
          ]
        ]
      },
      "id": "way/262234118"
    },
    {
      "type": "Feature",
      "properties": {
        "@id": "way/262234119",
        "building": "yes"
      },
      "geometry": {
        "type": "Polygon",
        "coordinates": [
          [
            [
              -2.1931113,
              51.7886648
            ],
            [
              -2.1931315,
              51.7886423
            ],
            [
              -2.1930985,
              51.788631
            ],
            [
              -2.1931142,
              51.7886135
            ],
            [
              -2.1930636,
              51.7885961
            ],
            [
              -2.1930738,
              51.7885848
            ],
            [
              -2.1929712,
              51.7885495
            ],
            [
              -2.1929197,
              51.7886067
            ],
            [
              -2.1929399,
              51.7886137
            ],
            [
              -2.1929268,
              51.7886282
            ],
            [
              -2.1929832,
              51.7886476
            ],
            [
              -2.1930012,
              51.7886276
            ],
            [
              -2.1930385,
              51.7886405
            ],
            [
              -2.1929918,
              51.7886925
            ],
            [
              -2.1930327,
              51.7887065
            ],
            [
              -2.1930714,
              51.7886634
            ],
            [
              -2.1931028,
              51.7886742
            ],
            [
              -2.1931113,
              51.7886648
            ]
          ]
        ]
      },
      "id": "way/262234119"
    },
    {
      "type": "Feature",
      "properties": {
        "@id": "way/262234120",
        "building": "yes"
      },
      "geometry": {
        "type": "Polygon",
        "coordinates": [
          [
            [
              -2.1931618,
              51.7876737
            ],
            [
              -2.1931838,
              51.787614
            ],
            [
              -2.1931261,
              51.7876058
            ],
            [
              -2.1931342,
              51.7875839
            ],
            [
              -2.1930499,
              51.787572
            ],
            [
              -2.1930559,
              51.7875557
            ],
            [
              -2.1929929,
              51.7875468
            ],
            [
              -2.1929567,
              51.7876447
            ],
            [
              -2.1931618,
              51.7876737
            ]
          ]
        ]
      },
      "id": "way/262234120"
    },
    {
      "type": "Feature",
      "properties": {
        "@id": "way/262234121",
        "building": "yes"
      },
      "geometry": {
        "type": "Polygon",
        "coordinates": [
          [
            [
              -2.1932417,
              51.7882284
            ],
            [
              -2.1932909,
              51.7881664
            ],
            [
              -2.1932497,
              51.7881538
            ],
            [
              -2.1932722,
              51.7881255
            ],
            [
              -2.1932022,
              51.7881043
            ],
            [
              -2.1931828,
              51.7881288
            ],
            [
              -2.1931032,
              51.7881046
            ],
            [
              -2.1930166,
              51.7882138
            ],
            [
              -2.1930873,
              51.7882353
            ],
            [
              -2.1931217,
              51.7881919
            ],
            [
              -2.1932417,
              51.7882284
            ]
          ]
        ]
      },
      "id": "way/262234121"
    },
    {
      "type": "Feature",
      "properties": {
        "@id": "way/262234123",
        "building": "yes"
      },
      "geometry": {
        "type": "Polygon",
        "coordinates": [
          [
            [
              -2.193565,
              51.7874369
            ],
            [
              -2.1934862,
              51.7874056
            ],
            [
              -2.1934475,
              51.7874428
            ],
            [
              -2.1932556,
              51.7873665
            ],
            [
              -2.1932083,
              51.787412
            ],
            [
              -2.1932528,
              51.7874297
            ],
            [
              -2.1931828,
              51.7874971
            ],
            [
              -2.1933569,
              51.7875663
            ],
            [
              -2.1934169,
              51.7875085
            ],
            [
              -2.1934691,
              51.7875292
            ],
            [
              -2.193565,
              51.7874369
            ]
          ]
        ]
      },
      "id": "way/262234123"
    },
    {
      "type": "Feature",
      "properties": {
        "@id": "way/262234124",
        "building": "yes"
      },
      "geometry": {
        "type": "Polygon",
        "coordinates": [
          [
            [
              -2.1931515,
              51.7868745
            ],
            [
              -2.1930986,
              51.7868495
            ],
            [
              -2.1930857,
              51.7868599
            ],
            [
              -2.1930286,
              51.786833
            ],
            [
              -2.1929858,
              51.7868677
            ],
            [
              -2.193046,
              51.7868961
            ],
            [
              -2.193023,
              51.7869148
            ],
            [
              -2.1930728,
              51.7869383
            ],
            [
              -2.1931515,
              51.7868745
            ]
          ]
        ]
      },
      "id": "way/262234124"
    },
    {
      "type": "Feature",
      "properties": {
        "@id": "way/262234125",
        "building": "yes"
      },
      "geometry": {
        "type": "Polygon",
        "coordinates": [
          [
            [
              -2.1932522,
              51.7872107
            ],
            [
              -2.1931971,
              51.7871872
            ],
            [
              -2.1931657,
              51.7872153
            ],
            [
              -2.1932209,
              51.7872388
            ],
            [
              -2.1932522,
              51.7872107
            ]
          ]
        ]
      },
      "id": "way/262234125"
    },
    {
      "type": "Feature",
      "properties": {
        "@id": "way/262234126",
        "building": "yes"
      },
      "geometry": {
        "type": "Polygon",
        "coordinates": [
          [
            [
              -2.1927122,
              51.7886684
            ],
            [
              -2.1926541,
              51.7886465
            ],
            [
              -2.192571,
              51.7887309
            ],
            [
              -2.1926291,
              51.7887528
            ],
            [
              -2.1927122,
              51.7886684
            ]
          ]
        ]
      },
      "id": "way/262234126"
    },
    {
      "type": "Feature",
      "properties": {
        "@id": "way/262234127",
        "building": "yes"
      },
      "geometry": {
        "type": "Polygon",
        "coordinates": [
          [
            [
              -2.1934304,
              51.787653
            ],
            [
              -2.193306,
              51.7876075
            ],
            [
              -2.1932806,
              51.787634
            ],
            [
              -2.1934051,
              51.7876795
            ],
            [
              -2.1934304,
              51.787653
            ]
          ]
        ]
      },
      "id": "way/262234127"
    },
    {
      "type": "Feature",
      "properties": {
        "@id": "way/262234128",
        "building": "yes"
      },
      "geometry": {
        "type": "Polygon",
        "coordinates": [
          [
            [
              -2.1930149,
              51.788006
            ],
            [
              -2.1930617,
              51.787899
            ],
            [
              -2.1929447,
              51.7878793
            ],
            [
              -2.1928978,
              51.7879864
            ],
            [
              -2.1930149,
              51.788006
            ]
          ]
        ]
      },
      "id": "way/262234128"
    },
    {
      "type": "Feature",
      "properties": {
        "@id": "way/262234129",
        "building": "yes"
      },
      "geometry": {
        "type": "Polygon",
        "coordinates": [
          [
            [
              -2.1930742,
              51.7880984
            ],
            [
              -2.1930716,
              51.7880648
            ],
            [
              -2.1929805,
              51.7880675
            ],
            [
              -2.1929831,
              51.7881011
            ],
            [
              -2.1930742,
              51.7880984
            ]
          ]
        ]
      },
      "id": "way/262234129"
    },
    {
      "type": "Feature",
      "properties": {
        "@id": "way/262234130",
        "building": "yes"
      },
      "geometry": {
        "type": "Polygon",
        "coordinates": [
          [
            [
              -2.1930596,
              51.7878674
            ],
            [
              -2.1931004,
              51.7877766
            ],
            [
              -2.1929795,
              51.7877558
            ],
            [
              -2.1929557,
              51.7878089
            ],
            [
              -2.1929724,
              51.7878118
            ],
            [
              -2.1929554,
              51.7878495
            ],
            [
              -2.1930596,
              51.7878674
            ]
          ]
        ]
      },
      "id": "way/262234130"
    },
    {
      "type": "Feature",
      "properties": {
        "@id": "way/262234131",
        "building": "yes"
      },
      "geometry": {
        "type": "Polygon",
        "coordinates": [
          [
            [
              -2.1932175,
              51.7868308
            ],
            [
              -2.1931664,
              51.786816
            ],
            [
              -2.1931089,
              51.7868407
            ],
            [
              -2.1931505,
              51.7868656
            ],
            [
              -2.1932175,
              51.7868308
            ]
          ]
        ]
      },
      "id": "way/262234131"
    },
    {
      "type": "Feature",
      "properties": {
        "@id": "way/262234132",
        "building": "yes"
      },
      "geometry": {
        "type": "Polygon",
        "coordinates": [
          [
            [
              -2.1933017,
              51.7878056
            ],
            [
              -2.1932159,
              51.787785
            ],
            [
              -2.1931989,
              51.7878119
            ],
            [
              -2.1932848,
              51.7878325
            ],
            [
              -2.1933017,
              51.7878056
            ]
          ]
        ]
      },
      "id": "way/262234132"
    },
    {
      "type": "Feature",
      "properties": {
        "@id": "way/262234133",
        "building": "yes"
      },
      "geometry": {
        "type": "Polygon",
        "coordinates": [
          [
            [
              -2.1929097,
              51.7885369
            ],
            [
              -2.1928404,
              51.7885089
            ],
            [
              -2.1927554,
              51.7885892
            ],
            [
              -2.1928247,
              51.7886173
            ],
            [
              -2.1929097,
              51.7885369
            ]
          ]
        ]
      },
      "id": "way/262234133"
    },
    {
      "type": "Feature",
      "properties": {
        "@id": "way/262234134",
        "building": "yes"
      },
      "geometry": {
        "type": "Polygon",
        "coordinates": [
          [
            [
              -2.1919621,
              51.7889495
            ],
            [
              -2.1919327,
              51.7889426
            ],
            [
              -2.1919172,
              51.7889676
            ],
            [
              -2.1919466,
              51.7889746
            ],
            [
              -2.1919621,
              51.7889495
            ]
          ]
        ]
      },
      "id": "way/262234134"
    },
    {
      "type": "Feature",
      "properties": {
        "@id": "way/262234135",
        "building": "yes"
      },
      "geometry": {
        "type": "Polygon",
        "coordinates": [
          [
            [
              -2.1928576,
              51.7882759
            ],
            [
              -2.1929027,
              51.7881701
            ],
            [
              -2.1928016,
              51.7881536
            ],
            [
              -2.1927565,
              51.7882595
            ],
            [
              -2.1928576,
              51.7882759
            ]
          ]
        ]
      },
      "id": "way/262234135"
    },
    {
      "type": "Feature",
      "properties": {
        "@id": "way/262234136",
        "building": "yes"
      },
      "geometry": {
        "type": "Polygon",
        "coordinates": [
          [
            [
              -2.1925795,
              51.7891353
            ],
            [
              -2.1925392,
              51.7891143
            ],
            [
              -2.1924711,
              51.7891641
            ],
            [
              -2.1925114,
              51.7891852
            ],
            [
              -2.1925795,
              51.7891353
            ]
          ]
        ]
      },
      "id": "way/262234136"
    },
    {
      "type": "Feature",
      "properties": {
        "@id": "way/262234137",
        "addr:postcode": "GL6 6XN",
        "building": "yes"
      },
      "geometry": {
        "type": "Polygon",
        "coordinates": [
          [
            [
              -2.1931295,
              51.7873827
            ],
            [
              -2.1930165,
              51.787366
            ],
            [
              -2.1929679,
              51.7874912
            ],
            [
              -2.1931273,
              51.7875149
            ],
            [
              -2.1931373,
              51.7874891
            ],
            [
              -2.1930849,
              51.7874813
            ],
            [
              -2.1930902,
              51.7874677
            ],
            [
              -2.1931397,
              51.7874751
            ],
            [
              -2.1931509,
              51.7874463
            ],
            [
              -2.1931073,
              51.7874398
            ],
            [
              -2.1931295,
              51.7873827
            ]
          ]
        ]
      },
      "id": "way/262234137"
    },
    {
      "type": "Feature",
      "properties": {
        "@id": "way/262234138",
        "building": "yes"
      },
      "geometry": {
        "type": "Polygon",
        "coordinates": [
          [
            [
              -2.1929284,
              51.7872169
            ],
            [
              -2.1929766,
              51.787121
            ],
            [
              -2.1928573,
              51.7870981
            ],
            [
              -2.192852,
              51.7871088
            ],
            [
              -2.1928216,
              51.7871029
            ],
            [
              -2.19279,
              51.7871657
            ],
            [
              -2.1928237,
              51.7871722
            ],
            [
              -2.1928124,
              51.7871946
            ],
            [
              -2.1929284,
              51.7872169
            ]
          ]
        ]
      },
      "id": "way/262234138"
    },
    {
      "type": "Feature",
      "properties": {
        "@id": "way/262234139",
        "building": "yes"
      },
      "geometry": {
        "type": "Polygon",
        "coordinates": [
          [
            [
              -2.1931293,
              51.7880269
            ],
            [
              -2.1930383,
              51.7880135
            ],
            [
              -2.1930275,
              51.7880416
            ],
            [
              -2.1931184,
              51.788055
            ],
            [
              -2.1931293,
              51.7880269
            ]
          ]
        ]
      },
      "id": "way/262234139"
    },
    {
      "type": "Feature",
      "properties": {
        "@id": "way/262234140",
        "addr:postcode": "GL6 6QL",
        "building": "yes"
      },
      "geometry": {
        "type": "Polygon",
        "coordinates": [
          [
            [
              -2.1933697,
              51.7871186
            ],
            [
              -2.1933235,
              51.7870925
            ],
            [
              -2.1932068,
              51.7871817
            ],
            [
              -2.1932609,
              51.7872053
            ],
            [
              -2.1933697,
              51.7871186
            ]
          ]
        ]
      },
      "id": "way/262234140"
    },
    {
      "type": "Feature",
      "properties": {
        "@id": "way/262234141",
        "building": "yes"
      },
      "geometry": {
        "type": "Polygon",
        "coordinates": [
          [
            [
              -2.192728,
              51.7885384
            ],
            [
              -2.1927448,
              51.7885006
            ],
            [
              -2.1927153,
              51.7884956
            ],
            [
              -2.1927356,
              51.7884503
            ],
            [
              -2.1926673,
              51.7884386
            ],
            [
              -2.1926471,
              51.7884837
            ],
            [
              -2.1925751,
              51.7884714
            ],
            [
              -2.1925505,
              51.7885266
            ],
            [
              -2.1926214,
              51.7885387
            ],
            [
              -2.1926291,
              51.7885215
            ],
            [
              -2.192728,
              51.7885384
            ]
          ]
        ]
      },
      "id": "way/262234141"
    },
    {
      "type": "Feature",
      "properties": {
        "@id": "way/262234142",
        "building": "yes"
      },
      "geometry": {
        "type": "Polygon",
        "coordinates": [
          [
            [
              -2.1933932,
              51.7887223
            ],
            [
              -2.1933086,
              51.78869
            ],
            [
              -2.1931674,
              51.7888316
            ],
            [
              -2.193252,
              51.7888639
            ],
            [
              -2.1933932,
              51.7887223
            ]
          ]
        ]
      },
      "id": "way/262234142"
    },
    {
      "type": "Feature",
      "properties": {
        "@id": "way/262234143",
        "building": "yes"
      },
      "geometry": {
        "type": "Polygon",
        "coordinates": [
          [
            [
              -2.193251,
              51.7886576
            ],
            [
              -2.1931545,
              51.7886211
            ],
            [
              -2.1931315,
              51.7886423
            ],
            [
              -2.1931113,
              51.7886648
            ],
            [
              -2.1931245,
              51.7886698
            ],
            [
              -2.1930946,
              51.7887001
            ],
            [
              -2.1931349,
              51.7887154
            ],
            [
              -2.1930683,
              51.7887826
            ],
            [
              -2.1931357,
              51.7888081
            ],
            [
              -2.1932333,
              51.7887096
            ],
            [
              -2.1932087,
              51.7887002
            ],
            [
              -2.193251,
              51.7886576
            ]
          ]
        ]
      },
      "id": "way/262234143"
    },
    {
      "type": "Feature",
      "properties": {
        "@id": "way/262234676",
        "building": "yes"
      },
      "geometry": {
        "type": "Polygon",
        "coordinates": [
          [
            [
              -2.1934808,
              51.7882797
            ],
            [
              -2.1933524,
              51.7882065
            ],
            [
              -2.1932502,
              51.7882751
            ],
            [
              -2.1933786,
              51.7883483
            ],
            [
              -2.1934808,
              51.7882797
            ]
          ]
        ]
      },
      "id": "way/262234676"
    },
    {
      "type": "Feature",
      "properties": {
        "@id": "way/262234677",
        "building": "detached"
      },
      "geometry": {
        "type": "Polygon",
        "coordinates": [
          [
            [
              -2.1947582,
              51.7895979
            ],
            [
              -2.1947756,
              51.7894733
            ],
            [
              -2.1946828,
              51.7894683
            ],
            [
              -2.1946654,
              51.789593
            ],
            [
              -2.1947582,
              51.7895979
            ]
          ]
        ]
      },
      "id": "way/262234677"
    },
    {
      "type": "Feature",
      "properties": {
        "@id": "way/262234678",
        "addr:housename": "The Manse",
        "addr:street": "Gloucester Street",
        "building": "detached",
        "wikidata": "Q26445209"
      },
      "geometry": {
        "type": "Polygon",
        "coordinates": [
          [
            [
              -2.1938129,
              51.7876346
            ],
            [
              -2.1937304,
              51.7875363
            ],
            [
              -2.1935893,
              51.7875815
            ],
            [
              -2.1936367,
              51.7876382
            ],
            [
              -2.193703,
              51.7876169
            ],
            [
              -2.193738,
              51.7876586
            ],
            [
              -2.1938129,
              51.7876346
            ]
          ]
        ]
      },
      "id": "way/262234678"
    },
    {
      "type": "Feature",
      "properties": {
        "@id": "way/262234679",
        "building": "yes"
      },
      "geometry": {
        "type": "Polygon",
        "coordinates": [
          [
            [
              -2.1936534,
              51.7876849
            ],
            [
              -2.1936246,
              51.7876506
            ],
            [
              -2.1935342,
              51.7876797
            ],
            [
              -2.193563,
              51.787714
            ],
            [
              -2.1936534,
              51.7876849
            ]
          ]
        ]
      },
      "id": "way/262234679"
    },
    {
      "type": "Feature",
      "properties": {
        "@id": "way/262234680",
        "building": "yes"
      },
      "geometry": {
        "type": "Polygon",
        "coordinates": [
          [
            [
              -2.1947842,
              51.7891143
            ],
            [
              -2.1947402,
              51.7890309
            ],
            [
              -2.1946849,
              51.7890421
            ],
            [
              -2.1947108,
              51.7890912
            ],
            [
              -2.1946406,
              51.7891053
            ],
            [
              -2.1946229,
              51.7890716
            ],
            [
              -2.1945693,
              51.7890824
            ],
            [
              -2.1946051,
              51.7891505
            ],
            [
              -2.1947842,
              51.7891143
            ]
          ]
        ]
      },
      "id": "way/262234680"
    },
    {
      "type": "Feature",
      "properties": {
        "@id": "way/262234682",
        "building": "yes"
      },
      "geometry": {
        "type": "Polygon",
        "coordinates": [
          [
            [
              -2.1943783,
              51.788646
            ],
            [
              -2.1942904,
              51.7885732
            ],
            [
              -2.1940677,
              51.788676
            ],
            [
              -2.1941083,
              51.7887096
            ],
            [
              -2.1941518,
              51.7886895
            ],
            [
              -2.194189,
              51.7887204
            ],
            [
              -2.194255,
              51.7886899
            ],
            [
              -2.1942651,
              51.7886983
            ],
            [
              -2.1943783,
              51.788646
            ]
          ]
        ]
      },
      "id": "way/262234682"
    },
    {
      "type": "Feature",
      "properties": {
        "@id": "way/262234683",
        "building": "yes"
      },
      "geometry": {
        "type": "Polygon",
        "coordinates": [
          [
            [
              -2.1939263,
              51.7880964
            ],
            [
              -2.1938426,
              51.7880036
            ],
            [
              -2.1936964,
              51.788054
            ],
            [
              -2.1937483,
              51.7881117
            ],
            [
              -2.1938352,
              51.7880817
            ],
            [
              -2.1938669,
              51.7881169
            ],
            [
              -2.1939263,
              51.7880964
            ]
          ]
        ]
      },
      "id": "way/262234683"
    },
    {
      "type": "Feature",
      "properties": {
        "@id": "way/262234686",
        "building": "yes"
      },
      "geometry": {
        "type": "Polygon",
        "coordinates": [
          [
            [
              -2.1945036,
              51.789248
            ],
            [
              -2.1944246,
              51.7891167
            ],
            [
              -2.1943059,
              51.7891441
            ],
            [
              -2.1943245,
              51.7891749
            ],
            [
              -2.1943634,
              51.7891659
            ],
            [
              -2.1944074,
              51.789239
            ],
            [
              -2.1943786,
              51.7892456
            ],
            [
              -2.1943951,
              51.789273
            ],
            [
              -2.1945036,
              51.789248
            ]
          ]
        ]
      },
      "id": "way/262234686"
    },
    {
      "type": "Feature",
      "properties": {
        "@id": "way/262234688",
        "building": "yes"
      },
      "geometry": {
        "type": "Polygon",
        "coordinates": [
          [
            [
              -2.1946732,
              51.7892672
            ],
            [
              -2.1946596,
              51.789242
            ],
            [
              -2.1946278,
              51.7892486
            ],
            [
              -2.1946414,
              51.7892738
            ],
            [
              -2.1946732,
              51.7892672
            ]
          ]
        ]
      },
      "id": "way/262234688"
    },
    {
      "type": "Feature",
      "properties": {
        "@id": "way/262234689",
        "building": "yes"
      },
      "geometry": {
        "type": "Polygon",
        "coordinates": [
          [
            [
              -2.1937052,
              51.7881643
            ],
            [
              -2.1936231,
              51.7880708
            ],
            [
              -2.1934731,
              51.7881212
            ],
            [
              -2.1935661,
              51.7882272
            ],
            [
              -2.1936295,
              51.7882059
            ],
            [
              -2.1935904,
              51.7881613
            ],
            [
              -2.1936177,
              51.7881521
            ],
            [
              -2.1936459,
              51.7881842
            ],
            [
              -2.1937052,
              51.7881643
            ]
          ]
        ]
      },
      "id": "way/262234689"
    },
    {
      "type": "Feature",
      "properties": {
        "@id": "way/262234691",
        "building": "yes"
      },
      "geometry": {
        "type": "Polygon",
        "coordinates": [
          [
            [
              -2.1936045,
              51.7873634
            ],
            [
              -2.193407,
              51.7870204
            ],
            [
              -2.1932837,
              51.7870475
            ],
            [
              -2.1932981,
              51.7870725
            ],
            [
              -2.1933709,
              51.7870565
            ],
            [
              -2.1934079,
              51.7871208
            ],
            [
              -2.1933929,
              51.787124
            ],
            [
              -2.193406,
              51.7871467
            ],
            [
              -2.1933385,
              51.7871616
            ],
            [
              -2.1934213,
              51.7873054
            ],
            [
              -2.1934526,
              51.7872985
            ],
            [
              -2.1934654,
              51.7873207
            ],
            [
              -2.1934201,
              51.7873306
            ],
            [
              -2.1934398,
              51.7873649
            ],
            [
              -2.1934803,
              51.787356
            ],
            [
              -2.1934981,
              51.7873868
            ],
            [
              -2.1936045,
              51.7873634
            ]
          ]
        ]
      },
      "id": "way/262234691"
    },
    {
      "type": "Feature",
      "properties": {
        "@id": "way/262234694",
        "building": "yes"
      },
      "geometry": {
        "type": "Polygon",
        "coordinates": [
          [
            [
              -2.1940527,
              51.7888508
            ],
            [
              -2.1939263,
              51.7887313
            ],
            [
              -2.1938181,
              51.7887751
            ],
            [
              -2.1938511,
              51.7888063
            ],
            [
              -2.1938792,
              51.788795
            ],
            [
              -2.1939399,
              51.7888523
            ],
            [
              -2.1939066,
              51.7888658
            ],
            [
              -2.1939394,
              51.7888967
            ],
            [
              -2.1940527,
              51.7888508
            ]
          ]
        ]
      },
      "id": "way/262234694"
    },
    {
      "type": "Feature",
      "properties": {
        "@id": "way/262234695",
        "building": "yes"
      },
      "geometry": {
        "type": "Polygon",
        "coordinates": [
          [
            [
              -2.1934212,
              51.7881523
            ],
            [
              -2.1933899,
              51.7881339
            ],
            [
              -2.1933243,
              51.7881768
            ],
            [
              -2.1933556,
              51.7881951
            ],
            [
              -2.1934212,
              51.7881523
            ]
          ]
        ]
      },
      "id": "way/262234695"
    },
    {
      "type": "Feature",
      "properties": {
        "@id": "way/262234696",
        "building": "yes"
      },
      "geometry": {
        "type": "Polygon",
        "coordinates": [
          [
            [
              -2.1936846,
              51.7880398
            ],
            [
              -2.1936555,
              51.7880057
            ],
            [
              -2.1936236,
              51.7880161
            ],
            [
              -2.1936528,
              51.7880502
            ],
            [
              -2.1936846,
              51.7880398
            ]
          ]
        ]
      },
      "id": "way/262234696"
    },
    {
      "type": "Feature",
      "properties": {
        "@id": "way/262234697",
        "building": "yes"
      },
      "geometry": {
        "type": "Polygon",
        "coordinates": [
          [
            [
              -2.1934076,
              51.7872916
            ],
            [
              -2.1933675,
              51.7872535
            ],
            [
              -2.1933186,
              51.7872731
            ],
            [
              -2.1933587,
              51.7873112
            ],
            [
              -2.1934076,
              51.7872916
            ]
          ]
        ]
      },
      "id": "way/262234697"
    },
    {
      "type": "Feature",
      "properties": {
        "@id": "way/262234698",
        "building": "yes"
      },
      "geometry": {
        "type": "Polygon",
        "coordinates": [
          [
            [
              -2.1943062,
              51.7888979
            ],
            [
              -2.1942066,
              51.7888224
            ],
            [
              -2.194114,
              51.7888692
            ],
            [
              -2.1942137,
              51.7889446
            ],
            [
              -2.1943062,
              51.7888979
            ]
          ]
        ]
      },
      "id": "way/262234698"
    },
    {
      "type": "Feature",
      "properties": {
        "@id": "way/262234699",
        "building": "yes"
      },
      "geometry": {
        "type": "Polygon",
        "coordinates": [
          [
            [
              -2.1941643,
              51.7887395
            ],
            [
              -2.1940858,
              51.7887183
            ],
            [
              -2.1940665,
              51.7887456
            ],
            [
              -2.194145,
              51.7887668
            ],
            [
              -2.1941643,
              51.7887395
            ]
          ]
        ]
      },
      "id": "way/262234699"
    },
    {
      "type": "Feature",
      "properties": {
        "@id": "way/262234700",
        "building": "yes"
      },
      "geometry": {
        "type": "Polygon",
        "coordinates": [
          [
            [
              -2.1947313,
              51.7890306
            ],
            [
              -2.1946974,
              51.7889538
            ],
            [
              -2.1946747,
              51.7889577
            ],
            [
              -2.1946713,
              51.78895
            ],
            [
              -2.1947025,
              51.7889447
            ],
            [
              -2.1946857,
              51.7889066
            ],
            [
              -2.1945547,
              51.7889288
            ],
            [
              -2.1945421,
              51.7889003
            ],
            [
              -2.194497,
              51.7889079
            ],
            [
              -2.1945208,
              51.7889619
            ],
            [
              -2.1945419,
              51.7889584
            ],
            [
              -2.1945681,
              51.7890176
            ],
            [
              -2.1945546,
              51.7890198
            ],
            [
              -2.1945713,
              51.7890576
            ],
            [
              -2.1947313,
              51.7890306
            ]
          ]
        ]
      },
      "id": "way/262234700"
    },
    {
      "type": "Feature",
      "properties": {
        "@id": "way/262234701",
        "building": "yes"
      },
      "geometry": {
        "type": "Polygon",
        "coordinates": [
          [
            [
              -2.1947907,
              51.7894092
            ],
            [
              -2.1947951,
              51.7893561
            ],
            [
              -2.1947304,
              51.789354
            ],
            [
              -2.194726,
              51.7894071
            ],
            [
              -2.1947907,
              51.7894092
            ]
          ]
        ]
      },
      "id": "way/262234701"
    },
    {
      "type": "Feature",
      "properties": {
        "@id": "way/262234702",
        "building": "yes"
      },
      "geometry": {
        "type": "Polygon",
        "coordinates": [
          [
            [
              -2.1936342,
              51.7884001
            ],
            [
              -2.1935308,
              51.788322
            ],
            [
              -2.1934404,
              51.7883678
            ],
            [
              -2.1934997,
              51.7884126
            ],
            [
              -2.1934425,
              51.7884416
            ],
            [
              -2.1934865,
              51.7884748
            ],
            [
              -2.1936342,
              51.7884001
            ]
          ]
        ]
      },
      "id": "way/262234702"
    },
    {
      "type": "Feature",
      "properties": {
        "@id": "way/262235712",
        "building": "yes"
      },
      "geometry": {
        "type": "Polygon",
        "coordinates": [
          [
            [
              -2.1914699,
              51.7884904
            ],
            [
              -2.191366,
              51.7884656
            ],
            [
              -2.1913759,
              51.7884498
            ],
            [
              -2.1912809,
              51.788427
            ],
            [
              -2.1912876,
              51.7884162
            ],
            [
              -2.1912246,
              51.7884011
            ],
            [
              -2.1912196,
              51.7884092
            ],
            [
              -2.1911918,
              51.7884025
            ],
            [
              -2.1911364,
              51.7884912
            ],
            [
              -2.1913237,
              51.7885359
            ],
            [
              -2.1913385,
              51.7885122
            ],
            [
              -2.1913614,
              51.7885177
            ],
            [
              -2.1913498,
              51.7885363
            ],
            [
              -2.1914294,
              51.7885553
            ],
            [
              -2.1914699,
              51.7884904
            ]
          ]
        ]
      },
      "id": "way/262235712"
    },
    {
      "type": "Feature",
      "properties": {
        "@id": "way/262235715",
        "building": "yes"
      },
      "geometry": {
        "type": "Polygon",
        "coordinates": [
          [
            [
              -2.1885622,
              51.7876869
            ],
            [
              -2.1884821,
              51.7876321
            ],
            [
              -2.1883807,
              51.7876888
            ],
            [
              -2.1884165,
              51.7877133
            ],
            [
              -2.1883494,
              51.7877508
            ],
            [
              -2.1883843,
              51.7877746
            ],
            [
              -2.1884576,
              51.7877336
            ],
            [
              -2.1884671,
              51.7877401
            ],
            [
              -2.1885622,
              51.7876869
            ]
          ]
        ]
      },
      "id": "way/262235715"
    },
    {
      "type": "Feature",
      "properties": {
        "@id": "way/262235722",
        "building": "yes"
      },
      "geometry": {
        "type": "Polygon",
        "coordinates": [
          [
            [
              -2.1889352,
              51.7879985
            ],
            [
              -2.1888074,
              51.7878794
            ],
            [
              -2.1886972,
              51.7879247
            ],
            [
              -2.1887582,
              51.7879816
            ],
            [
              -2.1887841,
              51.7879709
            ],
            [
              -2.1888053,
              51.7879906
            ],
            [
              -2.1888197,
              51.7879847
            ],
            [
              -2.1888653,
              51.7880272
            ],
            [
              -2.1889352,
              51.7879985
            ]
          ]
        ]
      },
      "id": "way/262235722"
    },
    {
      "type": "Feature",
      "properties": {
        "@id": "way/262235728",
        "building": "yes"
      },
      "geometry": {
        "type": "Polygon",
        "coordinates": [
          [
            [
              -2.1891429,
              51.7880767
            ],
            [
              -2.1890527,
              51.7879956
            ],
            [
              -2.1889914,
              51.7880217
            ],
            [
              -2.1890058,
              51.7880346
            ],
            [
              -2.1889869,
              51.7880427
            ],
            [
              -2.1890224,
              51.7880747
            ],
            [
              -2.1890397,
              51.7880673
            ],
            [
              -2.1890799,
              51.7881035
            ],
            [
              -2.1891429,
              51.7880767
            ]
          ]
        ]
      },
      "id": "way/262235728"
    },
    {
      "type": "Feature",
      "properties": {
        "@id": "way/262235737",
        "natural": "wood"
      },
      "geometry": {
        "type": "Polygon",
        "coordinates": [
          [
            [
              -2.1917202,
              51.788942
            ],
            [
              -2.1916934,
              51.7888508
            ],
            [
              -2.1916102,
              51.7888367
            ],
            [
              -2.1915364,
              51.7888077
            ],
            [
              -2.1916934,
              51.7887571
            ],
            [
              -2.1916183,
              51.7887164
            ],
            [
              -2.1914211,
              51.7887147
            ],
            [
              -2.1913527,
              51.7887944
            ],
            [
              -2.1913675,
              51.7888641
            ],
            [
              -2.1912012,
              51.7887844
            ],
            [
              -2.191114,
              51.7888508
            ],
            [
              -2.1912937,
              51.7892133
            ],
            [
              -2.1911717,
              51.7893029
            ],
            [
              -2.1914184,
              51.7894198
            ],
            [
              -2.1915745,
              51.7893675
            ],
            [
              -2.1914493,
              51.7892199
            ],
            [
              -2.1917202,
              51.788942
            ]
          ]
        ]
      },
      "id": "way/262235737"
    },
    {
      "type": "Feature",
      "properties": {
        "@id": "way/262235743",
        "building": "yes"
      },
      "geometry": {
        "type": "Polygon",
        "coordinates": [
          [
            [
              -2.1917757,
              51.7885034
            ],
            [
              -2.1917023,
              51.7884856
            ],
            [
              -2.1917108,
              51.7884723
            ],
            [
              -2.1916322,
              51.7884532
            ],
            [
              -2.1916259,
              51.7884631
            ],
            [
              -2.1915875,
              51.7884538
            ],
            [
              -2.1915322,
              51.7885409
            ],
            [
              -2.1915783,
              51.7885522
            ],
            [
              -2.191589,
              51.7885353
            ],
            [
              -2.1916343,
              51.7885463
            ],
            [
              -2.1916289,
              51.7885548
            ],
            [
              -2.1917278,
              51.7885788
            ],
            [
              -2.1917757,
              51.7885034
            ]
          ]
        ]
      },
      "id": "way/262235743"
    },
    {
      "type": "Feature",
      "properties": {
        "@id": "way/262235747",
        "building": "yes"
      },
      "geometry": {
        "type": "Polygon",
        "coordinates": [
          [
            [
              -2.1904334,
              51.7883042
            ],
            [
              -2.1903115,
              51.7882687
            ],
            [
              -2.1902855,
              51.7883028
            ],
            [
              -2.1903339,
              51.7883169
            ],
            [
              -2.1902912,
              51.788373
            ],
            [
              -2.1903647,
              51.7883944
            ],
            [
              -2.1904334,
              51.7883042
            ]
          ]
        ]
      },
      "id": "way/262235747"
    },
    {
      "type": "Feature",
      "properties": {
        "@id": "way/262235749",
        "building": "yes"
      },
      "geometry": {
        "type": "Polygon",
        "coordinates": [
          [
            [
              -2.188698,
              51.7878703
            ],
            [
              -2.1886655,
              51.7878378
            ],
            [
              -2.1886299,
              51.7878514
            ],
            [
              -2.1885742,
              51.7877956
            ],
            [
              -2.1885025,
              51.787823
            ],
            [
              -2.1885213,
              51.7878417
            ],
            [
              -2.1885115,
              51.7878455
            ],
            [
              -2.1885422,
              51.7878762
            ],
            [
              -2.1885567,
              51.7878706
            ],
            [
              -2.1885955,
              51.7879094
            ],
            [
              -2.188698,
              51.7878703
            ]
          ]
        ]
      },
      "id": "way/262235749"
    },
    {
      "type": "Feature",
      "properties": {
        "@id": "way/262235751",
        "building": "yes"
      },
      "geometry": {
        "type": "Polygon",
        "coordinates": [
          [
            [
              -2.1907517,
              51.7884246
            ],
            [
              -2.1907941,
              51.788354
            ],
            [
              -2.1905919,
              51.7883075
            ],
            [
              -2.1905653,
              51.7883518
            ],
            [
              -2.1905026,
              51.7883373
            ],
            [
              -2.1904636,
              51.7884022
            ],
            [
              -2.1905274,
              51.7884168
            ],
            [
              -2.1905503,
              51.7883787
            ],
            [
              -2.1906187,
              51.7883944
            ],
            [
              -2.1906027,
              51.7884211
            ],
            [
              -2.1906599,
              51.7884343
            ],
            [
              -2.1906762,
              51.7884073
            ],
            [
              -2.1907517,
              51.7884246
            ]
          ]
        ]
      },
      "id": "way/262235751"
    },
    {
      "type": "Feature",
      "properties": {
        "@id": "way/262235755",
        "addr:postcode": "GL6 6XW",
        "building": "yes"
      },
      "geometry": {
        "type": "Polygon",
        "coordinates": [
          [
            [
              -2.1893681,
              51.7881552
            ],
            [
              -2.1893235,
              51.7881122
            ],
            [
              -2.1893445,
              51.7881039
            ],
            [
              -2.1893142,
              51.7880748
            ],
            [
              -2.1892913,
              51.7880839
            ],
            [
              -2.189271,
              51.7880643
            ],
            [
              -2.1892051,
              51.7880905
            ],
            [
              -2.1893003,
              51.7881822
            ],
            [
              -2.1893681,
              51.7881552
            ]
          ]
        ]
      },
      "id": "way/262235755"
    },
    {
      "type": "Feature",
      "properties": {
        "@id": "way/262415187",
        "building": "yes"
      },
      "geometry": {
        "type": "Polygon",
        "coordinates": [
          [
            [
              -2.1952685,
              51.7893858
            ],
            [
              -2.1950435,
              51.7892507
            ],
            [
              -2.1949605,
              51.7893036
            ],
            [
              -2.1949995,
              51.789327
            ],
            [
              -2.1950445,
              51.7892984
            ],
            [
              -2.1951652,
              51.7893709
            ],
            [
              -2.1951137,
              51.7894037
            ],
            [
              -2.1951603,
              51.7894316
            ],
            [
              -2.1952045,
              51.7894034
            ],
            [
              -2.1952232,
              51.7894147
            ],
            [
              -2.1952685,
              51.7893858
            ]
          ]
        ]
      },
      "id": "way/262415187"
    },
    {
      "type": "Feature",
      "properties": {
        "@id": "way/262415188",
        "building": "yes"
      },
      "geometry": {
        "type": "Polygon",
        "coordinates": [
          [
            [
              -2.1956629,
              51.7893906
            ],
            [
              -2.1956886,
              51.7893611
            ],
            [
              -2.1957244,
              51.789373
            ],
            [
              -2.1957677,
              51.7893233
            ],
            [
              -2.1957354,
              51.7893125
            ],
            [
              -2.1957562,
              51.7892886
            ],
            [
              -2.1957789,
              51.7892962
            ],
            [
              -2.1958073,
              51.7892636
            ],
            [
              -2.1958269,
              51.7892701
            ],
            [
              -2.1958494,
              51.7892443
            ],
            [
              -2.1958124,
              51.789232
            ],
            [
              -2.1958666,
              51.7891698
            ],
            [
              -2.1957999,
              51.7891476
            ],
            [
              -2.1956052,
              51.7893713
            ],
            [
              -2.1956629,
              51.7893906
            ]
          ]
        ]
      },
      "id": "way/262415188"
    },
    {
      "type": "Feature",
      "properties": {
        "@id": "way/262415189",
        "building": "yes"
      },
      "geometry": {
        "type": "Polygon",
        "coordinates": [
          [
            [
              -2.1959658,
              51.7888613
            ],
            [
              -2.1959562,
              51.7887767
            ],
            [
              -2.1958397,
              51.7887818
            ],
            [
              -2.1958494,
              51.7888664
            ],
            [
              -2.1959658,
              51.7888613
            ]
          ]
        ]
      },
      "id": "way/262415189"
    },
    {
      "type": "Feature",
      "properties": {
        "@id": "way/262415190",
        "building": "yes"
      },
      "geometry": {
        "type": "Polygon",
        "coordinates": [
          [
            [
              -2.1954201,
              51.7896302
            ],
            [
              -2.1952904,
              51.7895795
            ],
            [
              -2.1952053,
              51.7896628
            ],
            [
              -2.195335,
              51.7897135
            ],
            [
              -2.1954201,
              51.7896302
            ]
          ]
        ]
      },
      "id": "way/262415190"
    },
    {
      "type": "Feature",
      "properties": {
        "@id": "way/262415191",
        "building": "yes"
      },
      "geometry": {
        "type": "Polygon",
        "coordinates": [
          [
            [
              -2.1949807,
              51.7893416
            ],
            [
              -2.1949289,
              51.7893373
            ],
            [
              -2.1949179,
              51.7893881
            ],
            [
              -2.1949697,
              51.7893924
            ],
            [
              -2.1949807,
              51.7893416
            ]
          ]
        ]
      },
      "id": "way/262415191"
    },
    {
      "type": "Feature",
      "properties": {
        "@id": "way/262415192",
        "building": "yes"
      },
      "geometry": {
        "type": "Polygon",
        "coordinates": [
          [
            [
              -2.1960627,
              51.789064
            ],
            [
              -2.1960586,
              51.7889711
            ],
            [
              -2.1959412,
              51.7889731
            ],
            [
              -2.1959453,
              51.789066
            ],
            [
              -2.1960627,
              51.789064
            ]
          ]
        ]
      },
      "id": "way/262415192"
    },
    {
      "type": "Feature",
      "properties": {
        "@id": "way/262415193",
        "addr:postcode": "GL6 6QS",
        "building": "yes"
      },
      "geometry": {
        "type": "Polygon",
        "coordinates": [
          [
            [
              -2.1958904,
              51.7894756
            ],
            [
              -2.1957378,
              51.7894234
            ],
            [
              -2.1956839,
              51.7894837
            ],
            [
              -2.1957893,
              51.7895198
            ],
            [
              -2.1958017,
              51.7895059
            ],
            [
              -2.1958489,
              51.789522
            ],
            [
              -2.1958904,
              51.7894756
            ]
          ]
        ]
      },
      "id": "way/262415193"
    },
    {
      "type": "Feature",
      "properties": {
        "@id": "way/262415194",
        "building": "yes"
      },
      "geometry": {
        "type": "Polygon",
        "coordinates": [
          [
            [
              -2.1961974,
              51.7893519
            ],
            [
              -2.1962158,
              51.7892944
            ],
            [
              -2.1961102,
              51.7892815
            ],
            [
              -2.1960918,
              51.789339
            ],
            [
              -2.1961974,
              51.7893519
            ]
          ]
        ]
      },
      "id": "way/262415194"
    },
    {
      "type": "Feature",
      "properties": {
        "@id": "way/262415195",
        "building": "yes"
      },
      "geometry": {
        "type": "Polygon",
        "coordinates": [
          [
            [
              -2.1959098,
              51.7887612
            ],
            [
              -2.1959016,
              51.7886731
            ],
            [
              -2.1957835,
              51.7886774
            ],
            [
              -2.1957917,
              51.7887654
            ],
            [
              -2.1959098,
              51.7887612
            ]
          ]
        ]
      },
      "id": "way/262415195"
    },
    {
      "type": "Feature",
      "properties": {
        "@id": "way/262415196",
        "building": "yes"
      },
      "geometry": {
        "type": "Polygon",
        "coordinates": [
          [
            [
              -2.1960478,
              51.7883127
            ],
            [
              -2.1960101,
              51.7882517
            ],
            [
              -2.1958883,
              51.7882805
            ],
            [
              -2.195926,
              51.7883415
            ],
            [
              -2.1960478,
              51.7883127
            ]
          ]
        ]
      },
      "id": "way/262415196"
    },
    {
      "type": "Feature",
      "properties": {
        "@id": "way/262415198",
        "building": "yes"
      },
      "geometry": {
        "type": "Polygon",
        "coordinates": [
          [
            [
              -2.1959005,
              51.7883395
            ],
            [
              -2.195864,
              51.7882839
            ],
            [
              -2.1957394,
              51.7883152
            ],
            [
              -2.1957759,
              51.7883708
            ],
            [
              -2.1959005,
              51.7883395
            ]
          ]
        ]
      },
      "id": "way/262415198"
    },
    {
      "type": "Feature",
      "properties": {
        "@id": "way/262415199",
        "building": "yes"
      },
      "geometry": {
        "type": "Polygon",
        "coordinates": [
          [
            [
              -2.1960637,
              51.789322
            ],
            [
              -2.1960787,
              51.7892786
            ],
            [
              -2.1959424,
              51.7892605
            ],
            [
              -2.1959274,
              51.7893039
            ],
            [
              -2.1960637,
              51.789322
            ]
          ]
        ]
      },
      "id": "way/262415199"
    },
    {
      "type": "Feature",
      "properties": {
        "@id": "way/262415201",
        "building": "yes"
      },
      "geometry": {
        "type": "Polygon",
        "coordinates": [
          [
            [
              -2.1960888,
              51.7895722
            ],
            [
              -2.1961,
              51.7895394
            ],
            [
              -2.1960678,
              51.7895352
            ],
            [
              -2.1961082,
              51.7894177
            ],
            [
              -2.1961696,
              51.7894258
            ],
            [
              -2.196186,
              51.7893782
            ],
            [
              -2.1960609,
              51.7893617
            ],
            [
              -2.1959929,
              51.7895596
            ],
            [
              -2.1960888,
              51.7895722
            ]
          ]
        ]
      },
      "id": "way/262415201"
    },
    {
      "type": "Feature",
      "properties": {
        "@id": "way/262415202",
        "building": "yes"
      },
      "geometry": {
        "type": "Polygon",
        "coordinates": [
          [
            [
              -2.1956419,
              51.7897076
            ],
            [
              -2.1954526,
              51.7896431
            ],
            [
              -2.1953876,
              51.789716
            ],
            [
              -2.1954192,
              51.7897268
            ],
            [
              -2.1953982,
              51.7897503
            ],
            [
              -2.195465,
              51.7897731
            ],
            [
              -2.1954965,
              51.7897377
            ],
            [
              -2.1955875,
              51.7897687
            ],
            [
              -2.1956419,
              51.7897076
            ]
          ]
        ]
      },
      "id": "way/262415202"
    },
    {
      "type": "Feature",
      "properties": {
        "@id": "way/262415203",
        "building": "yes"
      },
      "geometry": {
        "type": "Polygon",
        "coordinates": [
          [
            [
              -2.1950845,
              51.7896361
            ],
            [
              -2.1950765,
              51.7896004
            ],
            [
              -2.19495,
              51.7896112
            ],
            [
              -2.1949543,
              51.7896305
            ],
            [
              -2.1948494,
              51.7896394
            ],
            [
              -2.1948584,
              51.78968
            ],
            [
              -2.1948396,
              51.7896816
            ],
            [
              -2.194846,
              51.7897105
            ],
            [
              -2.1949149,
              51.7897046
            ],
            [
              -2.1949106,
              51.7896855
            ],
            [
              -2.1949743,
              51.7896801
            ],
            [
              -2.1949667,
              51.7896462
            ],
            [
              -2.1950845,
              51.7896361
            ]
          ]
        ]
      },
      "id": "way/262415203"
    },
    {
      "type": "Feature",
      "properties": {
        "@id": "way/262415204",
        "building": "yes"
      },
      "geometry": {
        "type": "Polygon",
        "coordinates": [
          [
            [
              -2.1955746,
              51.7892913
            ],
            [
              -2.195427,
              51.7892349
            ],
            [
              -2.1954445,
              51.7892183
            ],
            [
              -2.1953533,
              51.7891777
            ],
            [
              -2.1952902,
              51.7892216
            ],
            [
              -2.1953291,
              51.7892473
            ],
            [
              -2.1952741,
              51.7892988
            ],
            [
              -2.1953217,
              51.7893213
            ],
            [
              -2.1953485,
              51.7893039
            ],
            [
              -2.1954451,
              51.7893429
            ],
            [
              -2.1954706,
              51.7893164
            ],
            [
              -2.1955323,
              51.7893371
            ],
            [
              -2.1955746,
              51.7892913
            ]
          ]
        ]
      },
      "id": "way/262415204"
    },
    {
      "type": "Feature",
      "properties": {
        "@id": "way/262415206",
        "building": "yes"
      },
      "geometry": {
        "type": "Polygon",
        "coordinates": [
          [
            [
              -2.1950513,
              51.7886719
            ],
            [
              -2.195039,
              51.7886581
            ],
            [
              -2.1948682,
              51.7887165
            ],
            [
              -2.1948805,
              51.7887303
            ],
            [
              -2.1950513,
              51.7886719
            ]
          ]
        ]
      },
      "id": "way/262415206"
    },
    {
      "type": "Feature",
      "properties": {
        "@id": "way/262415207",
        "building": "yes"
      },
      "geometry": {
        "type": "Polygon",
        "coordinates": [
          [
            [
              -2.1957363,
              51.7883663
            ],
            [
              -2.1956978,
              51.788306
            ],
            [
              -2.1955717,
              51.7883369
            ],
            [
              -2.1956102,
              51.7883971
            ],
            [
              -2.1957363,
              51.7883663
            ]
          ]
        ]
      },
      "id": "way/262415207"
    },
    {
      "type": "Feature",
      "properties": {
        "@id": "way/262415208",
        "building": "yes"
      },
      "geometry": {
        "type": "Polygon",
        "coordinates": [
          [
            [
              -2.1954184,
              51.7884146
            ],
            [
              -2.1953808,
              51.7883588
            ],
            [
              -2.1952572,
              51.7883907
            ],
            [
              -2.1952947,
              51.7884465
            ],
            [
              -2.1954184,
              51.7884146
            ]
          ]
        ]
      },
      "id": "way/262415208"
    },
    {
      "type": "Feature",
      "properties": {
        "@id": "way/262415209",
        "building": "yes"
      },
      "geometry": {
        "type": "Polygon",
        "coordinates": [
          [
            [
              -2.1950014,
              51.7886584
            ],
            [
              -2.1949744,
              51.7886212
            ],
            [
              -2.1948592,
              51.7886533
            ],
            [
              -2.1948316,
              51.7886152
            ],
            [
              -2.1946612,
              51.7886626
            ],
            [
              -2.1947067,
              51.7887251
            ],
            [
              -2.1947365,
              51.7887168
            ],
            [
              -2.1947511,
              51.788737
            ],
            [
              -2.1948728,
              51.7887031
            ],
            [
              -2.1948624,
              51.7886888
            ],
            [
              -2.1949154,
              51.788674
            ],
            [
              -2.1949204,
              51.7886809
            ],
            [
              -2.1950014,
              51.7886584
            ]
          ]
        ]
      },
      "id": "way/262415209"
    },
    {
      "type": "Feature",
      "properties": {
        "@id": "way/262415210",
        "building": "yes"
      },
      "geometry": {
        "type": "Polygon",
        "coordinates": [
          [
            [
              -2.195586,
              51.7884071
            ],
            [
              -2.1955346,
              51.7883246
            ],
            [
              -2.1954087,
              51.7883546
            ],
            [
              -2.19546,
              51.7884371
            ],
            [
              -2.195586,
              51.7884071
            ]
          ]
        ]
      },
      "id": "way/262415210"
    },
    {
      "type": "Feature",
      "properties": {
        "@id": "way/262415211",
        "building": "yes"
      },
      "geometry": {
        "type": "Polygon",
        "coordinates": [
          [
            [
              -2.1964058,
              51.7895739
            ],
            [
              -2.196458,
              51.7895176
            ],
            [
              -2.1963776,
              51.789489
            ],
            [
              -2.1964063,
              51.7894581
            ],
            [
              -2.196323,
              51.7894285
            ],
            [
              -2.1962435,
              51.7895141
            ],
            [
              -2.1963102,
              51.7895378
            ],
            [
              -2.1962963,
              51.7895527
            ],
            [
              -2.1963433,
              51.7895694
            ],
            [
              -2.1963557,
              51.7895561
            ],
            [
              -2.1964058,
              51.7895739
            ]
          ]
        ]
      },
      "id": "way/262415211"
    },
    {
      "type": "Feature",
      "properties": {
        "@id": "way/262415212",
        "building": "yes"
      },
      "geometry": {
        "type": "Polygon",
        "coordinates": [
          [
            [
              -2.19547,
              51.7897935
            ],
            [
              -2.1953748,
              51.7897662
            ],
            [
              -2.1953587,
              51.7897877
            ],
            [
              -2.1954539,
              51.789815
            ],
            [
              -2.19547,
              51.7897935
            ]
          ]
        ]
      },
      "id": "way/262415212"
    },
    {
      "type": "Feature",
      "properties": {
        "@id": "way/262415213",
        "building": "yes"
      },
      "geometry": {
        "type": "Polygon",
        "coordinates": [
          [
            [
              -2.1962891,
              51.7892529
            ],
            [
              -2.1962993,
              51.7892214
            ],
            [
              -2.196203,
              51.7892094
            ],
            [
              -2.1962352,
              51.7891105
            ],
            [
              -2.196165,
              51.7891017
            ],
            [
              -2.1961597,
              51.7891182
            ],
            [
              -2.1961286,
              51.7891143
            ],
            [
              -2.1961004,
              51.7892011
            ],
            [
              -2.1961229,
              51.7892039
            ],
            [
              -2.196104,
              51.7892623
            ],
            [
              -2.1961715,
              51.7892707
            ],
            [
              -2.1961817,
              51.7892395
            ],
            [
              -2.1962891,
              51.7892529
            ]
          ]
        ]
      },
      "id": "way/262415213"
    },
    {
      "type": "Feature",
      "properties": {
        "@id": "way/262415214",
        "building": "yes"
      },
      "geometry": {
        "type": "Polygon",
        "coordinates": [
          [
            [
              -2.1964686,
              51.7896647
            ],
            [
              -2.1963744,
              51.7896463
            ],
            [
              -2.1963466,
              51.7897008
            ],
            [
              -2.1964407,
              51.7897192
            ],
            [
              -2.1964686,
              51.7896647
            ]
          ]
        ]
      },
      "id": "way/262415214"
    },
    {
      "type": "Feature",
      "properties": {
        "@id": "way/262415215",
        "building": "yes"
      },
      "geometry": {
        "type": "Polygon",
        "coordinates": [
          [
            [
              -2.1950728,
              51.7894404
            ],
            [
              -2.195028,
              51.7894377
            ],
            [
              -2.1950196,
              51.7894916
            ],
            [
              -2.1950644,
              51.7894943
            ],
            [
              -2.1950728,
              51.7894404
            ]
          ]
        ]
      },
      "id": "way/262415215"
    },
    {
      "type": "Feature",
      "properties": {
        "@id": "way/262415216",
        "addr:postcode": "GL6 6QR",
        "building": "yes"
      },
      "geometry": {
        "type": "Polygon",
        "coordinates": [
          [
            [
              -2.1950452,
              51.7890647
            ],
            [
              -2.1950363,
              51.7890525
            ],
            [
              -2.1950679,
              51.7890436
            ],
            [
              -2.1950395,
              51.7890048
            ],
            [
              -2.1949985,
              51.7890163
            ],
            [
              -2.1949815,
              51.7889931
            ],
            [
              -2.1950156,
              51.7889836
            ],
            [
              -2.1950006,
              51.788963
            ],
            [
              -2.1949649,
              51.788973
            ],
            [
              -2.1949541,
              51.7889582
            ],
            [
              -2.1948405,
              51.7889901
            ],
            [
              -2.1949206,
              51.7890996
            ],
            [
              -2.1950452,
              51.7890647
            ]
          ]
        ]
      },
      "id": "way/262415216"
    },
    {
      "type": "Feature",
      "properties": {
        "@id": "way/262415217",
        "building": "yes"
      },
      "geometry": {
        "type": "Polygon",
        "coordinates": [
          [
            [
              -2.195592,
              51.7893676
            ],
            [
              -2.1955491,
              51.789356
            ],
            [
              -2.1955102,
              51.7893933
            ],
            [
              -2.1954579,
              51.7893635
            ],
            [
              -2.1953962,
              51.7893975
            ],
            [
              -2.1955014,
              51.789459
            ],
            [
              -2.195592,
              51.7893676
            ]
          ]
        ]
      },
      "id": "way/262415217"
    },
    {
      "type": "Feature",
      "properties": {
        "@id": "way/262415218",
        "building": "yes"
      },
      "geometry": {
        "type": "Polygon",
        "coordinates": [
          [
            [
              -2.1958969,
              51.7897914
            ],
            [
              -2.1957502,
              51.7897148
            ],
            [
              -2.1956743,
              51.7897704
            ],
            [
              -2.1958091,
              51.7898408
            ],
            [
              -2.1958482,
              51.7898121
            ],
            [
              -2.1958601,
              51.7898184
            ],
            [
              -2.1958969,
              51.7897914
            ]
          ]
        ]
      },
      "id": "way/262415218"
    },
    {
      "type": "Feature",
      "properties": {
        "@id": "way/262415219",
        "building": "yes"
      },
      "geometry": {
        "type": "Polygon",
        "coordinates": [
          [
            [
              -2.1960144,
              51.788962
            ],
            [
              -2.196007,
              51.788872
            ],
            [
              -2.1958897,
              51.7888758
            ],
            [
              -2.1958971,
              51.7889657
            ],
            [
              -2.1960144,
              51.788962
            ]
          ]
        ]
      },
      "id": "way/262415219"
    },
    {
      "type": "Feature",
      "properties": {
        "@id": "way/262415220",
        "building": "yes"
      },
      "geometry": {
        "type": "Polygon",
        "coordinates": [
          [
            [
              -2.1957894,
              51.7886618
            ],
            [
              -2.1957829,
              51.7885783
            ],
            [
              -2.1956693,
              51.7885816
            ],
            [
              -2.1956758,
              51.7886651
            ],
            [
              -2.1957894,
              51.7886618
            ]
          ]
        ]
      },
      "id": "way/262415220"
    },
    {
      "type": "Feature",
      "properties": {
        "@id": "way/262415221",
        "building": "yes"
      },
      "geometry": {
        "type": "Polygon",
        "coordinates": [
          [
            [
              -2.1952559,
              51.789171
            ],
            [
              -2.195199,
              51.7891371
            ],
            [
              -2.1950866,
              51.7892092
            ],
            [
              -2.19514,
              51.789241
            ],
            [
              -2.1951614,
              51.7892272
            ],
            [
              -2.1952002,
              51.7892504
            ],
            [
              -2.1952707,
              51.7892052
            ],
            [
              -2.1952354,
              51.7891841
            ],
            [
              -2.1952559,
              51.789171
            ]
          ]
        ]
      },
      "id": "way/262415221"
    },
    {
      "type": "Feature",
      "properties": {
        "@id": "way/262415222",
        "building": "yes"
      },
      "geometry": {
        "type": "Polygon",
        "coordinates": [
          [
            [
              -2.1951096,
              51.7888224
            ],
            [
              -2.1950658,
              51.7887754
            ],
            [
              -2.1950349,
              51.7887864
            ],
            [
              -2.1949953,
              51.7887438
            ],
            [
              -2.1949634,
              51.7887551
            ],
            [
              -2.1949381,
              51.7887279
            ],
            [
              -2.1947008,
              51.7888123
            ],
            [
              -2.1947415,
              51.7888561
            ],
            [
              -2.1948782,
              51.7888075
            ],
            [
              -2.1949607,
              51.7888962
            ],
            [
              -2.1950533,
              51.7888632
            ],
            [
              -2.1950388,
              51.7888476
            ],
            [
              -2.1951096,
              51.7888224
            ]
          ]
        ]
      },
      "id": "way/262415222"
    },
    {
      "type": "Feature",
      "properties": {
        "@id": "way/262415980",
        "natural": "wood"
      },
      "geometry": {
        "type": "Polygon",
        "coordinates": [
          [
            [
              -2.1993068,
              51.7897882
            ],
            [
              -2.1974856,
              51.7897285
            ],
            [
              -2.1974266,
              51.7897948
            ],
            [
              -2.1977967,
              51.7898463
            ],
            [
              -2.1981722,
              51.7899043
            ],
            [
              -2.1985397,
              51.7900735
            ],
            [
              -2.1988448,
              51.7901687
            ],
            [
              -2.1993068,
              51.7897882
            ]
          ]
        ]
      },
      "id": "way/262415980"
    },
    {
      "type": "Feature",
      "properties": {
        "@id": "way/262533733",
        "building": "yes"
      },
      "geometry": {
        "type": "Polygon",
        "coordinates": [
          [
            [
              -2.1956976,
              51.7868549
            ],
            [
              -2.1956058,
              51.7868194
            ],
            [
              -2.1954596,
              51.7869642
            ],
            [
              -2.1955514,
              51.7869997
            ],
            [
              -2.1956976,
              51.7868549
            ]
          ]
        ]
      },
      "id": "way/262533733"
    },
    {
      "type": "Feature",
      "properties": {
        "@id": "way/262533734",
        "building": "yes"
      },
      "geometry": {
        "type": "Polygon",
        "coordinates": [
          [
            [
              -2.1938868,
              51.7874883
            ],
            [
              -2.1938557,
              51.7874449
            ],
            [
              -2.1937884,
              51.7874633
            ],
            [
              -2.1938194,
              51.7875068
            ],
            [
              -2.1938868,
              51.7874883
            ]
          ]
        ]
      },
      "id": "way/262533734"
    },
    {
      "type": "Feature",
      "properties": {
        "@id": "way/262533735",
        "building": "yes"
      },
      "geometry": {
        "type": "Polygon",
        "coordinates": [
          [
            [
              -2.1954485,
              51.7872961
            ],
            [
              -2.1954612,
              51.7871801
            ],
            [
              -2.1953542,
              51.7871756
            ],
            [
              -2.1953414,
              51.7872916
            ],
            [
              -2.1954485,
              51.7872961
            ]
          ]
        ]
      },
      "id": "way/262533735"
    },
    {
      "type": "Feature",
      "properties": {
        "@id": "way/262533736",
        "addr:postcode": "GL6 6RH",
        "building": "yes"
      },
      "geometry": {
        "type": "Polygon",
        "coordinates": [
          [
            [
              -2.1964195,
              51.7879609
            ],
            [
              -2.1963203,
              51.7875851
            ],
            [
              -2.1961955,
              51.7875977
            ],
            [
              -2.1962947,
              51.7879735
            ],
            [
              -2.1964195,
              51.7879609
            ]
          ]
        ]
      },
      "id": "way/262533736"
    },
    {
      "type": "Feature",
      "properties": {
        "@id": "way/262533737",
        "building": "yes"
      },
      "geometry": {
        "type": "Polygon",
        "coordinates": [
          [
            [
              -2.1968897,
              51.7874597
            ],
            [
              -2.1968736,
              51.7873925
            ],
            [
              -2.1967996,
              51.7873993
            ],
            [
              -2.1968043,
              51.7874189
            ],
            [
              -2.1963888,
              51.7874572
            ],
            [
              -2.1963791,
              51.7874167
            ],
            [
              -2.1962872,
              51.7874252
            ],
            [
              -2.1963084,
              51.7875132
            ],
            [
              -2.1968897,
              51.7874597
            ]
          ]
        ]
      },
      "id": "way/262533737"
    },
    {
      "type": "Feature",
      "properties": {
        "@id": "way/262533738",
        "addr:housename": "Ashwell House",
        "addr:postcode": "GL6 6RL",
        "addr:street": "Ashwell",
        "building": "yes"
      },
      "geometry": {
        "type": "Polygon",
        "coordinates": [
          [
            [
              -2.1965816,
              51.7871726
            ],
            [
              -2.19655,
              51.7869913
            ],
            [
              -2.1970353,
              51.7869518
            ],
            [
              -2.1970242,
              51.7868714
            ],
            [
              -2.1963964,
              51.7869155
            ],
            [
              -2.1964033,
              51.786937
            ],
            [
              -2.1958303,
              51.7869861
            ],
            [
              -2.1958552,
              51.7871335
            ],
            [
              -2.1959997,
              51.7871228
            ],
            [
              -2.1959839,
              51.7870514
            ],
            [
              -2.1964194,
              51.7870108
            ],
            [
              -2.1964475,
              51.787112
            ],
            [
              -2.1964236,
              51.7871124
            ],
            [
              -2.1964399,
              51.7871849
            ],
            [
              -2.1957218,
              51.7872507
            ],
            [
              -2.1957504,
              51.7873332
            ],
            [
              -2.1965965,
              51.7872643
            ],
            [
              -2.1965977,
              51.787242
            ],
            [
              -2.1969858,
              51.7872111
            ],
            [
              -2.196966,
              51.7871432
            ],
            [
              -2.1965816,
              51.7871726
            ]
          ]
        ]
      },
      "id": "way/262533738"
    },
    {
      "type": "Feature",
      "properties": {
        "@id": "way/262533739",
        "building": "yes"
      },
      "geometry": {
        "type": "Polygon",
        "coordinates": [
          [
            [
              -2.1946438,
              51.7871303
            ],
            [
              -2.194558,
              51.7870796
            ],
            [
              -2.1944926,
              51.7871219
            ],
            [
              -2.1945112,
              51.7871329
            ],
            [
              -2.1944649,
              51.7871628
            ],
            [
              -2.1945322,
              51.7872026
            ],
            [
              -2.1946438,
              51.7871303
            ]
          ]
        ]
      },
      "id": "way/262533739"
    },
    {
      "type": "Feature",
      "properties": {
        "@id": "way/262533740",
        "building": "yes"
      },
      "geometry": {
        "type": "Polygon",
        "coordinates": [
          [
            [
              -2.1951042,
              51.7872975
            ],
            [
              -2.1950405,
              51.7872409
            ],
            [
              -2.1949432,
              51.7872828
            ],
            [
              -2.1950069,
              51.7873394
            ],
            [
              -2.1951042,
              51.7872975
            ]
          ]
        ]
      },
      "id": "way/262533740"
    },
    {
      "type": "Feature",
      "properties": {
        "@id": "way/262533741",
        "building": "yes"
      },
      "geometry": {
        "type": "Polygon",
        "coordinates": [
          [
            [
              -2.1946911,
              51.7882829
            ],
            [
              -2.194655,
              51.7882383
            ],
            [
              -2.1945944,
              51.7882571
            ],
            [
              -2.1945649,
              51.7882207
            ],
            [
              -2.1945136,
              51.7882366
            ],
            [
              -2.1945423,
              51.788272
            ],
            [
              -2.1944991,
              51.7882854
            ],
            [
              -2.1945361,
              51.788331
            ],
            [
              -2.1946911,
              51.7882829
            ]
          ]
        ]
      },
      "id": "way/262533741"
    },
    {
      "type": "Feature",
      "properties": {
        "@id": "way/262533742",
        "building": "yes"
      },
      "geometry": {
        "type": "Polygon",
        "coordinates": [
          [
            [
              -2.1955291,
              51.787051
            ],
            [
              -2.1954251,
              51.7870303
            ],
            [
              -2.1953658,
              51.7871442
            ],
            [
              -2.1954698,
              51.787165
            ],
            [
              -2.1955291,
              51.787051
            ]
          ]
        ]
      },
      "id": "way/262533742"
    },
    {
      "type": "Feature",
      "properties": {
        "@id": "way/262533743",
        "building": "yes"
      },
      "geometry": {
        "type": "Polygon",
        "coordinates": [
          [
            [
              -2.195079,
              51.7876574
            ],
            [
              -2.19503,
              51.7875898
            ],
            [
              -2.1948886,
              51.7876291
            ],
            [
              -2.1949376,
              51.7876966
            ],
            [
              -2.195079,
              51.7876574
            ]
          ]
        ]
      },
      "id": "way/262533743"
    },
    {
      "type": "Feature",
      "properties": {
        "@id": "way/262533744",
        "building": "yes"
      },
      "geometry": {
        "type": "Polygon",
        "coordinates": [
          [
            [
              -2.194891,
              51.788222
            ],
            [
              -2.194844,
              51.7881628
            ],
            [
              -2.1948137,
              51.788172
            ],
            [
              -2.1947898,
              51.788142
            ],
            [
              -2.1947409,
              51.7881568
            ],
            [
              -2.19477,
              51.7881935
            ],
            [
              -2.1946906,
              51.7882177
            ],
            [
              -2.1947323,
              51.7882702
            ],
            [
              -2.194891,
              51.788222
            ]
          ]
        ]
      },
      "id": "way/262533744"
    },
    {
      "type": "Feature",
      "properties": {
        "@id": "way/262533745",
        "building": "yes"
      },
      "geometry": {
        "type": "Polygon",
        "coordinates": [
          [
            [
              -2.1952703,
              51.7869122
            ],
            [
              -2.1952127,
              51.7868543
            ],
            [
              -2.1950433,
              51.7869188
            ],
            [
              -2.1950625,
              51.7869381
            ],
            [
              -2.1949759,
              51.7869711
            ],
            [
              -2.1950144,
              51.7870097
            ],
            [
              -2.1952703,
              51.7869122
            ]
          ]
        ]
      },
      "id": "way/262533745"
    },
    {
      "type": "Feature",
      "properties": {
        "@id": "way/262533746",
        "building": "yes"
      },
      "geometry": {
        "type": "Polygon",
        "coordinates": [
          [
            [
              -2.1943881,
              51.7881408
            ],
            [
              -2.194365,
              51.7881109
            ],
            [
              -2.1944126,
              51.7880968
            ],
            [
              -2.1943835,
              51.7880592
            ],
            [
              -2.1943387,
              51.7880725
            ],
            [
              -2.1943031,
              51.7880264
            ],
            [
              -2.1943611,
              51.7880092
            ],
            [
              -2.1942772,
              51.7879007
            ],
            [
              -2.1943316,
              51.7878846
            ],
            [
              -2.1943125,
              51.7878598
            ],
            [
              -2.1942004,
              51.787893
            ],
            [
              -2.1941855,
              51.7878737
            ],
            [
              -2.1940828,
              51.7879041
            ],
            [
              -2.1942886,
              51.7881702
            ],
            [
              -2.1943881,
              51.7881408
            ]
          ]
        ]
      },
      "id": "way/262533746"
    },
    {
      "type": "Feature",
      "properties": {
        "@id": "way/262533747",
        "building": "yes"
      },
      "geometry": {
        "type": "Polygon",
        "coordinates": [
          [
            [
              -2.1959449,
              51.7880274
            ],
            [
              -2.1959329,
              51.7878366
            ],
            [
              -2.1957967,
              51.7878399
            ],
            [
              -2.1958087,
              51.7880307
            ],
            [
              -2.1959449,
              51.7880274
            ]
          ]
        ]
      },
      "id": "way/262533747"
    },
    {
      "type": "Feature",
      "properties": {
        "@id": "way/262533748",
        "building": "yes"
      },
      "geometry": {
        "type": "Polygon",
        "coordinates": [
          [
            [
              -2.1944206,
              51.7879651
            ],
            [
              -2.1943863,
              51.7879334
            ],
            [
              -2.1943293,
              51.787957
            ],
            [
              -2.1943636,
              51.7879887
            ],
            [
              -2.1944206,
              51.7879651
            ]
          ]
        ]
      },
      "id": "way/262533748"
    },
    {
      "type": "Feature",
      "properties": {
        "@id": "way/262533749",
        "building": "yes"
      },
      "geometry": {
        "type": "Polygon",
        "coordinates": [
          [
            [
              -2.1940853,
              51.7869836
            ],
            [
              -2.194053,
              51.7869512
            ],
            [
              -2.1940859,
              51.7869387
            ],
            [
              -2.1940635,
              51.7869161
            ],
            [
              -2.1939587,
              51.786956
            ],
            [
              -2.1940134,
              51.787011
            ],
            [
              -2.1940853,
              51.7869836
            ]
          ]
        ]
      },
      "id": "way/262533749"
    },
    {
      "type": "Feature",
      "properties": {
        "@id": "way/262533750",
        "addr:postcode": "GL6 6RN",
        "building": "yes"
      },
      "geometry": {
        "type": "Polygon",
        "coordinates": [
          [
            [
              -2.1959633,
              51.7878232
            ],
            [
              -2.1959454,
              51.7876216
            ],
            [
              -2.1958443,
              51.7876251
            ],
            [
              -2.1958622,
              51.7878266
            ],
            [
              -2.1959633,
              51.7878232
            ]
          ]
        ]
      },
      "id": "way/262533750"
    },
    {
      "type": "Feature",
      "properties": {
        "@id": "way/262533751",
        "building": "yes"
      },
      "geometry": {
        "type": "Polygon",
        "coordinates": [
          [
            [
              -2.1949,
              51.7873892
            ],
            [
              -2.1948324,
              51.7873274
            ],
            [
              -2.1947563,
              51.7873592
            ],
            [
              -2.1947886,
              51.7873888
            ],
            [
              -2.1947527,
              51.7874038
            ],
            [
              -2.1947879,
              51.7874361
            ],
            [
              -2.1949,
              51.7873892
            ]
          ]
        ]
      },
      "id": "way/262533751"
    },
    {
      "type": "Feature",
      "properties": {
        "@id": "way/262533752",
        "building": "yes"
      },
      "geometry": {
        "type": "Polygon",
        "coordinates": [
          [
            [
              -2.1954957,
              51.7874151
            ],
            [
              -2.1954816,
              51.787329
            ],
            [
              -2.1954091,
              51.7873336
            ],
            [
              -2.1954232,
              51.7874196
            ],
            [
              -2.1954957,
              51.7874151
            ]
          ]
        ]
      },
      "id": "way/262533752"
    },
    {
      "type": "Feature",
      "properties": {
        "@id": "way/262533754",
        "addr:postcode": "GL6 6RN",
        "building": "yes"
      },
      "geometry": {
        "type": "Polygon",
        "coordinates": [
          [
            [
              -2.1941588,
              51.7877433
            ],
            [
              -2.1939831,
              51.787568
            ],
            [
              -2.1940523,
              51.7875414
            ],
            [
              -2.1940222,
              51.7875113
            ],
            [
              -2.1939744,
              51.7875297
            ],
            [
              -2.193934,
              51.7874894
            ],
            [
              -2.1938331,
              51.7875281
            ],
            [
              -2.1939809,
              51.7876756
            ],
            [
              -2.1939401,
              51.7876912
            ],
            [
              -2.1940385,
              51.7877895
            ],
            [
              -2.1941588,
              51.7877433
            ]
          ]
        ]
      },
      "id": "way/262533754"
    },
    {
      "type": "Feature",
      "properties": {
        "@id": "way/262533755",
        "building": "yes"
      },
      "geometry": {
        "type": "Polygon",
        "coordinates": [
          [
            [
              -2.1939458,
              51.7874041
            ],
            [
              -2.193917,
              51.7873684
            ],
            [
              -2.1938844,
              51.7873785
            ],
            [
              -2.1937873,
              51.7872585
            ],
            [
              -2.1938358,
              51.7872435
            ],
            [
              -2.1937845,
              51.7871802
            ],
            [
              -2.1939145,
              51.78714
            ],
            [
              -2.1939662,
              51.7872039
            ],
            [
              -2.1940146,
              51.7871889
            ],
            [
              -2.1939664,
              51.7871294
            ],
            [
              -2.1940567,
              51.7871014
            ],
            [
              -2.1940183,
              51.7870539
            ],
            [
              -2.1937489,
              51.7871374
            ],
            [
              -2.1937317,
              51.7871159
            ],
            [
              -2.1936472,
              51.7871425
            ],
            [
              -2.1936381,
              51.7871453
            ],
            [
              -2.1936555,
              51.7871668
            ],
            [
              -2.1936076,
              51.7871816
            ],
            [
              -2.1937275,
              51.7873298
            ],
            [
              -2.1937726,
              51.7873158
            ],
            [
              -2.1938645,
              51.7874293
            ],
            [
              -2.1939458,
              51.7874041
            ]
          ]
        ]
      },
      "id": "way/262533755"
    },
    {
      "type": "Feature",
      "properties": {
        "@id": "way/262533756",
        "building": "yes"
      },
      "geometry": {
        "type": "Polygon",
        "coordinates": [
          [
            [
              -2.1949842,
              51.7878157
            ],
            [
              -2.1948354,
              51.7876249
            ],
            [
              -2.1947316,
              51.7876559
            ],
            [
              -2.1948804,
              51.7878467
            ],
            [
              -2.1949842,
              51.7878157
            ]
          ]
        ]
      },
      "id": "way/262533756"
    },
    {
      "type": "Feature",
      "properties": {
        "@id": "way/262533757",
        "building": "yes"
      },
      "geometry": {
        "type": "Polygon",
        "coordinates": [
          [
            [
              -2.1955317,
              51.7880676
            ],
            [
              -2.1954891,
              51.7879999
            ],
            [
              -2.1950013,
              51.7881174
            ],
            [
              -2.1950506,
              51.7881957
            ],
            [
              -2.195166,
              51.7881679
            ],
            [
              -2.1951473,
              51.7881381
            ],
            [
              -2.1954429,
              51.7880669
            ],
            [
              -2.1954549,
              51.788086
            ],
            [
              -2.1955317,
              51.7880676
            ]
          ]
        ]
      },
      "id": "way/262533757"
    },
    {
      "type": "Feature",
      "properties": {
        "@id": "way/262533758",
        "addr:housename": "Hyett Orchard",
        "addr:postcode": "GL6 6RJ",
        "addr:street": "Ashwell",
        "building": "apartments"
      },
      "geometry": {
        "type": "Polygon",
        "coordinates": [
          [
            [
              -2.1954589,
              51.7877898
            ],
            [
              -2.1953112,
              51.7875953
            ],
            [
              -2.1952258,
              51.7876201
            ],
            [
              -2.1953107,
              51.7877319
            ],
            [
              -2.1948292,
              51.7878717
            ],
            [
              -2.194892,
              51.7879545
            ],
            [
              -2.1954589,
              51.7877898
            ]
          ]
        ]
      },
      "id": "way/262533758"
    },
    {
      "type": "Feature",
      "properties": {
        "@id": "way/262533759",
        "building": "yes"
      },
      "geometry": {
        "type": "Polygon",
        "coordinates": [
          [
            [
              -2.1959872,
              51.7876018
            ],
            [
              -2.195977,
              51.7874562
            ],
            [
              -2.195841,
              51.7874599
            ],
            [
              -2.1958513,
              51.7876054
            ],
            [
              -2.1959872,
              51.7876018
            ]
          ]
        ]
      },
      "id": "way/262533759"
    },
    {
      "type": "Feature",
      "properties": {
        "@id": "way/262533760",
        "building": "yes"
      },
      "geometry": {
        "type": "Polygon",
        "coordinates": [
          [
            [
              -2.1968454,
              51.7878751
            ],
            [
              -2.1968283,
              51.7878358
            ],
            [
              -2.196756,
              51.7878479
            ],
            [
              -2.1967478,
              51.7878289
            ],
            [
              -2.1965986,
              51.7878537
            ],
            [
              -2.1966337,
              51.7879342
            ],
            [
              -2.1967886,
              51.7879084
            ],
            [
              -2.1967789,
              51.7878862
            ],
            [
              -2.1968454,
              51.7878751
            ]
          ]
        ]
      },
      "id": "way/262533760"
    },
    {
      "type": "Feature",
      "properties": {
        "@id": "way/262533761",
        "building": "yes"
      },
      "geometry": {
        "type": "Polygon",
        "coordinates": [
          [
            [
              -2.1937372,
              51.7871142
            ],
            [
              -2.1937244,
              51.7870996
            ],
            [
              -2.1937474,
              51.787092
            ],
            [
              -2.1937128,
              51.7870521
            ],
            [
              -2.1936849,
              51.7870614
            ],
            [
              -2.1936567,
              51.7870287
            ],
            [
              -2.1937272,
              51.7870053
            ],
            [
              -2.1936799,
              51.7869506
            ],
            [
              -2.1937948,
              51.7869126
            ],
            [
              -2.1937678,
              51.7868815
            ],
            [
              -2.1936199,
              51.7869304
            ],
            [
              -2.1936106,
              51.7869196
            ],
            [
              -2.1934889,
              51.7869599
            ],
            [
              -2.1936472,
              51.7871425
            ],
            [
              -2.1937317,
              51.7871159
            ],
            [
              -2.1937372,
              51.7871142
            ]
          ]
        ]
      },
      "id": "way/262533761"
    },
    {
      "type": "Feature",
      "properties": {
        "@id": "way/262534314",
        "natural": "wood"
      },
      "geometry": {
        "type": "Polygon",
        "coordinates": [
          [
            [
              -2.197743,
              51.7820919
            ],
            [
              -2.1975432,
              51.7820139
            ],
            [
              -2.1973581,
              51.7821035
            ],
            [
              -2.1973729,
              51.7822155
            ],
            [
              -2.1967886,
              51.7822428
            ],
            [
              -2.1968056,
              51.7822877
            ],
            [
              -2.1969934,
              51.7823723
            ],
            [
              -2.1970765,
              51.7824254
            ],
            [
              -2.1974051,
              51.7824196
            ],
            [
              -2.197401,
              51.78233
            ],
            [
              -2.1974024,
              51.7822603
            ],
            [
              -2.1974963,
              51.7822064
            ],
            [
              -2.1975566,
              51.7822479
            ],
            [
              -2.1976656,
              51.7822088
            ],
            [
              -2.197743,
              51.7820919
            ]
          ]
        ]
      },
      "id": "way/262534314"
    },
    {
      "type": "Feature",
      "properties": {
        "@id": "way/262534704",
        "building": "yes"
      },
      "geometry": {
        "type": "Polygon",
        "coordinates": [
          [
            [
              -2.1934841,
              51.7875855
            ],
            [
              -2.1934168,
              51.7875676
            ],
            [
              -2.1934019,
              51.7875892
            ],
            [
              -2.1933542,
              51.7875766
            ],
            [
              -2.1933296,
              51.7876123
            ],
            [
              -2.1934446,
              51.7876427
            ],
            [
              -2.1934841,
              51.7875855
            ]
          ]
        ]
      },
      "id": "way/262534704"
    },
    {
      "type": "Feature",
      "properties": {
        "@id": "way/262577525",
        "building": "yes"
      },
      "geometry": {
        "type": "Polygon",
        "coordinates": [
          [
            [
              -2.1952325,
              51.7862154
            ],
            [
              -2.1951616,
              51.7861913
            ],
            [
              -2.1951378,
              51.7862182
            ],
            [
              -2.1952086,
              51.7862422
            ],
            [
              -2.1952325,
              51.7862154
            ]
          ]
        ]
      },
      "id": "way/262577525"
    },
    {
      "type": "Feature",
      "properties": {
        "@id": "way/262577527",
        "building": "yes"
      },
      "geometry": {
        "type": "Polygon",
        "coordinates": [
          [
            [
              -2.195419,
              51.7859668
            ],
            [
              -2.1953418,
              51.7859149
            ],
            [
              -2.1952862,
              51.7859506
            ],
            [
              -2.1953801,
              51.7859929
            ],
            [
              -2.195419,
              51.7859668
            ]
          ]
        ]
      },
      "id": "way/262577527"
    },
    {
      "type": "Feature",
      "properties": {
        "@id": "way/262577529",
        "addr:postcode": "GL6 6UN",
        "building": "yes"
      },
      "geometry": {
        "type": "Polygon",
        "coordinates": [
          [
            [
              -2.1953892,
              51.7860435
            ],
            [
              -2.1953337,
              51.7860266
            ],
            [
              -2.1953633,
              51.7859894
            ],
            [
              -2.1952608,
              51.7859582
            ],
            [
              -2.1952372,
              51.7859878
            ],
            [
              -2.1952206,
              51.7859828
            ],
            [
              -2.1951306,
              51.7860959
            ],
            [
              -2.1950871,
              51.7860827
            ],
            [
              -2.1950669,
              51.786108
            ],
            [
              -2.1951322,
              51.7861278
            ],
            [
              -2.1951183,
              51.7861453
            ],
            [
              -2.195185,
              51.7861656
            ],
            [
              -2.1951733,
              51.7861803
            ],
            [
              -2.1952672,
              51.7862089
            ],
            [
              -2.1952944,
              51.7861747
            ],
            [
              -2.1952189,
              51.7861516
            ],
            [
              -2.1952815,
              51.7860729
            ],
            [
              -2.1953494,
              51.7860936
            ],
            [
              -2.1953892,
              51.7860435
            ]
          ]
        ]
      },
      "id": "way/262577529"
    },
    {
      "type": "Feature",
      "properties": {
        "@id": "way/262577531",
        "building": "yes"
      },
      "geometry": {
        "type": "Polygon",
        "coordinates": [
          [
            [
              -2.1954176,
              51.7865277
            ],
            [
              -2.1953536,
              51.7864949
            ],
            [
              -2.1953029,
              51.7865328
            ],
            [
              -2.1953668,
              51.7865656
            ],
            [
              -2.1954176,
              51.7865277
            ]
          ]
        ]
      },
      "id": "way/262577531"
    },
    {
      "type": "Feature",
      "properties": {
        "@id": "way/262577537",
        "building": "yes"
      },
      "geometry": {
        "type": "Polygon",
        "coordinates": [
          [
            [
              -2.1972833,
              51.7859267
            ],
            [
              -2.1971944,
              51.7858954
            ],
            [
              -2.1972283,
              51.7858585
            ],
            [
              -2.1970995,
              51.7858133
            ],
            [
              -2.197017,
              51.7859031
            ],
            [
              -2.1972347,
              51.7859796
            ],
            [
              -2.1972833,
              51.7859267
            ]
          ]
        ]
      },
      "id": "way/262577537"
    },
    {
      "type": "Feature",
      "properties": {
        "@id": "way/262577538",
        "building": "yes"
      },
      "geometry": {
        "type": "Polygon",
        "coordinates": [
          [
            [
              -2.196288,
              51.7855432
            ],
            [
              -2.1961606,
              51.7854943
            ],
            [
              -2.196172,
              51.7854781
            ],
            [
              -2.1960841,
              51.7854495
            ],
            [
              -2.1961116,
              51.7854072
            ],
            [
              -2.1960312,
              51.7853827
            ],
            [
              -2.195822,
              51.7855992
            ],
            [
              -2.1959319,
              51.7856337
            ],
            [
              -2.1959735,
              51.7855893
            ],
            [
              -2.1960365,
              51.7856141
            ],
            [
              -2.1960701,
              51.7855868
            ],
            [
              -2.1961438,
              51.7856137
            ],
            [
              -2.1961861,
              51.7855747
            ],
            [
              -2.196231,
              51.7855938
            ],
            [
              -2.196288,
              51.7855432
            ]
          ]
        ]
      },
      "id": "way/262577538"
    },
    {
      "type": "Feature",
      "properties": {
        "@id": "way/262577539",
        "building": "yes"
      },
      "geometry": {
        "type": "Polygon",
        "coordinates": [
          [
            [
              -2.1947769,
              51.7866006
            ],
            [
              -2.1947189,
              51.7865757
            ],
            [
              -2.1946878,
              51.7866034
            ],
            [
              -2.1947458,
              51.7866283
            ],
            [
              -2.1947769,
              51.7866006
            ]
          ]
        ]
      },
      "id": "way/262577539"
    },
    {
      "type": "Feature",
      "properties": {
        "@id": "way/262577540",
        "building": "yes"
      },
      "geometry": {
        "type": "Polygon",
        "coordinates": [
          [
            [
              -2.1943139,
              51.7866669
            ],
            [
              -2.1942616,
              51.7866163
            ],
            [
              -2.1940175,
              51.7867424
            ],
            [
              -2.1941348,
              51.7868395
            ],
            [
              -2.1942093,
              51.7868042
            ],
            [
              -2.1941503,
              51.7867495
            ],
            [
              -2.1942381,
              51.7867072
            ],
            [
              -2.1942736,
              51.7867358
            ],
            [
              -2.1943199,
              51.7867175
            ],
            [
              -2.1942797,
              51.7866798
            ],
            [
              -2.1943139,
              51.7866669
            ]
          ]
        ]
      },
      "id": "way/262577540"
    },
    {
      "type": "Feature",
      "properties": {
        "@id": "way/262577542",
        "building": "yes"
      },
      "geometry": {
        "type": "Polygon",
        "coordinates": [
          [
            [
              -2.1961439,
              51.785791
            ],
            [
              -2.1960724,
              51.7857687
            ],
            [
              -2.1959616,
              51.7859044
            ],
            [
              -2.1960331,
              51.7859267
            ],
            [
              -2.1961439,
              51.785791
            ]
          ]
        ]
      },
      "id": "way/262577542"
    },
    {
      "type": "Feature",
      "properties": {
        "@id": "way/262577543",
        "building": "yes"
      },
      "geometry": {
        "type": "Polygon",
        "coordinates": [
          [
            [
              -2.1955652,
              51.7858866
            ],
            [
              -2.1954668,
              51.7858327
            ],
            [
              -2.1953475,
              51.7859161
            ],
            [
              -2.1954459,
              51.78597
            ],
            [
              -2.1955652,
              51.7858866
            ]
          ]
        ]
      },
      "id": "way/262577543"
    },
    {
      "type": "Feature",
      "properties": {
        "@id": "way/262577545",
        "building": "yes"
      },
      "geometry": {
        "type": "Polygon",
        "coordinates": [
          [
            [
              -2.1950996,
              51.7862543
            ],
            [
              -2.1950481,
              51.7862234
            ],
            [
              -2.1949967,
              51.7862563
            ],
            [
              -2.1950482,
              51.7862871
            ],
            [
              -2.1950996,
              51.7862543
            ]
          ]
        ]
      },
      "id": "way/262577545"
    },
    {
      "type": "Feature",
      "properties": {
        "@id": "way/262577546",
        "building": "yes"
      },
      "geometry": {
        "type": "Polygon",
        "coordinates": [
          [
            [
              -2.1960123,
              51.7859488
            ],
            [
              -2.1957913,
              51.7858791
            ],
            [
              -2.1957527,
              51.785926
            ],
            [
              -2.1959736,
              51.7859957
            ],
            [
              -2.1960123,
              51.7859488
            ]
          ]
        ]
      },
      "id": "way/262577546"
    },
    {
      "type": "Feature",
      "properties": {
        "@id": "way/262577547",
        "building": "yes"
      },
      "geometry": {
        "type": "Polygon",
        "coordinates": [
          [
            [
              -2.1973119,
              51.7872114
            ],
            [
              -2.1972838,
              51.7872081
            ],
            [
              -2.1972972,
              51.7871651
            ],
            [
              -2.1972085,
              51.7871546
            ],
            [
              -2.1971794,
              51.7872483
            ],
            [
              -2.1972136,
              51.7872523
            ],
            [
              -2.1971842,
              51.7873472
            ],
            [
              -2.1972834,
              51.787359
            ],
            [
              -2.1973146,
              51.7872585
            ],
            [
              -2.1972979,
              51.7872565
            ],
            [
              -2.1973119,
              51.7872114
            ]
          ]
        ]
      },
      "id": "way/262577547"
    },
    {
      "type": "Feature",
      "properties": {
        "@id": "way/262577549",
        "building": "yes"
      },
      "geometry": {
        "type": "Polygon",
        "coordinates": [
          [
            [
              -2.1974153,
              51.7868091
            ],
            [
              -2.1973721,
              51.7868045
            ],
            [
              -2.1973869,
              51.7867513
            ],
            [
              -2.197296,
              51.7867416
            ],
            [
              -2.1972825,
              51.7867899
            ],
            [
              -2.1973163,
              51.7867935
            ],
            [
              -2.1972895,
              51.7868889
            ],
            [
              -2.1973899,
              51.7868996
            ],
            [
              -2.1974153,
              51.7868091
            ]
          ]
        ]
      },
      "id": "way/262577549"
    },
    {
      "type": "Feature",
      "properties": {
        "@id": "way/262577551",
        "building": "yes"
      },
      "geometry": {
        "type": "Polygon",
        "coordinates": [
          [
            [
              -2.1950334,
              51.7864181
            ],
            [
              -2.1949858,
              51.7864023
            ],
            [
              -2.1950173,
              51.7863583
            ],
            [
              -2.1950696,
              51.7863815
            ],
            [
              -2.1951065,
              51.7863475
            ],
            [
              -2.1949207,
              51.7862641
            ],
            [
              -2.1949724,
              51.7862231
            ],
            [
              -2.1949013,
              51.786187
            ],
            [
              -2.1946941,
              51.78636
            ],
            [
              -2.194747,
              51.7863844
            ],
            [
              -2.1947759,
              51.7863977
            ],
            [
              -2.1948362,
              51.7863546
            ],
            [
              -2.1949549,
              51.7864027
            ],
            [
              -2.1949288,
              51.7864413
            ],
            [
              -2.1949945,
              51.7864641
            ],
            [
              -2.1950334,
              51.7864181
            ]
          ]
        ]
      },
      "id": "way/262577551"
    },
    {
      "type": "Feature",
      "properties": {
        "@id": "way/262577553",
        "building": "yes"
      },
      "geometry": {
        "type": "Polygon",
        "coordinates": [
          [
            [
              -2.1971564,
              51.7875805
            ],
            [
              -2.1970548,
              51.7875672
            ],
            [
              -2.1970214,
              51.7876649
            ],
            [
              -2.1971229,
              51.7876782
            ],
            [
              -2.1971564,
              51.7875805
            ]
          ]
        ]
      },
      "id": "way/262577553"
    },
    {
      "type": "Feature",
      "properties": {
        "@id": "way/262577554",
        "building": "yes"
      },
      "geometry": {
        "type": "Polygon",
        "coordinates": [
          [
            [
              -2.1960791,
              51.7867227
            ],
            [
              -2.1960354,
              51.7865322
            ],
            [
              -2.1959371,
              51.7865409
            ],
            [
              -2.1959808,
              51.7867313
            ],
            [
              -2.1960791,
              51.7867227
            ]
          ]
        ]
      },
      "id": "way/262577554"
    },
    {
      "type": "Feature",
      "properties": {
        "@id": "way/262577555",
        "building": "yes"
      },
      "geometry": {
        "type": "Polygon",
        "coordinates": [
          [
            [
              -2.1958067,
              51.7856561
            ],
            [
              -2.1957285,
              51.7856176
            ],
            [
              -2.195616,
              51.7857051
            ],
            [
              -2.1956942,
              51.7857436
            ],
            [
              -2.1958067,
              51.7856561
            ]
          ]
        ]
      },
      "id": "way/262577555"
    },
    {
      "type": "Feature",
      "properties": {
        "@id": "way/262577556",
        "building": "yes",
        "name": "Bowls Club"
      },
      "geometry": {
        "type": "Polygon",
        "coordinates": [
          [
            [
              -2.1965284,
              51.7863443
            ],
            [
              -2.1963789,
              51.7863106
            ],
            [
              -2.1962366,
              51.7862786
            ],
            [
              -2.1961931,
              51.7863525
            ],
            [
              -2.1964849,
              51.7864182
            ],
            [
              -2.1965284,
              51.7863443
            ]
          ]
        ]
      },
      "id": "way/262577556"
    },
    {
      "type": "Feature",
      "properties": {
        "@id": "way/262577557",
        "addr:postcode": "GL6 6RQ",
        "building": "yes"
      },
      "geometry": {
        "type": "Polygon",
        "coordinates": [
          [
            [
              -2.1970141,
              51.787662
            ],
            [
              -2.1969204,
              51.7876499
            ],
            [
              -2.1969065,
              51.7876908
            ],
            [
              -2.1969415,
              51.7876953
            ],
            [
              -2.1969096,
              51.7877895
            ],
            [
              -2.1970049,
              51.7878018
            ],
            [
              -2.197036,
              51.78771
            ],
            [
              -2.1969995,
              51.7877053
            ],
            [
              -2.1970141,
              51.787662
            ]
          ]
        ]
      },
      "id": "way/262577557"
    },
    {
      "type": "Feature",
      "properties": {
        "@id": "way/262577558",
        "building": "yes"
      },
      "geometry": {
        "type": "Polygon",
        "coordinates": [
          [
            [
              -2.194849,
              51.786513
            ],
            [
              -2.1947846,
              51.7864857
            ],
            [
              -2.1947705,
              51.7864956
            ],
            [
              -2.1947216,
              51.786477
            ],
            [
              -2.1947497,
              51.7864396
            ],
            [
              -2.1947155,
              51.7864309
            ],
            [
              -2.194747,
              51.7863844
            ],
            [
              -2.1946941,
              51.78636
            ],
            [
              -2.1946505,
              51.7864035
            ],
            [
              -2.1946237,
              51.7863969
            ],
            [
              -2.1945694,
              51.7864525
            ],
            [
              -2.1944587,
              51.7865263
            ],
            [
              -2.1946632,
              51.7865981
            ],
            [
              -2.1947015,
              51.786562
            ],
            [
              -2.194572,
              51.7865172
            ],
            [
              -2.1946264,
              51.7864823
            ],
            [
              -2.1948141,
              51.7865433
            ],
            [
              -2.194849,
              51.786513
            ]
          ]
        ]
      },
      "id": "way/262577558"
    },
    {
      "type": "Feature",
      "properties": {
        "@id": "way/262577559",
        "building": "yes"
      },
      "geometry": {
        "type": "Polygon",
        "coordinates": [
          [
            [
              -2.1954385,
              51.7864459
            ],
            [
              -2.195344,
              51.7863903
            ],
            [
              -2.195279,
              51.7864326
            ],
            [
              -2.1953735,
              51.7864881
            ],
            [
              -2.1954385,
              51.7864459
            ]
          ]
        ]
      },
      "id": "way/262577559"
    },
    {
      "type": "Feature",
      "properties": {
        "@id": "way/262577560",
        "building": "yes"
      },
      "geometry": {
        "type": "Polygon",
        "coordinates": [
          [
            [
              -2.1945922,
              51.786642
            ],
            [
              -2.1944413,
              51.786528
            ],
            [
              -2.1942616,
              51.7866163
            ],
            [
              -2.1943555,
              51.7866989
            ],
            [
              -2.1944366,
              51.7866677
            ],
            [
              -2.1944467,
              51.7866765
            ],
            [
              -2.1944956,
              51.7866528
            ],
            [
              -2.1945285,
              51.7866785
            ],
            [
              -2.1945922,
              51.786642
            ]
          ]
        ]
      },
      "id": "way/262577560"
    },
    {
      "type": "Feature",
      "properties": {
        "@id": "way/262577562",
        "building": "yes"
      },
      "geometry": {
        "type": "Polygon",
        "coordinates": [
          [
            [
              -2.1956614,
              51.7866329
            ],
            [
              -2.1955992,
              51.7866103
            ],
            [
              -2.1955697,
              51.7866414
            ],
            [
              -2.1955436,
              51.7866319
            ],
            [
              -2.1954563,
              51.7867237
            ],
            [
              -2.1955282,
              51.7867498
            ],
            [
              -2.1956044,
              51.7866696
            ],
            [
              -2.1956208,
              51.7866756
            ],
            [
              -2.1956614,
              51.7866329
            ]
          ]
        ]
      },
      "id": "way/262577562"
    },
    {
      "type": "Feature",
      "properties": {
        "@id": "way/262577563",
        "building": "yes"
      },
      "geometry": {
        "type": "Polygon",
        "coordinates": [
          [
            [
              -2.195682,
              51.7859489
            ],
            [
              -2.1957244,
              51.7858908
            ],
            [
              -2.195691,
              51.7858815
            ],
            [
              -2.1957542,
              51.7857951
            ],
            [
              -2.1955366,
              51.7857342
            ],
            [
              -2.1954652,
              51.7858319
            ],
            [
              -2.1955999,
              51.7858696
            ],
            [
              -2.1955657,
              51.7859164
            ],
            [
              -2.195682,
              51.7859489
            ]
          ]
        ]
      },
      "id": "way/262577563"
    },
    {
      "type": "Feature",
      "properties": {
        "@id": "way/262577564",
        "building": "yes"
      },
      "geometry": {
        "type": "Polygon",
        "coordinates": [
          [
            [
              -2.1951235,
              51.7861491
            ],
            [
              -2.1950637,
              51.7861166
            ],
            [
              -2.1949607,
              51.786189
            ],
            [
              -2.1950206,
              51.7862216
            ],
            [
              -2.1951235,
              51.7861491
            ]
          ]
        ]
      },
      "id": "way/262577564"
    },
    {
      "type": "Feature",
      "properties": {
        "@id": "way/262577565",
        "building": "yes"
      },
      "geometry": {
        "type": "Polygon",
        "coordinates": [
          [
            [
              -2.1973717,
              51.787072
            ],
            [
              -2.197276,
              51.7870598
            ],
            [
              -2.1972455,
              51.7871511
            ],
            [
              -2.1973412,
              51.7871634
            ],
            [
              -2.1973717,
              51.787072
            ]
          ]
        ]
      },
      "id": "way/262577565"
    },
    {
      "type": "Feature",
      "properties": {
        "@id": "way/262577566",
        "building": "yes"
      },
      "geometry": {
        "type": "Polygon",
        "coordinates": [
          [
            [
              -2.1973698,
              51.7869482
            ],
            [
              -2.197273,
              51.7869354
            ],
            [
              -2.1972412,
              51.7870271
            ],
            [
              -2.1973379,
              51.7870399
            ],
            [
              -2.1973698,
              51.7869482
            ]
          ]
        ]
      },
      "id": "way/262577566"
    },
    {
      "type": "Feature",
      "properties": {
        "@id": "way/262577568",
        "building": "yes"
      },
      "geometry": {
        "type": "Polygon",
        "coordinates": [
          [
            [
              -2.1972783,
              51.7865713
            ],
            [
              -2.1972886,
              51.7865012
            ],
            [
              -2.1971992,
              51.7864962
            ],
            [
              -2.1971975,
              51.7865083
            ],
            [
              -2.1970837,
              51.7865019
            ],
            [
              -2.1970712,
              51.7865866
            ],
            [
              -2.1970253,
              51.786584
            ],
            [
              -2.1970195,
              51.7866231
            ],
            [
              -2.1971887,
              51.7866327
            ],
            [
              -2.1971944,
              51.7865943
            ],
            [
              -2.1971408,
              51.7865912
            ],
            [
              -2.1971449,
              51.7865638
            ],
            [
              -2.1972783,
              51.7865713
            ]
          ]
        ]
      },
      "id": "way/262577568"
    },
    {
      "type": "Feature",
      "properties": {
        "@id": "way/262577569",
        "building": "yes"
      },
      "geometry": {
        "type": "Polygon",
        "coordinates": [
          [
            [
              -2.1964298,
              51.7866791
            ],
            [
              -2.1963805,
              51.7864873
            ],
            [
              -2.1962821,
              51.786497
            ],
            [
              -2.1963315,
              51.7866888
            ],
            [
              -2.1964298,
              51.7866791
            ]
          ]
        ]
      },
      "id": "way/262577569"
    },
    {
      "type": "Feature",
      "properties": {
        "@id": "way/262577570",
        "building": "yes"
      },
      "geometry": {
        "type": "Polygon",
        "coordinates": [
          [
            [
              -2.1951583,
              51.7862883
            ],
            [
              -2.1951077,
              51.7862572
            ],
            [
              -2.1950525,
              51.7862915
            ],
            [
              -2.1951031,
              51.7863226
            ],
            [
              -2.1951583,
              51.7862883
            ]
          ]
        ]
      },
      "id": "way/262577570"
    },
    {
      "type": "Feature",
      "properties": {
        "@id": "way/262577571",
        "building": "yes"
      },
      "geometry": {
        "type": "Polygon",
        "coordinates": [
          [
            [
              -2.1962625,
              51.7864996
            ],
            [
              -2.1962466,
              51.7864107
            ],
            [
              -2.1961547,
              51.786417
            ],
            [
              -2.1961604,
              51.7864485
            ],
            [
              -2.1960474,
              51.7864562
            ],
            [
              -2.1960576,
              51.7865136
            ],
            [
              -2.1962625,
              51.7864996
            ]
          ]
        ]
      },
      "id": "way/262577571"
    },
    {
      "type": "Feature",
      "properties": {
        "@id": "way/262577572",
        "building": "yes"
      },
      "geometry": {
        "type": "Polygon",
        "coordinates": [
          [
            [
              -2.1956995,
              51.7865349
            ],
            [
              -2.1955574,
              51.7864619
            ],
            [
              -2.1954991,
              51.7865054
            ],
            [
              -2.1956412,
              51.7865783
            ],
            [
              -2.1956995,
              51.7865349
            ]
          ]
        ]
      },
      "id": "way/262577572"
    },
    {
      "type": "Feature",
      "properties": {
        "@id": "way/262577573",
        "building": "yes"
      },
      "geometry": {
        "type": "Polygon",
        "coordinates": [
          [
            [
              -2.1972143,
              51.7873919
            ],
            [
              -2.1971165,
              51.7873811
            ],
            [
              -2.1970901,
              51.787473
            ],
            [
              -2.1971878,
              51.7874838
            ],
            [
              -2.1972143,
              51.7873919
            ]
          ]
        ]
      },
      "id": "way/262577573"
    },
    {
      "type": "Feature",
      "properties": {
        "@id": "way/262577574",
        "building": "yes"
      },
      "geometry": {
        "type": "Polygon",
        "coordinates": [
          [
            [
              -2.1947981,
              51.7866547
            ],
            [
              -2.194735,
              51.7866266
            ],
            [
              -2.1946911,
              51.7866644
            ],
            [
              -2.1947542,
              51.7866925
            ],
            [
              -2.1947981,
              51.7866547
            ]
          ]
        ]
      },
      "id": "way/262577574"
    },
    {
      "type": "Feature",
      "properties": {
        "@id": "way/262673061",
        "building": "yes"
      },
      "geometry": {
        "type": "Polygon",
        "coordinates": [
          [
            [
              -2.1999762,
              51.7876872
            ],
            [
              -2.2000164,
              51.7876024
            ],
            [
              -2.1999747,
              51.7875948
            ],
            [
              -2.1999805,
              51.7875825
            ],
            [
              -2.199875,
              51.7875634
            ],
            [
              -2.199829,
              51.7876605
            ],
            [
              -2.1999762,
              51.7876872
            ]
          ]
        ]
      },
      "id": "way/262673061"
    },
    {
      "type": "Feature",
      "properties": {
        "@id": "way/262673062",
        "building": "yes"
      },
      "geometry": {
        "type": "Polygon",
        "coordinates": [
          [
            [
              -2.1987691,
              51.7861536
            ],
            [
              -2.1984848,
              51.786077
            ],
            [
              -2.1984557,
              51.7861184
            ],
            [
              -2.198491,
              51.7861279
            ],
            [
              -2.1984454,
              51.7861927
            ],
            [
              -2.1984926,
              51.7862054
            ],
            [
              -2.1985136,
              51.7861757
            ],
            [
              -2.1985913,
              51.7861967
            ],
            [
              -2.1985852,
              51.7862054
            ],
            [
              -2.1986149,
              51.7862134
            ],
            [
              -2.1986226,
              51.7862025
            ],
            [
              -2.1986683,
              51.7862148
            ],
            [
              -2.1986787,
              51.7862002
            ],
            [
              -2.1987271,
              51.7862132
            ],
            [
              -2.1987691,
              51.7861536
            ]
          ]
        ]
      },
      "id": "way/262673062"
    },
    {
      "type": "Feature",
      "properties": {
        "@id": "way/262673063",
        "building": "yes"
      },
      "geometry": {
        "type": "Polygon",
        "coordinates": [
          [
            [
              -2.1983803,
              51.7866244
            ],
            [
              -2.1983717,
              51.7866213
            ],
            [
              -2.1983956,
              51.7865958
            ],
            [
              -2.1983492,
              51.7865792
            ],
            [
              -2.1983288,
              51.7866009
            ],
            [
              -2.1983179,
              51.7865969
            ],
            [
              -2.198245,
              51.7866747
            ],
            [
              -2.198311,
              51.7866984
            ],
            [
              -2.1983803,
              51.7866244
            ]
          ]
        ]
      },
      "id": "way/262673063"
    },
    {
      "type": "Feature",
      "properties": {
        "@id": "way/262673064",
        "building": "yes"
      },
      "geometry": {
        "type": "Polygon",
        "coordinates": [
          [
            [
              -2.1991299,
              51.7873806
            ],
            [
              -2.1991623,
              51.7873303
            ],
            [
              -2.1991044,
              51.7873161
            ],
            [
              -2.1991391,
              51.7872621
            ],
            [
              -2.1990529,
              51.787241
            ],
            [
              -2.1989859,
              51.7873452
            ],
            [
              -2.1991299,
              51.7873806
            ]
          ]
        ]
      },
      "id": "way/262673064"
    },
    {
      "type": "Feature",
      "properties": {
        "@id": "way/262673065",
        "building": "yes"
      },
      "geometry": {
        "type": "Polygon",
        "coordinates": [
          [
            [
              -2.2006268,
              51.7868595
            ],
            [
              -2.2006333,
              51.7868423
            ],
            [
              -2.2005742,
              51.7868337
            ],
            [
              -2.2005677,
              51.7868509
            ],
            [
              -2.2006268,
              51.7868595
            ]
          ]
        ]
      },
      "id": "way/262673065"
    },
    {
      "type": "Feature",
      "properties": {
        "@id": "way/262673066",
        "building": "yes"
      },
      "geometry": {
        "type": "Polygon",
        "coordinates": [
          [
            [
              -2.2005817,
              51.7868601
            ],
            [
              -2.2004519,
              51.7868364
            ],
            [
              -2.2004316,
              51.7868789
            ],
            [
              -2.2004436,
              51.7868811
            ],
            [
              -2.2004197,
              51.7869311
            ],
            [
              -2.2004036,
              51.7869282
            ],
            [
              -2.2003823,
              51.7869726
            ],
            [
              -2.2005163,
              51.7869971
            ],
            [
              -2.2005817,
              51.7868601
            ]
          ]
        ]
      },
      "id": "way/262673066"
    },
    {
      "type": "Feature",
      "properties": {
        "@id": "way/262673067",
        "building": "yes"
      },
      "geometry": {
        "type": "Polygon",
        "coordinates": [
          [
            [
              -2.2002598,
              51.7864257
            ],
            [
              -2.2002039,
              51.7864112
            ],
            [
              -2.2001593,
              51.7864771
            ],
            [
              -2.2002152,
              51.7864916
            ],
            [
              -2.2002598,
              51.7864257
            ]
          ]
        ]
      },
      "id": "way/262673067"
    },
    {
      "type": "Feature",
      "properties": {
        "@id": "way/262673068",
        "building": "yes"
      },
      "geometry": {
        "type": "Polygon",
        "coordinates": [
          [
            [
              -2.1990448,
              51.7871721
            ],
            [
              -2.1989554,
              51.7871498
            ],
            [
              -2.198923,
              51.7871996
            ],
            [
              -2.1990123,
              51.7872219
            ],
            [
              -2.1990448,
              51.7871721
            ]
          ]
        ]
      },
      "id": "way/262673068"
    },
    {
      "type": "Feature",
      "properties": {
        "@id": "way/262673069",
        "building": "yes"
      },
      "geometry": {
        "type": "Polygon",
        "coordinates": [
          [
            [
              -2.2002531,
              51.7868698
            ],
            [
              -2.200336,
              51.7866815
            ],
            [
              -2.2001912,
              51.7866571
            ],
            [
              -2.2001608,
              51.7867261
            ],
            [
              -2.2002286,
              51.7867375
            ],
            [
              -2.2001961,
              51.7868113
            ],
            [
              -2.2001649,
              51.7868061
            ],
            [
              -2.2001449,
              51.7868515
            ],
            [
              -2.2002531,
              51.7868698
            ]
          ]
        ]
      },
      "id": "way/262673069"
    },
    {
      "type": "Feature",
      "properties": {
        "@id": "way/262673070",
        "building": "detached"
      },
      "geometry": {
        "type": "Polygon",
        "coordinates": [
          [
            [
              -2.1994168,
              51.7864745
            ],
            [
              -2.1992677,
              51.7864363
            ],
            [
              -2.1992601,
              51.7864477
            ],
            [
              -2.1992035,
              51.7864332
            ],
            [
              -2.1991484,
              51.7865156
            ],
            [
              -2.1992632,
              51.786545
            ],
            [
              -2.1992809,
              51.7865185
            ],
            [
              -2.1993718,
              51.7865418
            ],
            [
              -2.1994168,
              51.7864745
            ]
          ]
        ]
      },
      "id": "way/262673070"
    },
    {
      "type": "Feature",
      "properties": {
        "@id": "way/262673071",
        "building": "yes"
      },
      "geometry": {
        "type": "Polygon",
        "coordinates": [
          [
            [
              -2.2018307,
              51.7869155
            ],
            [
              -2.2018277,
              51.7868616
            ],
            [
              -2.2017446,
              51.7868634
            ],
            [
              -2.2017477,
              51.7869173
            ],
            [
              -2.2018307,
              51.7869155
            ]
          ]
        ]
      },
      "id": "way/262673071"
    },
    {
      "type": "Feature",
      "properties": {
        "@id": "way/262673072",
        "building": "detached"
      },
      "geometry": {
        "type": "Polygon",
        "coordinates": [
          [
            [
              -2.1999129,
              51.7867622
            ],
            [
              -2.1999465,
              51.786693
            ],
            [
              -2.1998156,
              51.7866687
            ],
            [
              -2.1998574,
              51.7865824
            ],
            [
              -2.1997917,
              51.7865702
            ],
            [
              -2.199802,
              51.7865489
            ],
            [
              -2.1996743,
              51.7865253
            ],
            [
              -2.1996422,
              51.7865917
            ],
            [
              -2.1997454,
              51.7866108
            ],
            [
              -2.1997105,
              51.786683
            ],
            [
              -2.1998259,
              51.7867044
            ],
            [
              -2.1998073,
              51.7867426
            ],
            [
              -2.1999129,
              51.7867622
            ]
          ]
        ]
      },
      "id": "way/262673072"
    },
    {
      "type": "Feature",
      "properties": {
        "@id": "way/262673073",
        "addr:postcode": "GL6 6UR",
        "building": "yes"
      },
      "geometry": {
        "type": "Polygon",
        "coordinates": [
          [
            [
              -2.2004805,
              51.7872278
            ],
            [
              -2.2004299,
              51.7872147
            ],
            [
              -2.2004379,
              51.7872028
            ],
            [
              -2.2003419,
              51.7871779
            ],
            [
              -2.2002638,
              51.7872928
            ],
            [
              -2.2003683,
              51.7873199
            ],
            [
              -2.2003919,
              51.7872852
            ],
            [
              -2.2004341,
              51.7872962
            ],
            [
              -2.2004805,
              51.7872278
            ]
          ]
        ]
      },
      "id": "way/262673073"
    },
    {
      "type": "Feature",
      "properties": {
        "@id": "way/262673074",
        "building": "yes"
      },
      "geometry": {
        "type": "Polygon",
        "coordinates": [
          [
            [
              -2.200159,
              51.787471
            ],
            [
              -2.2000831,
              51.7874533
            ],
            [
              -2.2000657,
              51.787482
            ],
            [
              -2.2001416,
              51.7874996
            ],
            [
              -2.200159,
              51.787471
            ]
          ]
        ]
      },
      "id": "way/262673074"
    },
    {
      "type": "Feature",
      "properties": {
        "@id": "way/262673075",
        "building": "yes"
      },
      "geometry": {
        "type": "Polygon",
        "coordinates": [
          [
            [
              -2.1977302,
              51.7875006
            ],
            [
              -2.1976387,
              51.7874877
            ],
            [
              -2.1975833,
              51.787638
            ],
            [
              -2.1976894,
              51.787653
            ],
            [
              -2.1977118,
              51.7875922
            ],
            [
              -2.1976971,
              51.7875901
            ],
            [
              -2.1977302,
              51.7875006
            ]
          ]
        ]
      },
      "id": "way/262673075"
    },
    {
      "type": "Feature",
      "properties": {
        "@id": "way/262673077",
        "building": "yes"
      },
      "geometry": {
        "type": "Polygon",
        "coordinates": [
          [
            [
              -2.1986203,
              51.7870067
            ],
            [
              -2.1986227,
              51.7869827
            ],
            [
              -2.1985472,
              51.7869798
            ],
            [
              -2.1985448,
              51.7870038
            ],
            [
              -2.1986203,
              51.7870067
            ]
          ]
        ]
      },
      "id": "way/262673077"
    },
    {
      "type": "Feature",
      "properties": {
        "@id": "way/262673078",
        "building": "yes"
      },
      "geometry": {
        "type": "Polygon",
        "coordinates": [
          [
            [
              -2.1996692,
              51.7876762
            ],
            [
              -2.1996972,
              51.7876078
            ],
            [
              -2.199668,
              51.7876033
            ],
            [
              -2.1996789,
              51.7875767
            ],
            [
              -2.1995653,
              51.7875589
            ],
            [
              -2.1995264,
              51.7876538
            ],
            [
              -2.1996692,
              51.7876762
            ]
          ]
        ]
      },
      "id": "way/262673078"
    },
    {
      "type": "Feature",
      "properties": {
        "@id": "way/262673080",
        "building": "yes"
      },
      "geometry": {
        "type": "Polygon",
        "coordinates": [
          [
            [
              -2.1988807,
              51.787323
            ],
            [
              -2.198838,
              51.7873767
            ],
            [
              -2.1989123,
              51.7873994
            ],
            [
              -2.1989551,
              51.7873457
            ],
            [
              -2.1988807,
              51.787323
            ]
          ]
        ]
      },
      "id": "way/262673080"
    },
    {
      "type": "Feature",
      "properties": {
        "@id": "way/262673082",
        "building": "yes"
      },
      "geometry": {
        "type": "Polygon",
        "coordinates": [
          [
            [
              -2.200693,
              51.7868052
            ],
            [
              -2.2007167,
              51.7867481
            ],
            [
              -2.2005933,
              51.7867285
            ],
            [
              -2.2006117,
              51.7866844
            ],
            [
              -2.2005548,
              51.7866753
            ],
            [
              -2.2005411,
              51.7867084
            ],
            [
              -2.2005185,
              51.7867048
            ],
            [
              -2.2004796,
              51.7867983
            ],
            [
              -2.2005649,
              51.7868118
            ],
            [
              -2.2005806,
              51.7867739
            ],
            [
              -2.2006414,
              51.7867836
            ],
            [
              -2.2006361,
              51.7867962
            ],
            [
              -2.200693,
              51.7868052
            ]
          ]
        ]
      },
      "id": "way/262673082"
    },
    {
      "type": "Feature",
      "properties": {
        "@id": "way/262673085",
        "building": "yes"
      },
      "geometry": {
        "type": "Polygon",
        "coordinates": [
          [
            [
              -2.2003175,
              51.7871458
            ],
            [
              -2.2002359,
              51.7871243
            ],
            [
              -2.2002023,
              51.7871733
            ],
            [
              -2.2002839,
              51.7871947
            ],
            [
              -2.2003175,
              51.7871458
            ]
          ]
        ]
      },
      "id": "way/262673085"
    },
    {
      "type": "Feature",
      "properties": {
        "@id": "way/262673087",
        "building": "yes"
      },
      "geometry": {
        "type": "Polygon",
        "coordinates": [
          [
            [
              -2.1977891,
              51.7874622
            ],
            [
              -2.1978018,
              51.7874222
            ],
            [
              -2.1977063,
              51.7874106
            ],
            [
              -2.1976936,
              51.7874506
            ],
            [
              -2.1977891,
              51.7874622
            ]
          ]
        ]
      },
      "id": "way/262673087"
    },
    {
      "type": "Feature",
      "properties": {
        "@id": "way/262673088",
        "building": "yes"
      },
      "geometry": {
        "type": "Polygon",
        "coordinates": [
          [
            [
              -2.2000247,
              51.7869545
            ],
            [
              -2.20001,
              51.7869516
            ],
            [
              -2.2000256,
              51.7869214
            ],
            [
              -2.1999508,
              51.7869067
            ],
            [
              -2.1999361,
              51.7869353
            ],
            [
              -2.1999016,
              51.7869285
            ],
            [
              -2.1998584,
              51.7870125
            ],
            [
              -2.1999824,
              51.7870369
            ],
            [
              -2.2000247,
              51.7869545
            ]
          ]
        ]
      },
      "id": "way/262673088"
    },
    {
      "type": "Feature",
      "properties": {
        "@id": "way/262673090",
        "building": "yes"
      },
      "geometry": {
        "type": "Polygon",
        "coordinates": [
          [
            [
              -2.1999067,
              51.7871706
            ],
            [
              -2.1999489,
              51.7870849
            ],
            [
              -2.1998464,
              51.7870656
            ],
            [
              -2.1998042,
              51.7871512
            ],
            [
              -2.1999067,
              51.7871706
            ]
          ]
        ]
      },
      "id": "way/262673090"
    },
    {
      "type": "Feature",
      "properties": {
        "@id": "way/262673093",
        "building": "yes"
      },
      "geometry": {
        "type": "Polygon",
        "coordinates": [
          [
            [
              -2.1982533,
              51.7875212
            ],
            [
              -2.1981686,
              51.787416
            ],
            [
              -2.1980431,
              51.7874547
            ],
            [
              -2.1981112,
              51.7875392
            ],
            [
              -2.198144,
              51.7875291
            ],
            [
              -2.1981607,
              51.7875497
            ],
            [
              -2.1982533,
              51.7875212
            ]
          ]
        ]
      },
      "id": "way/262673093"
    },
    {
      "type": "Feature",
      "properties": {
        "@id": "way/262673095",
        "building": "yes"
      },
      "geometry": {
        "type": "Polygon",
        "coordinates": [
          [
            [
              -2.1980098,
              51.7870254
            ],
            [
              -2.1977927,
              51.786976
            ],
            [
              -2.1977876,
              51.7869846
            ],
            [
              -2.1977407,
              51.7869739
            ],
            [
              -2.1977182,
              51.7870117
            ],
            [
              -2.1979092,
              51.7870552
            ],
            [
              -2.197879,
              51.787106
            ],
            [
              -2.1979402,
              51.7871199
            ],
            [
              -2.1979699,
              51.78707
            ],
            [
              -2.1979817,
              51.7870727
            ],
            [
              -2.1980098,
              51.7870254
            ]
          ]
        ]
      },
      "id": "way/262673095"
    },
    {
      "type": "Feature",
      "properties": {
        "@id": "way/262673098",
        "building": "yes"
      },
      "geometry": {
        "type": "Polygon",
        "coordinates": [
          [
            [
              -2.2003035,
              51.7874046
            ],
            [
              -2.2001986,
              51.7873757
            ],
            [
              -2.2001916,
              51.7873854
            ],
            [
              -2.2001758,
              51.7873811
            ],
            [
              -2.2001839,
              51.7873697
            ],
            [
              -2.2001499,
              51.7873604
            ],
            [
              -2.2001334,
              51.7873834
            ],
            [
              -2.2001587,
              51.7873903
            ],
            [
              -2.2001326,
              51.7874266
            ],
            [
              -2.200262,
              51.7874622
            ],
            [
              -2.2003035,
              51.7874046
            ]
          ]
        ]
      },
      "id": "way/262673098"
    },
    {
      "type": "Feature",
      "properties": {
        "@id": "way/262673102",
        "building": "yes"
      },
      "geometry": {
        "type": "Polygon",
        "coordinates": [
          [
            [
              -2.1988308,
              51.7864484
            ],
            [
              -2.1987772,
              51.7864337
            ],
            [
              -2.1987188,
              51.7865152
            ],
            [
              -2.1987724,
              51.7865299
            ],
            [
              -2.1988308,
              51.7864484
            ]
          ]
        ]
      },
      "id": "way/262673102"
    },
    {
      "type": "Feature",
      "properties": {
        "@id": "way/262673105",
        "building": "yes"
      },
      "geometry": {
        "type": "Polygon",
        "coordinates": [
          [
            [
              -2.1979017,
              51.7871895
            ],
            [
              -2.1979241,
              51.787155
            ],
            [
              -2.1978367,
              51.7871333
            ],
            [
              -2.1978143,
              51.7871678
            ],
            [
              -2.1979017,
              51.7871895
            ]
          ]
        ]
      },
      "id": "way/262673105"
    },
    {
      "type": "Feature",
      "properties": {
        "@id": "way/262673106",
        "building": "yes"
      },
      "geometry": {
        "type": "Polygon",
        "coordinates": [
          [
            [
              -2.199865,
              51.787221
            ],
            [
              -2.1998816,
              51.7871874
            ],
            [
              -2.1997687,
              51.787166
            ],
            [
              -2.199752,
              51.7871995
            ],
            [
              -2.199865,
              51.787221
            ]
          ]
        ]
      },
      "id": "way/262673106"
    },
    {
      "type": "Feature",
      "properties": {
        "@id": "way/262673108",
        "building": "yes"
      },
      "geometry": {
        "type": "Polygon",
        "coordinates": [
          [
            [
              -2.1981944,
              51.7867318
            ],
            [
              -2.198052,
              51.786689
            ],
            [
              -2.1980828,
              51.7866497
            ],
            [
              -2.1980553,
              51.7866415
            ],
            [
              -2.1980268,
              51.7866778
            ],
            [
              -2.1979339,
              51.78665
            ],
            [
              -2.1979621,
              51.7866141
            ],
            [
              -2.1979126,
              51.7865992
            ],
            [
              -2.1978523,
              51.786676
            ],
            [
              -2.1981646,
              51.7867698
            ],
            [
              -2.1981944,
              51.7867318
            ]
          ]
        ]
      },
      "id": "way/262673108"
    },
    {
      "type": "Feature",
      "properties": {
        "@id": "way/262673111",
        "building": "yes"
      },
      "geometry": {
        "type": "Polygon",
        "coordinates": [
          [
            [
              -2.2001488,
              51.7875234
            ],
            [
              -2.2000698,
              51.7875068
            ],
            [
              -2.2000579,
              51.7875284
            ],
            [
              -2.2001369,
              51.787545
            ],
            [
              -2.2001488,
              51.7875234
            ]
          ]
        ]
      },
      "id": "way/262673111"
    },
    {
      "type": "Feature",
      "properties": {
        "@id": "way/262673114",
        "building": "yes"
      },
      "geometry": {
        "type": "Polygon",
        "coordinates": [
          [
            [
              -2.198831,
              51.7876723
            ],
            [
              -2.1987576,
              51.787637
            ],
            [
              -2.1986998,
              51.7876829
            ],
            [
              -2.1987732,
              51.7877183
            ],
            [
              -2.198831,
              51.7876723
            ]
          ]
        ]
      },
      "id": "way/262673114"
    },
    {
      "type": "Feature",
      "properties": {
        "@id": "way/262673115",
        "building": "yes"
      },
      "geometry": {
        "type": "Polygon",
        "coordinates": [
          [
            [
              -2.1978625,
              51.7871862
            ],
            [
              -2.1977768,
              51.7871705
            ],
            [
              -2.1977328,
              51.7872627
            ],
            [
              -2.1978185,
              51.7872783
            ],
            [
              -2.1978625,
              51.7871862
            ]
          ]
        ]
      },
      "id": "way/262673115"
    },
    {
      "type": "Feature",
      "properties": {
        "@id": "way/262673119",
        "building": "yes"
      },
      "geometry": {
        "type": "Polygon",
        "coordinates": [
          [
            [
              -2.1986273,
              51.7874453
            ],
            [
              -2.198687,
              51.7872981
            ],
            [
              -2.1986582,
              51.7872936
            ],
            [
              -2.1986728,
              51.7872577
            ],
            [
              -2.1984843,
              51.7872285
            ],
            [
              -2.1985009,
              51.7871877
            ],
            [
              -2.1984546,
              51.7871806
            ],
            [
              -2.1984267,
              51.7872493
            ],
            [
              -2.1984108,
              51.7872888
            ],
            [
              -2.1984478,
              51.7872945
            ],
            [
              -2.1984386,
              51.7873173
            ],
            [
              -2.1985535,
              51.7873351
            ],
            [
              -2.1985159,
              51.7874281
            ],
            [
              -2.1986273,
              51.7874453
            ]
          ]
        ]
      },
      "id": "way/262673119"
    },
    {
      "type": "Feature",
      "properties": {
        "@id": "way/262673120",
        "building": "yes"
      },
      "geometry": {
        "type": "Polygon",
        "coordinates": [
          [
            [
              -2.1977578,
              51.7874032
            ],
            [
              -2.1977862,
              51.7873149
            ],
            [
              -2.1976985,
              51.7873041
            ],
            [
              -2.1976701,
              51.7873924
            ],
            [
              -2.1977578,
              51.7874032
            ]
          ]
        ]
      },
      "id": "way/262673120"
    },
    {
      "type": "Feature",
      "properties": {
        "@id": "way/262673121",
        "building": "yes"
      },
      "geometry": {
        "type": "Polygon",
        "coordinates": [
          [
            [
              -2.1982601,
              51.7872007
            ],
            [
              -2.1982762,
              51.7871367
            ],
            [
              -2.1981211,
              51.7871217
            ],
            [
              -2.1981131,
              51.7871536
            ],
            [
              -2.19809,
              51.7871514
            ],
            [
              -2.1980864,
              51.7871659
            ],
            [
              -2.1981059,
              51.7871678
            ],
            [
              -2.1980846,
              51.7872522
            ],
            [
              -2.1979925,
              51.7872433
            ],
            [
              -2.1979842,
              51.7872761
            ],
            [
              -2.1981724,
              51.7872942
            ],
            [
              -2.1981823,
              51.7872549
            ],
            [
              -2.1981459,
              51.7872514
            ],
            [
              -2.1981611,
              51.7871912
            ],
            [
              -2.1982601,
              51.7872007
            ]
          ]
        ]
      },
      "id": "way/262673121"
    },
    {
      "type": "Feature",
      "properties": {
        "@id": "way/262673122",
        "building": "yes"
      },
      "geometry": {
        "type": "Polygon",
        "coordinates": [
          [
            [
              -2.1981371,
              51.7876139
            ],
            [
              -2.1980745,
              51.7876071
            ],
            [
              -2.1980606,
              51.7876568
            ],
            [
              -2.1981232,
              51.7876635
            ],
            [
              -2.1981371,
              51.7876139
            ]
          ]
        ]
      },
      "id": "way/262673122"
    },
    {
      "type": "Feature",
      "properties": {
        "@id": "way/262673124",
        "addr:postcode": "GL6 6UP",
        "building": "yes"
      },
      "geometry": {
        "type": "Polygon",
        "coordinates": [
          [
            [
              -2.1988879,
              51.7863055
            ],
            [
              -2.1987172,
              51.7862563
            ],
            [
              -2.1986205,
              51.7863848
            ],
            [
              -2.1987327,
              51.7864171
            ],
            [
              -2.1987918,
              51.7863387
            ],
            [
              -2.1988503,
              51.7863555
            ],
            [
              -2.1988879,
              51.7863055
            ]
          ]
        ]
      },
      "id": "way/262673124"
    },
    {
      "type": "Feature",
      "properties": {
        "@id": "way/262673126",
        "addr:postcode": "GL6 6RP",
        "building": "yes"
      },
      "geometry": {
        "type": "Polygon",
        "coordinates": [
          [
            [
              -2.1991194,
              51.7874519
            ],
            [
              -2.1990341,
              51.7874183
            ],
            [
              -2.1990227,
              51.7874293
            ],
            [
              -2.198962,
              51.7874054
            ],
            [
              -2.198909,
              51.787457
            ],
            [
              -2.1989435,
              51.7874705
            ],
            [
              -2.1989058,
              51.7875072
            ],
            [
              -2.1990404,
              51.7875601
            ],
            [
              -2.1990882,
              51.7875137
            ],
            [
              -2.1990652,
              51.7875046
            ],
            [
              -2.1991194,
              51.7874519
            ]
          ]
        ]
      },
      "id": "way/262673126"
    },
    {
      "type": "Feature",
      "properties": {
        "@id": "way/262673129",
        "building": "yes"
      },
      "geometry": {
        "type": "Polygon",
        "coordinates": [
          [
            [
              -2.1984505,
              51.785998
            ],
            [
              -2.1983861,
              51.7859797
            ],
            [
              -2.198392,
              51.7859717
            ],
            [
              -2.1983332,
              51.785955
            ],
            [
              -2.198253,
              51.7860629
            ],
            [
              -2.1983277,
              51.7860841
            ],
            [
              -2.1983739,
              51.786022
            ],
            [
              -2.1984224,
              51.7860358
            ],
            [
              -2.1984505,
              51.785998
            ]
          ]
        ]
      },
      "id": "way/262673129"
    },
    {
      "type": "Feature",
      "properties": {
        "@id": "way/262673131",
        "building": "yes"
      },
      "geometry": {
        "type": "Polygon",
        "coordinates": [
          [
            [
              -2.2005442,
              51.7871258
            ],
            [
              -2.200544,
              51.7870626
            ],
            [
              -2.2003539,
              51.7870629
            ],
            [
              -2.2003541,
              51.7871261
            ],
            [
              -2.2005442,
              51.7871258
            ]
          ]
        ]
      },
      "id": "way/262673131"
    },
    {
      "type": "Feature",
      "properties": {
        "@id": "way/262673132",
        "building": "yes"
      },
      "geometry": {
        "type": "Polygon",
        "coordinates": [
          [
            [
              -2.1998543,
              51.7873151
            ],
            [
              -2.1998893,
              51.7872347
            ],
            [
              -2.199719,
              51.7872064
            ],
            [
              -2.1996971,
              51.7872567
            ],
            [
              -2.1997352,
              51.787263
            ],
            [
              -2.1997221,
              51.7872931
            ],
            [
              -2.1998543,
              51.7873151
            ]
          ]
        ]
      },
      "id": "way/262673132"
    },
    {
      "type": "Feature",
      "properties": {
        "@id": "way/262673134",
        "building": "yes"
      },
      "geometry": {
        "type": "Polygon",
        "coordinates": [
          [
            [
              -2.1990234,
              51.7875972
            ],
            [
              -2.1989072,
              51.7875402
            ],
            [
              -2.19879,
              51.7876316
            ],
            [
              -2.1989164,
              51.7876937
            ],
            [
              -2.1989684,
              51.7876532
            ],
            [
              -2.1989139,
              51.7876265
            ],
            [
              -2.1989433,
              51.7876036
            ],
            [
              -2.1989875,
              51.7876253
            ],
            [
              -2.1990234,
              51.7875972
            ]
          ]
        ]
      },
      "id": "way/262673134"
    },
    {
      "type": "Feature",
      "properties": {
        "@id": "way/262673136",
        "building": "yes"
      },
      "geometry": {
        "type": "Polygon",
        "coordinates": [
          [
            [
              -2.1984183,
              51.7861108
            ],
            [
              -2.1983722,
              51.786099
            ],
            [
              -2.1983247,
              51.7861704
            ],
            [
              -2.1983708,
              51.7861822
            ],
            [
              -2.1984183,
              51.7861108
            ]
          ]
        ]
      },
      "id": "way/262673136"
    },
    {
      "type": "Feature",
      "properties": {
        "@id": "way/262673137",
        "building": "yes"
      },
      "geometry": {
        "type": "Polygon",
        "coordinates": [
          [
            [
              -2.1994376,
              51.7872124
            ],
            [
              -2.1994389,
              51.7872053
            ],
            [
              -2.1994912,
              51.787214
            ],
            [
              -2.1994986,
              51.7871829
            ],
            [
              -2.1995817,
              51.7871929
            ],
            [
              -2.1995971,
              51.7871372
            ],
            [
              -2.1995093,
              51.7871273
            ],
            [
              -2.1995039,
              51.7871365
            ],
            [
              -2.1994624,
              51.7871298
            ],
            [
              -2.1994644,
              51.787122
            ],
            [
              -2.1992746,
              51.7871016
            ],
            [
              -2.1992491,
              51.7871908
            ],
            [
              -2.1994376,
              51.7872124
            ]
          ]
        ]
      },
      "id": "way/262673137"
    },
    {
      "type": "Feature",
      "properties": {
        "@id": "way/262673139",
        "addr:housenumber": "Blakewell Farm",
        "addr:street": "Edge Lane",
        "building": "detached"
      },
      "geometry": {
        "type": "Polygon",
        "coordinates": [
          [
            [
              -2.2018202,
              51.7867988
            ],
            [
              -2.2018228,
              51.786736
            ],
            [
              -2.2017506,
              51.7867348
            ],
            [
              -2.201748,
              51.7867976
            ],
            [
              -2.2018202,
              51.7867988
            ]
          ]
        ]
      },
      "id": "way/262673139"
    },
    {
      "type": "Feature",
      "properties": {
        "@id": "way/262673141",
        "building": "yes"
      },
      "geometry": {
        "type": "Polygon",
        "coordinates": [
          [
            [
              -2.2006306,
              51.7866496
            ],
            [
              -2.2006739,
              51.7865519
            ],
            [
              -2.2005446,
              51.78653
            ],
            [
              -2.2005013,
              51.7866277
            ],
            [
              -2.2006306,
              51.7866496
            ]
          ]
        ]
      },
      "id": "way/262673141"
    },
    {
      "type": "Feature",
      "properties": {
        "@id": "way/262673144",
        "building": "yes"
      },
      "geometry": {
        "type": "Polygon",
        "coordinates": [
          [
            [
              -2.1987353,
              51.7869786
            ],
            [
              -2.1987363,
              51.7869677
            ],
            [
              -2.1987631,
              51.7869686
            ],
            [
              -2.1987666,
              51.7869298
            ],
            [
              -2.1987403,
              51.7869289
            ],
            [
              -2.1987421,
              51.7869083
            ],
            [
              -2.1988095,
              51.7869106
            ],
            [
              -2.1988136,
              51.7868647
            ],
            [
              -2.1986552,
              51.7868593
            ],
            [
              -2.198645,
              51.7869756
            ],
            [
              -2.1987353,
              51.7869786
            ]
          ]
        ]
      },
      "id": "way/262673144"
    },
    {
      "type": "Feature",
      "properties": {
        "@id": "way/262673962",
        "building": "yes"
      },
      "geometry": {
        "type": "Polygon",
        "coordinates": [
          [
            [
              -2.2005855,
              51.7859529
            ],
            [
              -2.2006155,
              51.7858402
            ],
            [
              -2.2005434,
              51.7858329
            ],
            [
              -2.2005334,
              51.7858705
            ],
            [
              -2.200468,
              51.7858639
            ],
            [
              -2.2004481,
              51.785939
            ],
            [
              -2.2005855,
              51.7859529
            ]
          ]
        ]
      },
      "id": "way/262673962"
    },
    {
      "type": "Feature",
      "properties": {
        "@id": "way/262673964",
        "building": "yes"
      },
      "geometry": {
        "type": "Polygon",
        "coordinates": [
          [
            [
              -2.2012941,
              51.7857665
            ],
            [
              -2.2012792,
              51.7857067
            ],
            [
              -2.2012006,
              51.7857142
            ],
            [
              -2.2012156,
              51.785774
            ],
            [
              -2.2012941,
              51.7857665
            ]
          ]
        ]
      },
      "id": "way/262673964"
    },
    {
      "type": "Feature",
      "properties": {
        "@id": "way/262673968",
        "addr:postcode": "GL6 6US",
        "building": "yes"
      },
      "geometry": {
        "type": "Polygon",
        "coordinates": [
          [
            [
              -2.2007106,
              51.7856454
            ],
            [
              -2.2007006,
              51.7855865
            ],
            [
              -2.2005368,
              51.7855972
            ],
            [
              -2.2005397,
              51.7856143
            ],
            [
              -2.2005087,
              51.7856163
            ],
            [
              -2.2005159,
              51.7856581
            ],
            [
              -2.2007106,
              51.7856454
            ]
          ]
        ]
      },
      "id": "way/262673968"
    },
    {
      "type": "Feature",
      "properties": {
        "@id": "way/262673972",
        "building": "yes"
      },
      "geometry": {
        "type": "Polygon",
        "coordinates": [
          [
            [
              -2.2012548,
              51.7861899
            ],
            [
              -2.2010958,
              51.7861468
            ],
            [
              -2.2010784,
              51.7861874
            ],
            [
              -2.2010952,
              51.7861907
            ],
            [
              -2.2010328,
              51.7862903
            ],
            [
              -2.2011052,
              51.7863119
            ],
            [
              -2.2011293,
              51.786279
            ],
            [
              -2.2011629,
              51.786287
            ],
            [
              -2.2011843,
              51.7862442
            ],
            [
              -2.2012038,
              51.7862483
            ],
            [
              -2.2012152,
              51.7862256
            ],
            [
              -2.2012346,
              51.7862297
            ],
            [
              -2.2012548,
              51.7861899
            ]
          ]
        ]
      },
      "id": "way/262673972"
    },
    {
      "type": "Feature",
      "properties": {
        "@id": "way/262673976",
        "building": "terrace"
      },
      "geometry": {
        "type": "Polygon",
        "coordinates": [
          [
            [
              -2.1985422,
              51.7859096
            ],
            [
              -2.1985933,
              51.7858464
            ],
            [
              -2.1984662,
              51.785807
            ],
            [
              -2.1982802,
              51.7857495
            ],
            [
              -2.1982191,
              51.785825
            ],
            [
              -2.1983598,
              51.7858686
            ],
            [
              -2.1983698,
              51.7858562
            ],
            [
              -2.1985422,
              51.7859096
            ]
          ]
        ]
      },
      "id": "way/262673976"
    },
    {
      "type": "Feature",
      "properties": {
        "@id": "way/262673977",
        "building": "yes"
      },
      "geometry": {
        "type": "Polygon",
        "coordinates": [
          [
            [
              -2.2008944,
              51.7863609
            ],
            [
              -2.2009314,
              51.7863073
            ],
            [
              -2.2008559,
              51.7862873
            ],
            [
              -2.2008189,
              51.786341
            ],
            [
              -2.2008944,
              51.7863609
            ]
          ]
        ]
      },
      "id": "way/262673977"
    },
    {
      "type": "Feature",
      "properties": {
        "@id": "way/262673979",
        "building": "yes"
      },
      "geometry": {
        "type": "Polygon",
        "coordinates": [
          [
            [
              -2.2004104,
              51.7862035
            ],
            [
              -2.2004288,
              51.7861882
            ],
            [
              -2.200484,
              51.7862138
            ],
            [
              -2.2005398,
              51.7861676
            ],
            [
              -2.2004176,
              51.7861111
            ],
            [
              -2.2003434,
              51.7861725
            ],
            [
              -2.2004104,
              51.7862035
            ]
          ]
        ]
      },
      "id": "way/262673979"
    },
    {
      "type": "Feature",
      "properties": {
        "@id": "way/262673980",
        "building": "yes"
      },
      "geometry": {
        "type": "Polygon",
        "coordinates": [
          [
            [
              -2.2013367,
              51.7860352
            ],
            [
              -2.2013309,
              51.7860114
            ],
            [
              -2.2013596,
              51.7860088
            ],
            [
              -2.2013352,
              51.7859088
            ],
            [
              -2.201242,
              51.7859175
            ],
            [
              -2.2012507,
              51.7859531
            ],
            [
              -2.2012343,
              51.7859546
            ],
            [
              -2.2012557,
              51.7860427
            ],
            [
              -2.2013367,
              51.7860352
            ]
          ]
        ]
      },
      "id": "way/262673980"
    },
    {
      "type": "Feature",
      "properties": {
        "@id": "way/262673983",
        "building": "yes"
      },
      "geometry": {
        "type": "Polygon",
        "coordinates": [
          [
            [
              -2.2004038,
              51.786228
            ],
            [
              -2.2003349,
              51.7861888
            ],
            [
              -2.2003054,
              51.7862087
            ],
            [
              -2.2003743,
              51.7862478
            ],
            [
              -2.2004038,
              51.786228
            ]
          ]
        ]
      },
      "id": "way/262673983"
    },
    {
      "type": "Feature",
      "properties": {
        "@id": "way/262673984",
        "building": "yes"
      },
      "geometry": {
        "type": "Polygon",
        "coordinates": [
          [
            [
              -2.2013296,
              51.7856563
            ],
            [
              -2.2013078,
              51.7855719
            ],
            [
              -2.2012365,
              51.785579
            ],
            [
              -2.2012158,
              51.7854987
            ],
            [
              -2.2011513,
              51.7855051
            ],
            [
              -2.2011939,
              51.7856697
            ],
            [
              -2.2013296,
              51.7856563
            ]
          ]
        ]
      },
      "id": "way/262673984"
    },
    {
      "type": "Feature",
      "properties": {
        "@id": "way/263203913",
        "building": "yes"
      },
      "geometry": {
        "type": "Polygon",
        "coordinates": [
          [
            [
              -2.1971871,
              51.7853251
            ],
            [
              -2.1970354,
              51.7852859
            ],
            [
              -2.1970123,
              51.7853202
            ],
            [
              -2.1971639,
              51.7853594
            ],
            [
              -2.1971871,
              51.7853251
            ]
          ]
        ]
      },
      "id": "way/263203913"
    },
    {
      "type": "Feature",
      "properties": {
        "@id": "way/263203915",
        "building": "yes"
      },
      "geometry": {
        "type": "Polygon",
        "coordinates": [
          [
            [
              -2.1973266,
              51.7842689
            ],
            [
              -2.1972112,
              51.7842329
            ],
            [
              -2.1971306,
              51.7843317
            ],
            [
              -2.197246,
              51.7843678
            ],
            [
              -2.1973266,
              51.7842689
            ]
          ]
        ]
      },
      "id": "way/263203915"
    },
    {
      "type": "Feature",
      "properties": {
        "@id": "way/263203916",
        "building": "yes"
      },
      "geometry": {
        "type": "Polygon",
        "coordinates": [
          [
            [
              -2.197625,
              51.7841264
            ],
            [
              -2.1974915,
              51.7840786
            ],
            [
              -2.1974488,
              51.7841242
            ],
            [
              -2.1975822,
              51.7841721
            ],
            [
              -2.197625,
              51.7841264
            ]
          ]
        ]
      },
      "id": "way/263203916"
    },
    {
      "type": "Feature",
      "properties": {
        "@id": "way/263203917",
        "building": "yes"
      },
      "geometry": {
        "type": "Polygon",
        "coordinates": [
          [
            [
              -2.1971253,
              51.7849588
            ],
            [
              -2.1970012,
              51.7849215
            ],
            [
              -2.1970163,
              51.7849022
            ],
            [
              -2.1969549,
              51.7848838
            ],
            [
              -2.1969001,
              51.7849535
            ],
            [
              -2.1970856,
              51.7850093
            ],
            [
              -2.1971253,
              51.7849588
            ]
          ]
        ]
      },
      "id": "way/263203917"
    },
    {
      "type": "Feature",
      "properties": {
        "@id": "way/263203918",
        "building": "yes"
      },
      "geometry": {
        "type": "Polygon",
        "coordinates": [
          [
            [
              -2.1934661,
              51.7839734
            ],
            [
              -2.193386,
              51.7839535
            ],
            [
              -2.1933591,
              51.7839947
            ],
            [
              -2.1934392,
              51.7840147
            ],
            [
              -2.1934661,
              51.7839734
            ]
          ]
        ]
      },
      "id": "way/263203918"
    },
    {
      "type": "Feature",
      "properties": {
        "@id": "way/263203919",
        "building": "yes"
      },
      "geometry": {
        "type": "Polygon",
        "coordinates": [
          [
            [
              -2.1972132,
              51.7846651
            ],
            [
              -2.1968934,
              51.7845734
            ],
            [
              -2.1967689,
              51.7847394
            ],
            [
              -2.1969538,
              51.7847925
            ],
            [
              -2.196975,
              51.7847642
            ],
            [
              -2.1970824,
              51.784795
            ],
            [
              -2.1971167,
              51.7847493
            ],
            [
              -2.1971442,
              51.7847572
            ],
            [
              -2.1972132,
              51.7846651
            ]
          ]
        ]
      },
      "id": "way/263203919"
    },
    {
      "type": "Feature",
      "properties": {
        "@id": "way/263203920",
        "building": "yes"
      },
      "geometry": {
        "type": "Polygon",
        "coordinates": [
          [
            [
              -2.195387,
              51.7841266
            ],
            [
              -2.1953757,
              51.784098
            ],
            [
              -2.1953053,
              51.7841087
            ],
            [
              -2.1952963,
              51.7840862
            ],
            [
              -2.1951336,
              51.7841109
            ],
            [
              -2.1951611,
              51.7841802
            ],
            [
              -2.1952258,
              51.7841704
            ],
            [
              -2.1952185,
              51.7841522
            ],
            [
              -2.195387,
              51.7841266
            ]
          ]
        ]
      },
      "id": "way/263203920"
    },
    {
      "type": "Feature",
      "properties": {
        "@id": "way/263203921",
        "building": "yes"
      },
      "geometry": {
        "type": "Polygon",
        "coordinates": [
          [
            [
              -2.1946387,
              51.7832208
            ],
            [
              -2.194618,
              51.7831808
            ],
            [
              -2.194528,
              51.7831986
            ],
            [
              -2.1945487,
              51.7832386
            ],
            [
              -2.1946387,
              51.7832208
            ]
          ]
        ]
      },
      "id": "way/263203921"
    },
    {
      "type": "Feature",
      "properties": {
        "@id": "way/263203923",
        "building": "yes"
      },
      "geometry": {
        "type": "Polygon",
        "coordinates": [
          [
            [
              -2.1935995,
              51.7842903
            ],
            [
              -2.1935266,
              51.784269
            ],
            [
              -2.1935614,
              51.7842234
            ],
            [
              -2.1935155,
              51.78421
            ],
            [
              -2.1934612,
              51.7842812
            ],
            [
              -2.19358,
              51.7843158
            ],
            [
              -2.1935995,
              51.7842903
            ]
          ]
        ]
      },
      "id": "way/263203923"
    },
    {
      "type": "Feature",
      "properties": {
        "@id": "way/263203924",
        "building": "yes"
      },
      "geometry": {
        "type": "Polygon",
        "coordinates": [
          [
            [
              -2.1939833,
              51.7836441
            ],
            [
              -2.1939683,
              51.78362
            ],
            [
              -2.1939084,
              51.7836343
            ],
            [
              -2.1938793,
              51.7835876
            ],
            [
              -2.193734,
              51.7836222
            ],
            [
              -2.1937951,
              51.7837205
            ],
            [
              -2.193857,
              51.7837058
            ],
            [
              -2.1938464,
              51.7836886
            ],
            [
              -2.1938931,
              51.7836775
            ],
            [
              -2.1939037,
              51.7836946
            ],
            [
              -2.1939535,
              51.7836827
            ],
            [
              -2.1939364,
              51.7836553
            ],
            [
              -2.1939833,
              51.7836441
            ]
          ]
        ]
      },
      "id": "way/263203924"
    },
    {
      "type": "Feature",
      "properties": {
        "@id": "way/263203925",
        "building": "yes"
      },
      "geometry": {
        "type": "Polygon",
        "coordinates": [
          [
            [
              -2.1934307,
              51.7840342
            ],
            [
              -2.1932912,
              51.7840092
            ],
            [
              -2.1932703,
              51.7840538
            ],
            [
              -2.1934098,
              51.7840788
            ],
            [
              -2.1934307,
              51.7840342
            ]
          ]
        ]
      },
      "id": "way/263203925"
    },
    {
      "type": "Feature",
      "properties": {
        "@id": "way/263203926",
        "building": "yes"
      },
      "geometry": {
        "type": "Polygon",
        "coordinates": [
          [
            [
              -2.1964353,
              51.7851362
            ],
            [
              -2.1963098,
              51.7850999
            ],
            [
              -2.1962422,
              51.7851893
            ],
            [
              -2.1963677,
              51.7852256
            ],
            [
              -2.1964353,
              51.7851362
            ]
          ]
        ]
      },
      "id": "way/263203926"
    },
    {
      "type": "Feature",
      "properties": {
        "@id": "way/263203927",
        "building": "yes"
      },
      "geometry": {
        "type": "Polygon",
        "coordinates": [
          [
            [
              -2.1932655,
              51.7836277
            ],
            [
              -2.1932612,
              51.7835795
            ],
            [
              -2.1931837,
              51.7835822
            ],
            [
              -2.1931879,
              51.7836304
            ],
            [
              -2.1932655,
              51.7836277
            ]
          ]
        ]
      },
      "id": "way/263203927"
    },
    {
      "type": "Feature",
      "properties": {
        "@id": "way/263203928",
        "building": "yes"
      },
      "geometry": {
        "type": "Polygon",
        "coordinates": [
          [
            [
              -2.1926808,
              51.7837547
            ],
            [
              -2.1926346,
              51.7837194
            ],
            [
              -2.1925683,
              51.7837525
            ],
            [
              -2.1925316,
              51.7837244
            ],
            [
              -2.1924952,
              51.7837426
            ],
            [
              -2.1925578,
              51.7837906
            ],
            [
              -2.1925892,
              51.7837749
            ],
            [
              -2.1926094,
              51.7837904
            ],
            [
              -2.1926808,
              51.7837547
            ]
          ]
        ]
      },
      "id": "way/263203928"
    },
    {
      "type": "Feature",
      "properties": {
        "@id": "way/263203930",
        "addr:postcode": "GL6 6UT",
        "building": "detached"
      },
      "geometry": {
        "type": "Polygon",
        "coordinates": [
          [
            [
              -2.1970379,
              51.7844556
            ],
            [
              -2.1969207,
              51.7844217
            ],
            [
              -2.1968405,
              51.7845279
            ],
            [
              -2.1969577,
              51.7845618
            ],
            [
              -2.1970379,
              51.7844556
            ]
          ]
        ]
      },
      "id": "way/263203930"
    },
    {
      "type": "Feature",
      "properties": {
        "@id": "way/263203931",
        "building": "yes"
      },
      "geometry": {
        "type": "Polygon",
        "coordinates": [
          [
            [
              -2.1967309,
              51.7851284
            ],
            [
              -2.1966445,
              51.7851069
            ],
            [
              -2.1965838,
              51.7852007
            ],
            [
              -2.196656,
              51.7852186
            ],
            [
              -2.1966465,
              51.7852332
            ],
            [
              -2.1967015,
              51.7852468
            ],
            [
              -2.1967165,
              51.7852236
            ],
            [
              -2.1967847,
              51.7852405
            ],
            [
              -2.196801,
              51.7852152
            ],
            [
              -2.1966921,
              51.7851882
            ],
            [
              -2.1967309,
              51.7851284
            ]
          ]
        ]
      },
      "id": "way/263203931"
    },
    {
      "type": "Feature",
      "properties": {
        "@id": "way/263203932",
        "addr:postcode": "GL6 6UW",
        "building": "yes"
      },
      "geometry": {
        "type": "Polygon",
        "coordinates": [
          [
            [
              -2.1972786,
              51.7854877
            ],
            [
              -2.1972247,
              51.7854731
            ],
            [
              -2.1971759,
              51.7855419
            ],
            [
              -2.1972298,
              51.7855566
            ],
            [
              -2.1972786,
              51.7854877
            ]
          ]
        ]
      },
      "id": "way/263203932"
    },
    {
      "type": "Feature",
      "properties": {
        "@id": "way/263203933",
        "building": "yes"
      },
      "geometry": {
        "type": "Polygon",
        "coordinates": [
          [
            [
              -2.194103,
              51.7842766
            ],
            [
              -2.194038,
              51.7842286
            ],
            [
              -2.1940063,
              51.784245
            ],
            [
              -2.1939822,
              51.7842272
            ],
            [
              -2.1939269,
              51.7842558
            ],
            [
              -2.1939605,
              51.7842807
            ],
            [
              -2.1939235,
              51.7842998
            ],
            [
              -2.193979,
              51.7843408
            ],
            [
              -2.194103,
              51.7842766
            ]
          ]
        ]
      },
      "id": "way/263203933"
    },
    {
      "type": "Feature",
      "properties": {
        "@id": "way/263203934",
        "building": "yes"
      },
      "geometry": {
        "type": "Polygon",
        "coordinates": [
          [
            [
              -2.1955734,
              51.7833589
            ],
            [
              -2.1955389,
              51.7833081
            ],
            [
              -2.1953401,
              51.7833597
            ],
            [
              -2.1953745,
              51.7834105
            ],
            [
              -2.1955734,
              51.7833589
            ]
          ]
        ]
      },
      "id": "way/263203934"
    },
    {
      "type": "Feature",
      "properties": {
        "@id": "way/263203935",
        "building": "yes"
      },
      "geometry": {
        "type": "Polygon",
        "coordinates": [
          [
            [
              -2.1967498,
              51.7854364
            ],
            [
              -2.1968094,
              51.7853472
            ],
            [
              -2.1967766,
              51.7853388
            ],
            [
              -2.196787,
              51.7853233
            ],
            [
              -2.1967412,
              51.7853116
            ],
            [
              -2.1966712,
              51.7854163
            ],
            [
              -2.1967498,
              51.7854364
            ]
          ]
        ]
      },
      "id": "way/263203935"
    },
    {
      "type": "Feature",
      "properties": {
        "@id": "way/263203936",
        "building": "yes"
      },
      "geometry": {
        "type": "Polygon",
        "coordinates": [
          [
            [
              -2.1960232,
              51.7833317
            ],
            [
              -2.1960158,
              51.7832774
            ],
            [
              -2.195818,
              51.7832877
            ],
            [
              -2.1958254,
              51.783342
            ],
            [
              -2.1960232,
              51.7833317
            ]
          ]
        ]
      },
      "id": "way/263203936"
    },
    {
      "type": "Feature",
      "properties": {
        "@id": "way/263203937",
        "addr:postcode": "GL6 6UY",
        "building": "yes"
      },
      "geometry": {
        "type": "Polygon",
        "coordinates": [
          [
            [
              -2.1945612,
              51.7840287
            ],
            [
              -2.1944038,
              51.7838701
            ],
            [
              -2.1942018,
              51.7839468
            ],
            [
              -2.1942825,
              51.7840281
            ],
            [
              -2.1943482,
              51.7840031
            ],
            [
              -2.1943854,
              51.7840406
            ],
            [
              -2.1943398,
              51.7840579
            ],
            [
              -2.1943794,
              51.7840978
            ],
            [
              -2.1945612,
              51.7840287
            ]
          ]
        ]
      },
      "id": "way/263203937"
    },
    {
      "type": "Feature",
      "properties": {
        "@id": "way/263203938",
        "addr:postcode": "GL6 6UX",
        "building": "yes"
      },
      "geometry": {
        "type": "Polygon",
        "coordinates": [
          [
            [
              -2.1956876,
              51.7835991
            ],
            [
              -2.1955973,
              51.7835874
            ],
            [
              -2.1955908,
              51.7836066
            ],
            [
              -2.1955414,
              51.7836003
            ],
            [
              -2.1955034,
              51.783713
            ],
            [
              -2.195643,
              51.783731
            ],
            [
              -2.1956876,
              51.7835991
            ]
          ]
        ]
      },
      "id": "way/263203938"
    },
    {
      "type": "Feature",
      "properties": {
        "@id": "way/263203939",
        "building": "yes"
      },
      "geometry": {
        "type": "Polygon",
        "coordinates": [
          [
            [
              -2.1934447,
              51.7835201
            ],
            [
              -2.1933286,
              51.7835019
            ],
            [
              -2.193282,
              51.7836158
            ],
            [
              -2.1933454,
              51.7836258
            ],
            [
              -2.1933571,
              51.7835972
            ],
            [
              -2.1934097,
              51.7836054
            ],
            [
              -2.1934447,
              51.7835201
            ]
          ]
        ]
      },
      "id": "way/263203939"
    },
    {
      "type": "Feature",
      "properties": {
        "@id": "way/263203940",
        "building": "yes"
      },
      "geometry": {
        "type": "Polygon",
        "coordinates": [
          [
            [
              -2.1957176,
              51.7845576
            ],
            [
              -2.19568,
              51.7845166
            ],
            [
              -2.1954719,
              51.7845897
            ],
            [
              -2.1955095,
              51.7846307
            ],
            [
              -2.1957176,
              51.7845576
            ]
          ]
        ]
      },
      "id": "way/263203940"
    },
    {
      "type": "Feature",
      "properties": {
        "@id": "way/263203941",
        "building": "yes"
      },
      "geometry": {
        "type": "Polygon",
        "coordinates": [
          [
            [
              -2.1928373,
              51.7836289
            ],
            [
              -2.1928123,
              51.7835814
            ],
            [
              -2.1927683,
              51.7835902
            ],
            [
              -2.1927557,
              51.7835661
            ],
            [
              -2.1926993,
              51.7835774
            ],
            [
              -2.1927097,
              51.7835973
            ],
            [
              -2.1925992,
              51.7836195
            ],
            [
              -2.1926264,
              51.7836713
            ],
            [
              -2.1928373,
              51.7836289
            ]
          ]
        ]
      },
      "id": "way/263203941"
    },
    {
      "type": "Feature",
      "properties": {
        "@id": "way/263203944",
        "building": "yes"
      },
      "geometry": {
        "type": "Polygon",
        "coordinates": [
          [
            [
              -2.1969241,
              51.785432
            ],
            [
              -2.1968118,
              51.7853996
            ],
            [
              -2.1967876,
              51.7854317
            ],
            [
              -2.1968999,
              51.7854641
            ],
            [
              -2.1969241,
              51.785432
            ]
          ]
        ]
      },
      "id": "way/263203944"
    },
    {
      "type": "Feature",
      "properties": {
        "@id": "way/263203946",
        "building": "yes"
      },
      "geometry": {
        "type": "Polygon",
        "coordinates": [
          [
            [
              -2.1966351,
              51.7849082
            ],
            [
              -2.1965726,
              51.7848901
            ],
            [
              -2.1965634,
              51.7849022
            ],
            [
              -2.1964856,
              51.7848796
            ],
            [
              -2.1963644,
              51.7850398
            ],
            [
              -2.1964257,
              51.7850576
            ],
            [
              -2.1964809,
              51.7849847
            ],
            [
              -2.19656,
              51.7850076
            ],
            [
              -2.1966351,
              51.7849082
            ]
          ]
        ]
      },
      "id": "way/263203946"
    },
    {
      "type": "Feature",
      "properties": {
        "@id": "way/263203947",
        "building": "yes"
      },
      "geometry": {
        "type": "Polygon",
        "coordinates": [
          [
            [
              -2.1938026,
              51.7842183
            ],
            [
              -2.1937279,
              51.784152
            ],
            [
              -2.1936682,
              51.7841778
            ],
            [
              -2.1937429,
              51.7842441
            ],
            [
              -2.1938026,
              51.7842183
            ]
          ]
        ]
      },
      "id": "way/263203947"
    },
    {
      "type": "Feature",
      "properties": {
        "@id": "way/263203948",
        "building": "yes"
      },
      "geometry": {
        "type": "Polygon",
        "coordinates": [
          [
            [
              -2.1940135,
              51.7847854
            ],
            [
              -2.1939696,
              51.7846956
            ],
            [
              -2.1938047,
              51.7847265
            ],
            [
              -2.1938124,
              51.7847423
            ],
            [
              -2.1937349,
              51.7847568
            ],
            [
              -2.19375,
              51.7847877
            ],
            [
              -2.1939204,
              51.7847559
            ],
            [
              -2.1939414,
              51.7847989
            ],
            [
              -2.1940135,
              51.7847854
            ]
          ]
        ]
      },
      "id": "way/263203948"
    },
    {
      "type": "Feature",
      "properties": {
        "@id": "way/263203949",
        "building": "yes"
      },
      "geometry": {
        "type": "Polygon",
        "coordinates": [
          [
            [
              -2.1936929,
              51.7845502
            ],
            [
              -2.1936302,
              51.7845075
            ],
            [
              -2.1935585,
              51.7845478
            ],
            [
              -2.1936213,
              51.7845905
            ],
            [
              -2.1936929,
              51.7845502
            ]
          ]
        ]
      },
      "id": "way/263203949"
    },
    {
      "type": "Feature",
      "properties": {
        "@id": "way/263203950",
        "addr:postcode": "GL6 6YD",
        "building": "yes"
      },
      "geometry": {
        "type": "Polygon",
        "coordinates": [
          [
            [
              -2.1933722,
              51.7832381
            ],
            [
              -2.1933376,
              51.7832084
            ],
            [
              -2.1933716,
              51.7831933
            ],
            [
              -2.1933254,
              51.7831537
            ],
            [
              -2.1932963,
              51.7831667
            ],
            [
              -2.1932638,
              51.7831388
            ],
            [
              -2.1931968,
              51.7831688
            ],
            [
              -2.1932181,
              51.783187
            ],
            [
              -2.1931428,
              51.7832206
            ],
            [
              -2.1932348,
              51.7832995
            ],
            [
              -2.1933722,
              51.7832381
            ]
          ]
        ]
      },
      "id": "way/263203950"
    },
    {
      "type": "Feature",
      "properties": {
        "@id": "way/263203951",
        "building": "yes"
      },
      "geometry": {
        "type": "Polygon",
        "coordinates": [
          [
            [
              -2.193676,
              51.7842327
            ],
            [
              -2.193634,
              51.7841909
            ],
            [
              -2.1935615,
              51.7842187
            ],
            [
              -2.1936035,
              51.7842605
            ],
            [
              -2.193676,
              51.7842327
            ]
          ]
        ]
      },
      "id": "way/263203951"
    },
    {
      "type": "Feature",
      "properties": {
        "@id": "way/263203952",
        "building": "yes"
      },
      "geometry": {
        "type": "Polygon",
        "coordinates": [
          [
            [
              -2.1961787,
              51.7836028
            ],
            [
              -2.1960018,
              51.7835444
            ],
            [
              -2.1959406,
              51.7836153
            ],
            [
              -2.1961175,
              51.7836737
            ],
            [
              -2.1961787,
              51.7836028
            ]
          ]
        ]
      },
      "id": "way/263203952"
    },
    {
      "type": "Feature",
      "properties": {
        "@id": "way/263203953",
        "building": "yes"
      },
      "geometry": {
        "type": "Polygon",
        "coordinates": [
          [
            [
              -2.1930927,
              51.7834016
            ],
            [
              -2.1930701,
              51.7833228
            ],
            [
              -2.1928782,
              51.7833438
            ],
            [
              -2.1929018,
              51.7834263
            ],
            [
              -2.1929643,
              51.7834194
            ],
            [
              -2.1929585,
              51.7833992
            ],
            [
              -2.193022,
              51.7833922
            ],
            [
              -2.1930268,
              51.7834088
            ],
            [
              -2.1930927,
              51.7834016
            ]
          ]
        ]
      },
      "id": "way/263203953"
    },
    {
      "type": "Feature",
      "properties": {
        "@id": "way/263203955",
        "building": "yes"
      },
      "geometry": {
        "type": "Polygon",
        "coordinates": [
          [
            [
              -2.1951042,
              51.7836089
            ],
            [
              -2.1951039,
              51.7835403
            ],
            [
              -2.1948788,
              51.7835407
            ],
            [
              -2.1948793,
              51.783679
            ],
            [
              -2.1949789,
              51.7836788
            ],
            [
              -2.1949786,
              51.7836091
            ],
            [
              -2.1951042,
              51.7836089
            ]
          ]
        ]
      },
      "id": "way/263203955"
    },
    {
      "type": "Feature",
      "properties": {
        "@id": "way/263203957",
        "building": "yes"
      },
      "geometry": {
        "type": "Polygon",
        "coordinates": [
          [
            [
              -2.1940195,
              51.7832606
            ],
            [
              -2.1940122,
              51.7832109
            ],
            [
              -2.1938377,
              51.7832207
            ],
            [
              -2.1938597,
              51.7833705
            ],
            [
              -2.1939966,
              51.7833628
            ],
            [
              -2.1939819,
              51.7832627
            ],
            [
              -2.1940195,
              51.7832606
            ]
          ]
        ]
      },
      "id": "way/263203957"
    },
    {
      "type": "Feature",
      "properties": {
        "@id": "way/263203960",
        "addr:postcode": "GL6 6QE",
        "building": "yes"
      },
      "geometry": {
        "type": "Polygon",
        "coordinates": [
          [
            [
              -2.1947596,
              51.7844059
            ],
            [
              -2.1947226,
              51.7843613
            ],
            [
              -2.1945996,
              51.7844002
            ],
            [
              -2.1946407,
              51.78445
            ],
            [
              -2.1944979,
              51.7844953
            ],
            [
              -2.1945358,
              51.7845411
            ],
            [
              -2.1945644,
              51.784532
            ],
            [
              -2.1946178,
              51.7845966
            ],
            [
              -2.1945795,
              51.7846087
            ],
            [
              -2.1946138,
              51.7846501
            ],
            [
              -2.1947279,
              51.7846139
            ],
            [
              -2.1947945,
              51.7846944
            ],
            [
              -2.1950397,
              51.7846168
            ],
            [
              -2.1949855,
              51.7845514
            ],
            [
              -2.1948698,
              51.784588
            ],
            [
              -2.1948546,
              51.7845696
            ],
            [
              -2.1947885,
              51.7845905
            ],
            [
              -2.1947455,
              51.7845385
            ],
            [
              -2.1947006,
              51.7845527
            ],
            [
              -2.1946469,
              51.7844877
            ],
            [
              -2.1946911,
              51.7844737
            ],
            [
              -2.1946608,
              51.7844372
            ],
            [
              -2.1947596,
              51.7844059
            ]
          ]
        ]
      },
      "id": "way/263203960"
    },
    {
      "type": "Feature",
      "properties": {
        "@id": "way/263203963",
        "building": "yes"
      },
      "geometry": {
        "type": "Polygon",
        "coordinates": [
          [
            [
              -2.1939958,
              51.7843787
            ],
            [
              -2.1939624,
              51.784351
            ],
            [
              -2.1938947,
              51.7843823
            ],
            [
              -2.1939281,
              51.7844099
            ],
            [
              -2.1939958,
              51.7843787
            ]
          ]
        ]
      },
      "id": "way/263203963"
    },
    {
      "type": "Feature",
      "properties": {
        "@id": "way/263203964",
        "building": "yes"
      },
      "geometry": {
        "type": "Polygon",
        "coordinates": [
          [
            [
              -2.1948681,
              51.7833306
            ],
            [
              -2.1948366,
              51.7833402
            ],
            [
              -2.19481,
              51.7833069
            ],
            [
              -2.1948402,
              51.7832977
            ],
            [
              -2.194818,
              51.7832698
            ],
            [
              -2.1945548,
              51.7833502
            ],
            [
              -2.194583,
              51.7833856
            ],
            [
              -2.1947038,
              51.7833487
            ],
            [
              -2.1947525,
              51.7834097
            ],
            [
              -2.1948962,
              51.7833658
            ],
            [
              -2.1948681,
              51.7833306
            ]
          ]
        ]
      },
      "id": "way/263203964"
    },
    {
      "type": "Feature",
      "properties": {
        "@id": "way/263203966",
        "addr:postcode": "GL6 6QF",
        "building": "yes"
      },
      "geometry": {
        "type": "Polygon",
        "coordinates": [
          [
            [
              -2.1942691,
              51.7847796
            ],
            [
              -2.1942483,
              51.7847437
            ],
            [
              -2.1941971,
              51.7847551
            ],
            [
              -2.1941421,
              51.7846605
            ],
            [
              -2.1942252,
              51.7846421
            ],
            [
              -2.194198,
              51.7845952
            ],
            [
              -2.1940329,
              51.7846319
            ],
            [
              -2.1940659,
              51.7846887
            ],
            [
              -2.1940951,
              51.7846822
            ],
            [
              -2.1941532,
              51.7847822
            ],
            [
              -2.1941176,
              51.7847901
            ],
            [
              -2.1941295,
              51.7848107
            ],
            [
              -2.1942691,
              51.7847796
            ]
          ]
        ]
      },
      "id": "way/263203966"
    },
    {
      "type": "Feature",
      "properties": {
        "@id": "way/263203967",
        "building": "yes"
      },
      "geometry": {
        "type": "Polygon",
        "coordinates": [
          [
            [
              -2.1937176,
              51.7838253
            ],
            [
              -2.193627,
              51.783777
            ],
            [
              -2.1935313,
              51.7838459
            ],
            [
              -2.1936219,
              51.7838941
            ],
            [
              -2.1937176,
              51.7838253
            ]
          ]
        ]
      },
      "id": "way/263203967"
    },
    {
      "type": "Feature",
      "properties": {
        "@id": "way/263203969",
        "building": "yes"
      },
      "geometry": {
        "type": "Polygon",
        "coordinates": [
          [
            [
              -2.1938252,
              51.7845103
            ],
            [
              -2.1937198,
              51.784441
            ],
            [
              -2.1936345,
              51.7844907
            ],
            [
              -2.1937399,
              51.7845599
            ],
            [
              -2.1938252,
              51.7845103
            ]
          ]
        ]
      },
      "id": "way/263203969"
    },
    {
      "type": "Feature",
      "properties": {
        "@id": "way/263203970",
        "building": "yes"
      },
      "geometry": {
        "type": "Polygon",
        "coordinates": [
          [
            [
              -2.1931234,
              51.783838
            ],
            [
              -2.1931303,
              51.7837803
            ],
            [
              -2.1930776,
              51.783778
            ],
            [
              -2.1930707,
              51.7838356
            ],
            [
              -2.1931234,
              51.783838
            ]
          ]
        ]
      },
      "id": "way/263203970"
    },
    {
      "type": "Feature",
      "properties": {
        "@id": "way/263203971",
        "building": "yes"
      },
      "geometry": {
        "type": "Polygon",
        "coordinates": [
          [
            [
              -2.1945212,
              51.7832261
            ],
            [
              -2.1944764,
              51.7831452
            ],
            [
              -2.1943186,
              51.7831786
            ],
            [
              -2.1943635,
              51.7832595
            ],
            [
              -2.1945212,
              51.7832261
            ]
          ]
        ]
      },
      "id": "way/263203971"
    },
    {
      "type": "Feature",
      "properties": {
        "@id": "way/263203972",
        "building": "yes"
      },
      "geometry": {
        "type": "Polygon",
        "coordinates": [
          [
            [
              -2.1940005,
              51.7848299
            ],
            [
              -2.1939906,
              51.7848116
            ],
            [
              -2.1939265,
              51.7848249
            ],
            [
              -2.1939364,
              51.7848432
            ],
            [
              -2.1940005,
              51.7848299
            ]
          ]
        ]
      },
      "id": "way/263203972"
    },
    {
      "type": "Feature",
      "properties": {
        "@id": "way/263203973",
        "building": "yes"
      },
      "geometry": {
        "type": "Polygon",
        "coordinates": [
          [
            [
              -2.1938043,
              51.7841153
            ],
            [
              -2.1937615,
              51.7840754
            ],
            [
              -2.1936401,
              51.7841252
            ],
            [
              -2.1936829,
              51.7841651
            ],
            [
              -2.1938043,
              51.7841153
            ]
          ]
        ]
      },
      "id": "way/263203973"
    },
    {
      "type": "Feature",
      "properties": {
        "@id": "way/263203974",
        "building": "yes"
      },
      "geometry": {
        "type": "Polygon",
        "coordinates": [
          [
            [
              -2.1930477,
              51.7838336
            ],
            [
              -2.1930588,
              51.7836981
            ],
            [
              -2.1929767,
              51.7836955
            ],
            [
              -2.192972,
              51.7837521
            ],
            [
              -2.192943,
              51.7837512
            ],
            [
              -2.1929391,
              51.7837983
            ],
            [
              -2.1929669,
              51.7837992
            ],
            [
              -2.1929643,
              51.783831
            ],
            [
              -2.1930477,
              51.7838336
            ]
          ]
        ]
      },
      "id": "way/263203974"
    },
    {
      "type": "Feature",
      "properties": {
        "@id": "way/263203975",
        "building": "yes"
      },
      "geometry": {
        "type": "Polygon",
        "coordinates": [
          [
            [
              -2.1965553,
              51.7851945
            ],
            [
              -2.1965408,
              51.7851909
            ],
            [
              -2.196549,
              51.7851779
            ],
            [
              -2.1964878,
              51.7851631
            ],
            [
              -2.1963882,
              51.7853209
            ],
            [
              -2.196464,
              51.7853392
            ],
            [
              -2.1965553,
              51.7851945
            ]
          ]
        ]
      },
      "id": "way/263203975"
    },
    {
      "type": "Feature",
      "properties": {
        "@id": "way/263203976",
        "building": "yes"
      },
      "geometry": {
        "type": "Polygon",
        "coordinates": [
          [
            [
              -2.1937035,
              51.7831232
            ],
            [
              -2.1937007,
              51.7830715
            ],
            [
              -2.193537,
              51.7830749
            ],
            [
              -2.1935359,
              51.7830534
            ],
            [
              -2.1934369,
              51.7830555
            ],
            [
              -2.1934433,
              51.7831723
            ],
            [
              -2.1935239,
              51.7831706
            ],
            [
              -2.1935215,
              51.783127
            ],
            [
              -2.1937035,
              51.7831232
            ]
          ]
        ]
      },
      "id": "way/263203976"
    },
    {
      "type": "Feature",
      "properties": {
        "@id": "way/263203977",
        "building": "yes"
      },
      "geometry": {
        "type": "Polygon",
        "coordinates": [
          [
            [
              -2.195931,
              51.7839558
            ],
            [
              -2.1959122,
              51.783893
            ],
            [
              -2.1956247,
              51.783926
            ],
            [
              -2.1956535,
              51.7840219
            ],
            [
              -2.195742,
              51.7840117
            ],
            [
              -2.1957321,
              51.7839786
            ],
            [
              -2.195931,
              51.7839558
            ]
          ]
        ]
      },
      "id": "way/263203977"
    },
    {
      "type": "Feature",
      "properties": {
        "@id": "way/263203978",
        "building": "yes"
      },
      "geometry": {
        "type": "Polygon",
        "coordinates": [
          [
            [
              -2.1928911,
              51.7834395
            ],
            [
              -2.1928332,
              51.7833968
            ],
            [
              -2.1927943,
              51.783417
            ],
            [
              -2.1928522,
              51.7834597
            ],
            [
              -2.1928911,
              51.7834395
            ]
          ]
        ]
      },
      "id": "way/263203978"
    },
    {
      "type": "Feature",
      "properties": {
        "@id": "way/263203982",
        "building": "yes"
      },
      "geometry": {
        "type": "Polygon",
        "coordinates": [
          [
            [
              -2.1938266,
              51.7838267
            ],
            [
              -2.1937842,
              51.7838004
            ],
            [
              -2.1937288,
              51.7838345
            ],
            [
              -2.1937713,
              51.7838609
            ],
            [
              -2.1938266,
              51.7838267
            ]
          ]
        ]
      },
      "id": "way/263203982"
    },
    {
      "type": "Feature",
      "properties": {
        "@id": "way/263203983",
        "building": "yes"
      },
      "geometry": {
        "type": "Polygon",
        "coordinates": [
          [
            [
              -2.1943258,
              51.7832866
            ],
            [
              -2.1942951,
              51.7831966
            ],
            [
              -2.1942385,
              51.783204
            ],
            [
              -2.194249,
              51.7832347
            ],
            [
              -2.1942182,
              51.7832387
            ],
            [
              -2.1942384,
              51.783298
            ],
            [
              -2.1943258,
              51.7832866
            ]
          ]
        ]
      },
      "id": "way/263203983"
    },
    {
      "type": "Feature",
      "properties": {
        "@id": "way/263203984",
        "building": "yes"
      },
      "geometry": {
        "type": "Polygon",
        "coordinates": [
          [
            [
              -2.1962956,
              51.7839167
            ],
            [
              -2.1962901,
              51.7838312
            ],
            [
              -2.1961119,
              51.7838356
            ],
            [
              -2.1961137,
              51.7838632
            ],
            [
              -2.1960665,
              51.7838643
            ],
            [
              -2.1960647,
              51.783837
            ],
            [
              -2.195982,
              51.7838391
            ],
            [
              -2.1959863,
              51.783907
            ],
            [
              -2.1961948,
              51.7839019
            ],
            [
              -2.1961959,
              51.7839192
            ],
            [
              -2.1962956,
              51.7839167
            ]
          ]
        ]
      },
      "id": "way/263203984"
    },
    {
      "type": "Feature",
      "properties": {
        "@id": "way/263203985",
        "building": "yes"
      },
      "geometry": {
        "type": "Polygon",
        "coordinates": [
          [
            [
              -2.1939989,
              51.783046
            ],
            [
              -2.1939553,
              51.7829481
            ],
            [
              -2.1938167,
              51.7829718
            ],
            [
              -2.1938284,
              51.782998
            ],
            [
              -2.1937468,
              51.783012
            ],
            [
              -2.1937709,
              51.783066
            ],
            [
              -2.1938897,
              51.7830457
            ],
            [
              -2.1938975,
              51.7830633
            ],
            [
              -2.1939989,
              51.783046
            ]
          ]
        ]
      },
      "id": "way/263203985"
    },
    {
      "type": "Feature",
      "properties": {
        "@id": "way/263203986",
        "building": "yes"
      },
      "geometry": {
        "type": "Polygon",
        "coordinates": [
          [
            [
              -2.1937287,
              51.7847849
            ],
            [
              -2.1936431,
              51.7847421
            ],
            [
              -2.1934595,
              51.7848828
            ],
            [
              -2.1935451,
              51.7849255
            ],
            [
              -2.1937287,
              51.7847849
            ]
          ]
        ]
      },
      "id": "way/263203986"
    },
    {
      "type": "Feature",
      "properties": {
        "@id": "way/263204373",
        "building": "yes"
      },
      "geometry": {
        "type": "Polygon",
        "coordinates": [
          [
            [
              -2.1929644,
              51.7847794
            ],
            [
              -2.1930183,
              51.7846946
            ],
            [
              -2.1929516,
              51.7846784
            ],
            [
              -2.1928976,
              51.7847631
            ],
            [
              -2.1929644,
              51.7847794
            ]
          ]
        ]
      },
      "id": "way/263204373"
    },
    {
      "type": "Feature",
      "properties": {
        "@id": "way/263204374",
        "building": "yes"
      },
      "geometry": {
        "type": "Polygon",
        "coordinates": [
          [
            [
              -2.1926393,
              51.7846049
            ],
            [
              -2.1925251,
              51.7845696
            ],
            [
              -2.1925036,
              51.7845962
            ],
            [
              -2.1926178,
              51.7846315
            ],
            [
              -2.1926393,
              51.7846049
            ]
          ]
        ]
      },
      "id": "way/263204374"
    },
    {
      "type": "Feature",
      "properties": {
        "@id": "way/263204377",
        "building": "yes"
      },
      "geometry": {
        "type": "Polygon",
        "coordinates": [
          [
            [
              -2.1921861,
              51.7850469
            ],
            [
              -2.1922166,
              51.7850532
            ],
            [
              -2.1922337,
              51.7850211
            ],
            [
              -2.192146,
              51.7850032
            ],
            [
              -2.1921154,
              51.7850607
            ],
            [
              -2.1918289,
              51.7850022
            ],
            [
              -2.1918039,
              51.7850491
            ],
            [
              -2.1921476,
              51.7851192
            ],
            [
              -2.1921861,
              51.7850469
            ]
          ]
        ]
      },
      "id": "way/263204377"
    },
    {
      "type": "Feature",
      "properties": {
        "@id": "way/263204379",
        "building": "yes"
      },
      "geometry": {
        "type": "Polygon",
        "coordinates": [
          [
            [
              -2.1927027,
              51.7851487
            ],
            [
              -2.1926389,
              51.7851321
            ],
            [
              -2.1926133,
              51.7851698
            ],
            [
              -2.1926771,
              51.7851864
            ],
            [
              -2.1927027,
              51.7851487
            ]
          ]
        ]
      },
      "id": "way/263204379"
    },
    {
      "type": "Feature",
      "properties": {
        "@id": "way/263204381",
        "addr:postcode": "GL6 6YB",
        "building": "yes"
      },
      "geometry": {
        "type": "Polygon",
        "coordinates": [
          [
            [
              -2.1930409,
              51.7845019
            ],
            [
              -2.1928973,
              51.7844482
            ],
            [
              -2.1928107,
              51.7845366
            ],
            [
              -2.1929105,
              51.784574
            ],
            [
              -2.1929687,
              51.7845145
            ],
            [
              -2.1930125,
              51.7845309
            ],
            [
              -2.1930409,
              51.7845019
            ]
          ]
        ]
      },
      "id": "way/263204381"
    },
    {
      "type": "Feature",
      "properties": {
        "@id": "way/263204382",
        "building": "yes"
      },
      "geometry": {
        "type": "Polygon",
        "coordinates": [
          [
            [
              -2.1929113,
              51.7848551
            ],
            [
              -2.1929535,
              51.7847924
            ],
            [
              -2.1928901,
              51.7847761
            ],
            [
              -2.1928479,
              51.7848388
            ],
            [
              -2.1929113,
              51.7848551
            ]
          ]
        ]
      },
      "id": "way/263204382"
    },
    {
      "type": "Feature",
      "properties": {
        "@id": "way/266138614",
        "building": "yes"
      },
      "geometry": {
        "type": "Polygon",
        "coordinates": [
          [
            [
              -2.1948397,
              51.7819216
            ],
            [
              -2.1947679,
              51.7818352
            ],
            [
              -2.194665,
              51.7818679
            ],
            [
              -2.1947368,
              51.7819543
            ],
            [
              -2.1948397,
              51.7819216
            ]
          ]
        ]
      },
      "id": "way/266138614"
    },
    {
      "type": "Feature",
      "properties": {
        "@id": "way/266138616",
        "building": "yes"
      },
      "geometry": {
        "type": "Polygon",
        "coordinates": [
          [
            [
              -2.1972916,
              51.7830066
            ],
            [
              -2.1972271,
              51.7829737
            ],
            [
              -2.1970603,
              51.7830987
            ],
            [
              -2.1971248,
              51.7831316
            ],
            [
              -2.1972916,
              51.7830066
            ]
          ]
        ]
      },
      "id": "way/266138616"
    },
    {
      "type": "Feature",
      "properties": {
        "@id": "way/266138617",
        "building": "yes"
      },
      "geometry": {
        "type": "Polygon",
        "coordinates": [
          [
            [
              -2.1943672,
              51.7818665
            ],
            [
              -2.194333,
              51.7818104
            ],
            [
              -2.1942174,
              51.7818373
            ],
            [
              -2.1942515,
              51.7818934
            ],
            [
              -2.1943672,
              51.7818665
            ]
          ]
        ]
      },
      "id": "way/266138617"
    },
    {
      "type": "Feature",
      "properties": {
        "@id": "way/266138618",
        "building": "yes"
      },
      "geometry": {
        "type": "Polygon",
        "coordinates": [
          [
            [
              -2.1969089,
              51.7832365
            ],
            [
              -2.1966993,
              51.7831277
            ],
            [
              -2.1966379,
              51.7831729
            ],
            [
              -2.1968476,
              51.7832817
            ],
            [
              -2.1969089,
              51.7832365
            ]
          ]
        ]
      },
      "id": "way/266138618"
    },
    {
      "type": "Feature",
      "properties": {
        "@id": "way/266138619",
        "addr:postcode": "GL6 6UQ",
        "building": "yes"
      },
      "geometry": {
        "type": "Polygon",
        "coordinates": [
          [
            [
              -2.1976387,
              51.7830287
            ],
            [
              -2.1975284,
              51.7829673
            ],
            [
              -2.1974516,
              51.7830202
            ],
            [
              -2.1975619,
              51.7830815
            ],
            [
              -2.1976387,
              51.7830287
            ]
          ]
        ]
      },
      "id": "way/266138619"
    },
    {
      "type": "Feature",
      "properties": {
        "@id": "way/266138620",
        "building": "yes"
      },
      "geometry": {
        "type": "Polygon",
        "coordinates": [
          [
            [
              -2.1952435,
              51.7821096
            ],
            [
              -2.1951581,
              51.7820603
            ],
            [
              -2.1950436,
              51.7821364
            ],
            [
              -2.1951871,
              51.7822191
            ],
            [
              -2.1952498,
              51.7821775
            ],
            [
              -2.1951917,
              51.782144
            ],
            [
              -2.1952435,
              51.7821096
            ]
          ]
        ]
      },
      "id": "way/266138620"
    },
    {
      "type": "Feature",
      "properties": {
        "@id": "way/266138621",
        "building": "yes"
      },
      "geometry": {
        "type": "Polygon",
        "coordinates": [
          [
            [
              -2.1959929,
              51.7809417
            ],
            [
              -2.195969,
              51.7808902
            ],
            [
              -2.1957613,
              51.7809271
            ],
            [
              -2.1958105,
              51.781033
            ],
            [
              -2.1959113,
              51.7810151
            ],
            [
              -2.195886,
              51.7809607
            ],
            [
              -2.1959929,
              51.7809417
            ]
          ]
        ]
      },
      "id": "way/266138621"
    },
    {
      "type": "Feature",
      "properties": {
        "@id": "way/266138622",
        "building": "yes"
      },
      "geometry": {
        "type": "Polygon",
        "coordinates": [
          [
            [
              -2.1944451,
              51.782482
            ],
            [
              -2.194378,
              51.7823945
            ],
            [
              -2.1942597,
              51.7824292
            ],
            [
              -2.1943268,
              51.7825167
            ],
            [
              -2.1944451,
              51.782482
            ]
          ]
        ]
      },
      "id": "way/266138622"
    },
    {
      "type": "Feature",
      "properties": {
        "@id": "way/266138623",
        "building": "yes"
      },
      "geometry": {
        "type": "Polygon",
        "coordinates": [
          [
            [
              -2.1951882,
              51.7811865
            ],
            [
              -2.1951568,
              51.7811501
            ],
            [
              -2.1950601,
              51.7811821
            ],
            [
              -2.1950915,
              51.7812184
            ],
            [
              -2.1951882,
              51.7811865
            ]
          ]
        ]
      },
      "id": "way/266138623"
    },
    {
      "type": "Feature",
      "properties": {
        "@id": "way/266138624",
        "building": "yes"
      },
      "geometry": {
        "type": "Polygon",
        "coordinates": [
          [
            [
              -2.1965556,
              51.7830872
            ],
            [
              -2.1964429,
              51.7830308
            ],
            [
              -2.1963589,
              51.7830949
            ],
            [
              -2.1964716,
              51.7831514
            ],
            [
              -2.1965556,
              51.7830872
            ]
          ]
        ]
      },
      "id": "way/266138624"
    },
    {
      "type": "Feature",
      "properties": {
        "@id": "way/266138625",
        "building": "yes"
      },
      "geometry": {
        "type": "Polygon",
        "coordinates": [
          [
            [
              -2.195723,
              51.7810564
            ],
            [
              -2.1956469,
              51.7809625
            ],
            [
              -2.1955544,
              51.7809911
            ],
            [
              -2.1955782,
              51.7810206
            ],
            [
              -2.1954516,
              51.7810598
            ],
            [
              -2.1955039,
              51.7811243
            ],
            [
              -2.195723,
              51.7810564
            ]
          ]
        ]
      },
      "id": "way/266138625"
    },
    {
      "type": "Feature",
      "properties": {
        "@id": "way/266138626",
        "building": "yes"
      },
      "geometry": {
        "type": "Polygon",
        "coordinates": [
          [
            [
              -2.1967439,
              51.7811463
            ],
            [
              -2.1966711,
              51.7810508
            ],
            [
              -2.1965667,
              51.7810813
            ],
            [
              -2.1966394,
              51.7811767
            ],
            [
              -2.1967439,
              51.7811463
            ]
          ]
        ]
      },
      "id": "way/266138626"
    },
    {
      "type": "Feature",
      "properties": {
        "@id": "way/266138627",
        "building": "yes"
      },
      "geometry": {
        "type": "Polygon",
        "coordinates": [
          [
            [
              -2.1968574,
              51.7808148
            ],
            [
              -2.1968238,
              51.780732
            ],
            [
              -2.1967305,
              51.7807465
            ],
            [
              -2.1967404,
              51.7807708
            ],
            [
              -2.1966118,
              51.7807908
            ],
            [
              -2.1966355,
              51.7808492
            ],
            [
              -2.1968574,
              51.7808148
            ]
          ]
        ]
      },
      "id": "way/266138627"
    },
    {
      "type": "Feature",
      "properties": {
        "@id": "way/266138629",
        "addr:postcode": "GL6 6RZ",
        "building": "yes"
      },
      "geometry": {
        "type": "Polygon",
        "coordinates": [
          [
            [
              -2.1964738,
              51.7812081
            ],
            [
              -2.1964407,
              51.7811696
            ],
            [
              -2.1963342,
              51.7812047
            ],
            [
              -2.1964013,
              51.7812827
            ],
            [
              -2.1964722,
              51.7812593
            ],
            [
              -2.1964383,
              51.7812199
            ],
            [
              -2.1964738,
              51.7812081
            ]
          ]
        ]
      },
      "id": "way/266138629"
    },
    {
      "type": "Feature",
      "properties": {
        "@id": "way/266138630",
        "building": "yes"
      },
      "geometry": {
        "type": "Polygon",
        "coordinates": [
          [
            [
              -2.1972621,
              51.7817635
            ],
            [
              -2.1972044,
              51.7817189
            ],
            [
              -2.1971326,
              51.7817546
            ],
            [
              -2.1971904,
              51.7817991
            ],
            [
              -2.1972621,
              51.7817635
            ]
          ]
        ]
      },
      "id": "way/266138630"
    },
    {
      "type": "Feature",
      "properties": {
        "@id": "way/266138631",
        "building": "yes"
      },
      "geometry": {
        "type": "Polygon",
        "coordinates": [
          [
            [
              -2.1969999,
              51.7814583
            ],
            [
              -2.1969628,
              51.7814139
            ],
            [
              -2.1967593,
              51.7814789
            ],
            [
              -2.1967964,
              51.7815233
            ],
            [
              -2.1969999,
              51.7814583
            ]
          ]
        ]
      },
      "id": "way/266138631"
    },
    {
      "type": "Feature",
      "properties": {
        "@id": "way/266138633",
        "building": "yes"
      },
      "geometry": {
        "type": "Polygon",
        "coordinates": [
          [
            [
              -2.1956543,
              51.7815454
            ],
            [
              -2.1956151,
              51.7814837
            ],
            [
              -2.1954368,
              51.781527
            ],
            [
              -2.195476,
              51.7815887
            ],
            [
              -2.1956543,
              51.7815454
            ]
          ]
        ]
      },
      "id": "way/266138633"
    },
    {
      "type": "Feature",
      "properties": {
        "@id": "way/266138634",
        "building": "yes"
      },
      "geometry": {
        "type": "Polygon",
        "coordinates": [
          [
            [
              -2.1970722,
              51.7821236
            ],
            [
              -2.1970575,
              51.7820662
            ],
            [
              -2.1967624,
              51.7820953
            ],
            [
              -2.1967771,
              51.7821526
            ],
            [
              -2.1970722,
              51.7821236
            ]
          ]
        ]
      },
      "id": "way/266138634"
    },
    {
      "type": "Feature",
      "properties": {
        "@id": "way/266138635",
        "building": "yes"
      },
      "geometry": {
        "type": "Polygon",
        "coordinates": [
          [
            [
              -2.1977915,
              51.783105
            ],
            [
              -2.1976788,
              51.7830486
            ],
            [
              -2.1976118,
              51.7831
            ],
            [
              -2.1977228,
              51.7831525
            ],
            [
              -2.1977915,
              51.783105
            ]
          ]
        ]
      },
      "id": "way/266138635"
    },
    {
      "type": "Feature",
      "properties": {
        "@id": "way/266138637",
        "building": "yes"
      },
      "geometry": {
        "type": "Polygon",
        "coordinates": [
          [
            [
              -2.1963449,
              51.7812795
            ],
            [
              -2.1963021,
              51.7812153
            ],
            [
              -2.1961228,
              51.7812611
            ],
            [
              -2.1961656,
              51.7813252
            ],
            [
              -2.1963449,
              51.7812795
            ]
          ]
        ]
      },
      "id": "way/266138637"
    },
    {
      "type": "Feature",
      "properties": {
        "@id": "way/266138638",
        "addr:postcode": "GL6 6RY",
        "building": "house"
      },
      "geometry": {
        "type": "Polygon",
        "coordinates": [
          [
            [
              -2.1977368,
              51.7808062
            ],
            [
              -2.1976083,
              51.7807636
            ],
            [
              -2.1975851,
              51.780782
            ],
            [
              -2.1975384,
              51.7808296
            ],
            [
              -2.1974758,
              51.7808199
            ],
            [
              -2.1974331,
              51.7808618
            ],
            [
              -2.1976404,
              51.7808811
            ],
            [
              -2.1976557,
              51.7808825
            ],
            [
              -2.1976793,
              51.7808546
            ],
            [
              -2.1976944,
              51.780859
            ],
            [
              -2.1977368,
              51.7808062
            ]
          ]
        ]
      },
      "id": "way/266138638"
    },
    {
      "type": "Feature",
      "properties": {
        "@id": "way/266138639",
        "building": "yes"
      },
      "geometry": {
        "type": "Polygon",
        "coordinates": [
          [
            [
              -2.1965631,
              51.7816913
            ],
            [
              -2.1965348,
              51.7816242
            ],
            [
              -2.1964435,
              51.781639
            ],
            [
              -2.1964719,
              51.781706
            ],
            [
              -2.1965631,
              51.7816913
            ]
          ]
        ]
      },
      "id": "way/266138639"
    },
    {
      "type": "Feature",
      "properties": {
        "@id": "way/266138640",
        "addr:postcode": "GL6 6UZ",
        "building": "terrace"
      },
      "geometry": {
        "type": "Polygon",
        "coordinates": [
          [
            [
              -2.1970911,
              51.7838278
            ],
            [
              -2.1966653,
              51.7836552
            ],
            [
              -2.1966101,
              51.7837074
            ],
            [
              -2.1967275,
              51.783755
            ],
            [
              -2.1967112,
              51.7837703
            ],
            [
              -2.1969362,
              51.7838616
            ],
            [
              -2.1969184,
              51.7838784
            ],
            [
              -2.1970017,
              51.7839122
            ],
            [
              -2.1970911,
              51.7838278
            ]
          ]
        ]
      },
      "id": "way/266138640"
    },
    {
      "type": "Feature",
      "properties": {
        "@id": "way/266138641",
        "building": "yes"
      },
      "geometry": {
        "type": "Polygon",
        "coordinates": [
          [
            [
              -2.1970644,
              51.7828059
            ],
            [
              -2.1970527,
              51.7827355
            ],
            [
              -2.1969453,
              51.7827423
            ],
            [
              -2.196957,
              51.7828127
            ],
            [
              -2.1970644,
              51.7828059
            ]
          ]
        ]
      },
      "id": "way/266138641"
    },
    {
      "type": "Feature",
      "properties": {
        "@id": "way/266138642",
        "building": "yes"
      },
      "geometry": {
        "type": "Polygon",
        "coordinates": [
          [
            [
              -2.1949866,
              51.7817056
            ],
            [
              -2.1949598,
              51.7816603
            ],
            [
              -2.1947956,
              51.7816976
            ],
            [
              -2.1948225,
              51.7817429
            ],
            [
              -2.1949866,
              51.7817056
            ]
          ]
        ]
      },
      "id": "way/266138642"
    },
    {
      "type": "Feature",
      "properties": {
        "@id": "way/266138643",
        "building": "yes"
      },
      "geometry": {
        "type": "Polygon",
        "coordinates": [
          [
            [
              -2.1960275,
              51.7820429
            ],
            [
              -2.1959432,
              51.7819881
            ],
            [
              -2.195774,
              51.7820878
            ],
            [
              -2.1958583,
              51.7821425
            ],
            [
              -2.1960275,
              51.7820429
            ]
          ]
        ]
      },
      "id": "way/266138643"
    },
    {
      "type": "Feature",
      "properties": {
        "@id": "way/266138645",
        "building": "yes"
      },
      "geometry": {
        "type": "Polygon",
        "coordinates": [
          [
            [
              -2.194377,
              51.7827988
            ],
            [
              -2.1943237,
              51.7827217
            ],
            [
              -2.194251,
              51.7827409
            ],
            [
              -2.194275,
              51.7827757
            ],
            [
              -2.1942132,
              51.782792
            ],
            [
              -2.1942425,
              51.7828344
            ],
            [
              -2.194377,
              51.7827988
            ]
          ]
        ]
      },
      "id": "way/266138645"
    },
    {
      "type": "Feature",
      "properties": {
        "@id": "way/266138649",
        "building": "yes"
      },
      "geometry": {
        "type": "Polygon",
        "coordinates": [
          [
            [
              -2.196284,
              51.7819732
            ],
            [
              -2.1962172,
              51.7819266
            ],
            [
              -2.196078,
              51.7820031
            ],
            [
              -2.1961448,
              51.7820496
            ],
            [
              -2.196284,
              51.7819732
            ]
          ]
        ]
      },
      "id": "way/266138649"
    },
    {
      "type": "Feature",
      "properties": {
        "@id": "way/266138650",
        "building": "detached"
      },
      "geometry": {
        "type": "Polygon",
        "coordinates": [
          [
            [
              -2.1950283,
              51.7812655
            ],
            [
              -2.1949851,
              51.7812155
            ],
            [
              -2.1948263,
              51.781268
            ],
            [
              -2.1948575,
              51.7813041
            ],
            [
              -2.1947883,
              51.781327
            ],
            [
              -2.1948209,
              51.7813647
            ],
            [
              -2.1949125,
              51.7813344
            ],
            [
              -2.1949023,
              51.7813227
            ],
            [
              -2.1949924,
              51.7812929
            ],
            [
              -2.194982,
              51.7812808
            ],
            [
              -2.1950283,
              51.7812655
            ]
          ]
        ]
      },
      "id": "way/266138650"
    },
    {
      "type": "Feature",
      "properties": {
        "@id": "way/266138653",
        "building": "yes"
      },
      "geometry": {
        "type": "Polygon",
        "coordinates": [
          [
            [
              -2.1936242,
              51.7824738
            ],
            [
              -2.1935559,
              51.7824217
            ],
            [
              -2.1933296,
              51.7825353
            ],
            [
              -2.1934614,
              51.7826358
            ],
            [
              -2.1935579,
              51.7825874
            ],
            [
              -2.1934944,
              51.7825389
            ],
            [
              -2.1936242,
              51.7824738
            ]
          ]
        ]
      },
      "id": "way/266138653"
    },
    {
      "type": "Feature",
      "properties": {
        "@id": "way/266138654",
        "building": "yes"
      },
      "geometry": {
        "type": "Polygon",
        "coordinates": [
          [
            [
              -2.1964525,
              51.7835421
            ],
            [
              -2.1964238,
              51.7835162
            ],
            [
              -2.196461,
              51.7835004
            ],
            [
              -2.1964169,
              51.7834606
            ],
            [
              -2.1963285,
              51.7834981
            ],
            [
              -2.1964013,
              51.7835638
            ],
            [
              -2.1964525,
              51.7835421
            ]
          ]
        ]
      },
      "id": "way/266138654"
    },
    {
      "type": "Feature",
      "properties": {
        "@id": "way/266138655",
        "addr:postcode": "GL6 6XA",
        "building": "yes"
      },
      "geometry": {
        "type": "Polygon",
        "coordinates": [
          [
            [
              -2.1974285,
              51.7818704
            ],
            [
              -2.1973643,
              51.7818273
            ],
            [
              -2.1972217,
              51.7819086
            ],
            [
              -2.1973325,
              51.781983
            ],
            [
              -2.1973896,
              51.7819505
            ],
            [
              -2.1973429,
              51.7819192
            ],
            [
              -2.1974285,
              51.7818704
            ]
          ]
        ]
      },
      "id": "way/266138655"
    },
    {
      "type": "Feature",
      "properties": {
        "@id": "way/266138656",
        "building": "yes"
      },
      "geometry": {
        "type": "Polygon",
        "coordinates": [
          [
            [
              -2.1948422,
              51.7821393
            ],
            [
              -2.1947843,
              51.7820977
            ],
            [
              -2.1946155,
              51.7821875
            ],
            [
              -2.1947034,
              51.7822507
            ],
            [
              -2.1947728,
              51.7822138
            ],
            [
              -2.1947428,
              51.7821923
            ],
            [
              -2.1948422,
              51.7821393
            ]
          ]
        ]
      },
      "id": "way/266138656"
    },
    {
      "type": "Feature",
      "properties": {
        "@id": "way/266138657",
        "addr:postcode": "GL6 6YE",
        "building": "yes"
      },
      "geometry": {
        "type": "Polygon",
        "coordinates": [
          [
            [
              -2.1942861,
              51.7825055
            ],
            [
              -2.1942294,
              51.7824345
            ],
            [
              -2.1940342,
              51.7824943
            ],
            [
              -2.1940572,
              51.782523
            ],
            [
              -2.1941044,
              51.7825085
            ],
            [
              -2.1941382,
              51.7825508
            ],
            [
              -2.1942861,
              51.7825055
            ]
          ]
        ]
      },
      "id": "way/266138657"
    },
    {
      "type": "Feature",
      "properties": {
        "@id": "way/266138659",
        "building": "yes"
      },
      "geometry": {
        "type": "Polygon",
        "coordinates": [
          [
            [
              -2.1952478,
              51.7814694
            ],
            [
              -2.1952114,
              51.7814234
            ],
            [
              -2.1951331,
              51.7814472
            ],
            [
              -2.1951695,
              51.7814932
            ],
            [
              -2.1952478,
              51.7814694
            ]
          ]
        ]
      },
      "id": "way/266138659"
    },
    {
      "type": "Feature",
      "properties": {
        "@id": "way/266138660",
        "building": "yes"
      },
      "geometry": {
        "type": "Polygon",
        "coordinates": [
          [
            [
              -2.1961274,
              51.7813379
            ],
            [
              -2.1960873,
              51.7812773
            ],
            [
              -2.1958875,
              51.781328
            ],
            [
              -2.1959276,
              51.7813885
            ],
            [
              -2.1961274,
              51.7813379
            ]
          ]
        ]
      },
      "id": "way/266138660"
    },
    {
      "type": "Feature",
      "properties": {
        "@id": "way/266138661",
        "building": "yes"
      },
      "geometry": {
        "type": "Polygon",
        "coordinates": [
          [
            [
              -2.1980549,
              51.7829462
            ],
            [
              -2.197989,
              51.7829119
            ],
            [
              -2.1979294,
              51.7829556
            ],
            [
              -2.1979952,
              51.78299
            ],
            [
              -2.1980549,
              51.7829462
            ]
          ]
        ]
      },
      "id": "way/266138661"
    },
    {
      "type": "Feature",
      "properties": {
        "@id": "way/266138662",
        "natural": "wood"
      },
      "geometry": {
        "type": "Polygon",
        "coordinates": [
          [
            [
              -2.1931566,
              51.7823135
            ],
            [
              -2.1930842,
              51.7822189
            ],
            [
              -2.1928723,
              51.7821409
            ],
            [
              -2.1921186,
              51.7824163
            ],
            [
              -2.1931432,
              51.7829689
            ],
            [
              -2.1939639,
              51.7827416
            ],
            [
              -2.1937977,
              51.7826171
            ],
            [
              -2.1932505,
              51.7828478
            ],
            [
              -2.1928707,
              51.7826481
            ],
            [
              -2.1929538,
              51.7826232
            ],
            [
              -2.1928481,
              51.7824744
            ],
            [
              -2.192934,
              51.7823234
            ],
            [
              -2.1931566,
              51.7823135
            ]
          ]
        ]
      },
      "id": "way/266138662"
    },
    {
      "type": "Feature",
      "properties": {
        "@id": "way/266138663",
        "building": "yes"
      },
      "geometry": {
        "type": "Polygon",
        "coordinates": [
          [
            [
              -2.1974602,
              51.7816356
            ],
            [
              -2.1974602,
              51.7815875
            ],
            [
              -2.1973127,
              51.7815875
            ],
            [
              -2.1973127,
              51.7816356
            ],
            [
              -2.1974602,
              51.7816356
            ]
          ]
        ]
      },
      "id": "way/266138663"
    },
    {
      "type": "Feature",
      "properties": {
        "@id": "way/266138664",
        "building": "yes"
      },
      "geometry": {
        "type": "Polygon",
        "coordinates": [
          [
            [
              -2.1940923,
              51.7819495
            ],
            [
              -2.1940347,
              51.781882
            ],
            [
              -2.1938245,
              51.7819507
            ],
            [
              -2.1938821,
              51.7820182
            ],
            [
              -2.1940923,
              51.7819495
            ]
          ]
        ]
      },
      "id": "way/266138664"
    },
    {
      "type": "Feature",
      "properties": {
        "@id": "way/266138665",
        "building": "yes"
      },
      "geometry": {
        "type": "Polygon",
        "coordinates": [
          [
            [
              -2.1957958,
              51.7821937
            ],
            [
              -2.1957131,
              51.782123
            ],
            [
              -2.195575,
              51.7821849
            ],
            [
              -2.1956577,
              51.7822556
            ],
            [
              -2.1957958,
              51.7821937
            ]
          ]
        ]
      },
      "id": "way/266138665"
    },
    {
      "type": "Feature",
      "properties": {
        "@id": "way/266138666",
        "building": "yes"
      },
      "geometry": {
        "type": "Polygon",
        "coordinates": [
          [
            [
              -2.1967724,
              51.7815913
            ],
            [
              -2.1967226,
              51.7815135
            ],
            [
              -2.1965248,
              51.7815621
            ],
            [
              -2.1965582,
              51.7816143
            ],
            [
              -2.1966197,
              51.7815992
            ],
            [
              -2.1966361,
              51.7816247
            ],
            [
              -2.1967724,
              51.7815913
            ]
          ]
        ]
      },
      "id": "way/266138666"
    },
    {
      "type": "Feature",
      "properties": {
        "@id": "way/266138667",
        "building": "yes"
      },
      "geometry": {
        "type": "Polygon",
        "coordinates": [
          [
            [
              -2.1966831,
              51.7835795
            ],
            [
              -2.1966327,
              51.7835493
            ],
            [
              -2.1965645,
              51.7835928
            ],
            [
              -2.1966149,
              51.783623
            ],
            [
              -2.1966831,
              51.7835795
            ]
          ]
        ]
      },
      "id": "way/266138667"
    },
    {
      "type": "Feature",
      "properties": {
        "@id": "way/266138670",
        "building": "detached"
      },
      "geometry": {
        "type": "Polygon",
        "coordinates": [
          [
            [
              -2.1946984,
              51.7813861
            ],
            [
              -2.1946427,
              51.7813044
            ],
            [
              -2.1944568,
              51.7813529
            ],
            [
              -2.1945125,
              51.7814346
            ],
            [
              -2.1946984,
              51.7813861
            ]
          ]
        ]
      },
      "id": "way/266138670"
    },
    {
      "type": "Feature",
      "properties": {
        "@id": "way/266138671",
        "building": "yes"
      },
      "geometry": {
        "type": "Polygon",
        "coordinates": [
          [
            [
              -2.1965684,
              51.7836175
            ],
            [
              -2.1964855,
              51.7835586
            ],
            [
              -2.1964346,
              51.7835861
            ],
            [
              -2.1965175,
              51.7836449
            ],
            [
              -2.1965684,
              51.7836175
            ]
          ]
        ]
      },
      "id": "way/266138671"
    },
    {
      "type": "Feature",
      "properties": {
        "@id": "way/266138677",
        "building": "yes"
      },
      "geometry": {
        "type": "Polygon",
        "coordinates": [
          [
            [
              -2.1972993,
              51.7811765
            ],
            [
              -2.1971768,
              51.7810232
            ],
            [
              -2.19708,
              51.7810528
            ],
            [
              -2.1972025,
              51.7812061
            ],
            [
              -2.1972993,
              51.7811765
            ]
          ]
        ]
      },
      "id": "way/266138677"
    },
    {
      "type": "Feature",
      "properties": {
        "@id": "way/266138678",
        "building": "yes"
      },
      "geometry": {
        "type": "Polygon",
        "coordinates": [
          [
            [
              -2.1948002,
              51.7812862
            ],
            [
              -2.1947711,
              51.7812382
            ],
            [
              -2.1946915,
              51.7812567
            ],
            [
              -2.1947207,
              51.7813046
            ],
            [
              -2.1948002,
              51.7812862
            ]
          ]
        ]
      },
      "id": "way/266138678"
    },
    {
      "type": "Feature",
      "properties": {
        "@id": "way/266138679",
        "building": "yes"
      },
      "geometry": {
        "type": "Polygon",
        "coordinates": [
          [
            [
              -2.1965369,
              51.7818877
            ],
            [
              -2.1964819,
              51.781841
            ],
            [
              -2.1963533,
              51.7818991
            ],
            [
              -2.1964083,
              51.7819457
            ],
            [
              -2.1965369,
              51.7818877
            ]
          ]
        ]
      },
      "id": "way/266138679"
    },
    {
      "type": "Feature",
      "properties": {
        "@id": "way/266138680",
        "building": "yes"
      },
      "geometry": {
        "type": "Polygon",
        "coordinates": [
          [
            [
              -2.196287,
              51.7825265
            ],
            [
              -2.1961481,
              51.7824906
            ],
            [
              -2.1961092,
              51.7825483
            ],
            [
              -2.1962481,
              51.7825841
            ],
            [
              -2.196287,
              51.7825265
            ]
          ]
        ]
      },
      "id": "way/266138680"
    },
    {
      "type": "Feature",
      "properties": {
        "@id": "way/266138681",
        "building": "yes"
      },
      "geometry": {
        "type": "Polygon",
        "coordinates": [
          [
            [
              -2.1971654,
              51.7813176
            ],
            [
              -2.1971265,
              51.781271
            ],
            [
              -2.1970805,
              51.7812857
            ],
            [
              -2.1970487,
              51.7812475
            ],
            [
              -2.1969212,
              51.7812882
            ],
            [
              -2.1970251,
              51.7814127
            ],
            [
              -2.1971229,
              51.7813815
            ],
            [
              -2.1970897,
              51.7813417
            ],
            [
              -2.1971654,
              51.7813176
            ]
          ]
        ]
      },
      "id": "way/266138681"
    },
    {
      "type": "Feature",
      "properties": {
        "@id": "way/266138686",
        "building": "yes"
      },
      "geometry": {
        "type": "Polygon",
        "coordinates": [
          [
            [
              -2.1957868,
              51.7810556
            ],
            [
              -2.1957152,
              51.7810848
            ],
            [
              -2.1957564,
              51.7811234
            ],
            [
              -2.195828,
              51.7810942
            ],
            [
              -2.1957868,
              51.7810556
            ]
          ]
        ]
      },
      "id": "way/266138686"
    },
    {
      "type": "Feature",
      "properties": {
        "@id": "way/266138687",
        "building": "yes"
      },
      "geometry": {
        "type": "Polygon",
        "coordinates": [
          [
            [
              -2.1978933,
              51.7831499
            ],
            [
              -2.1978151,
              51.7831146
            ],
            [
              -2.197749,
              51.7831707
            ],
            [
              -2.1978271,
              51.783206
            ],
            [
              -2.1978933,
              51.7831499
            ]
          ]
        ]
      },
      "id": "way/266138687"
    },
    {
      "type": "Feature",
      "properties": {
        "@id": "way/266138691",
        "building": "terrace",
        "roof:shape": "gabled"
      },
      "geometry": {
        "type": "Polygon",
        "coordinates": [
          [
            [
              -2.1975124,
              51.7834966
            ],
            [
              -2.1973768,
              51.7834377
            ],
            [
              -2.1970895,
              51.7836909
            ],
            [
              -2.1971887,
              51.783734
            ],
            [
              -2.1974259,
              51.7835249
            ],
            [
              -2.1974624,
              51.7835407
            ],
            [
              -2.1975124,
              51.7834966
            ]
          ]
        ]
      },
      "id": "way/266138691"
    },
    {
      "type": "Feature",
      "properties": {
        "@id": "way/266138693",
        "building": "yes"
      },
      "geometry": {
        "type": "Polygon",
        "coordinates": [
          [
            [
              -2.1964978,
              51.7808738
            ],
            [
              -2.1964705,
              51.7807972
            ],
            [
              -2.1962897,
              51.7808218
            ],
            [
              -2.196317,
              51.7808985
            ],
            [
              -2.1964978,
              51.7808738
            ]
          ]
        ]
      },
      "id": "way/266138693"
    },
    {
      "type": "Feature",
      "properties": {
        "@id": "way/266138697",
        "building": "yes"
      },
      "geometry": {
        "type": "Polygon",
        "coordinates": [
          [
            [
              -2.195887,
              51.7814771
            ],
            [
              -2.1958587,
              51.7814227
            ],
            [
              -2.1957134,
              51.7814516
            ],
            [
              -2.1957417,
              51.7815061
            ],
            [
              -2.195887,
              51.7814771
            ]
          ]
        ]
      },
      "id": "way/266138697"
    },
    {
      "type": "Feature",
      "properties": {
        "@id": "way/266138699",
        "building": "detached"
      },
      "geometry": {
        "type": "Polygon",
        "coordinates": [
          [
            [
              -2.1953652,
              51.7815919
            ],
            [
              -2.1953315,
              51.7815417
            ],
            [
              -2.1951191,
              51.7815963
            ],
            [
              -2.1951528,
              51.7816465
            ],
            [
              -2.1953652,
              51.7815919
            ]
          ]
        ]
      },
      "id": "way/266138699"
    },
    {
      "type": "Feature",
      "properties": {
        "@id": "way/266138700",
        "building": "yes"
      },
      "geometry": {
        "type": "Polygon",
        "coordinates": [
          [
            [
              -2.1953465,
              51.7811598
            ],
            [
              -2.1953174,
              51.7811153
            ],
            [
              -2.1952004,
              51.7811446
            ],
            [
              -2.1952295,
              51.7811891
            ],
            [
              -2.1953465,
              51.7811598
            ]
          ]
        ]
      },
      "id": "way/266138700"
    },
    {
      "type": "Feature",
      "properties": {
        "@id": "way/266138701",
        "building": "yes"
      },
      "geometry": {
        "type": "Polygon",
        "coordinates": [
          [
            [
              -2.1960412,
              51.7829271
            ],
            [
              -2.196024,
              51.7828511
            ],
            [
              -2.1957739,
              51.7828728
            ],
            [
              -2.1957912,
              51.7829488
            ],
            [
              -2.1960412,
              51.7829271
            ]
          ]
        ]
      },
      "id": "way/266138701"
    },
    {
      "type": "Feature",
      "properties": {
        "@id": "way/266138703",
        "building": "yes"
      },
      "geometry": {
        "type": "Polygon",
        "coordinates": [
          [
            [
              -2.1967162,
              51.7828375
            ],
            [
              -2.1967063,
              51.7827971
            ],
            [
              -2.1963897,
              51.7828269
            ],
            [
              -2.1964072,
              51.7828981
            ],
            [
              -2.1965351,
              51.7828861
            ],
            [
              -2.1965276,
              51.7828553
            ],
            [
              -2.1967162,
              51.7828375
            ]
          ]
        ]
      },
      "id": "way/266138703"
    },
    {
      "type": "Feature",
      "properties": {
        "@id": "way/266784223",
        "building": "yes"
      },
      "geometry": {
        "type": "Polygon",
        "coordinates": [
          [
            [
              -2.198287,
              51.7816746
            ],
            [
              -2.1981522,
              51.7815979
            ],
            [
              -2.1980925,
              51.7816381
            ],
            [
              -2.1981362,
              51.781663
            ],
            [
              -2.1980776,
              51.7817024
            ],
            [
              -2.1981687,
              51.7817542
            ],
            [
              -2.198287,
              51.7816746
            ]
          ]
        ]
      },
      "id": "way/266784223"
    },
    {
      "type": "Feature",
      "properties": {
        "@id": "way/266784226",
        "building": "yes"
      },
      "geometry": {
        "type": "Polygon",
        "coordinates": [
          [
            [
              -2.2000541,
              51.7810037
            ],
            [
              -2.1998432,
              51.7809545
            ],
            [
              -2.1997979,
              51.781029
            ],
            [
              -2.2000088,
              51.7810781
            ],
            [
              -2.2000541,
              51.7810037
            ]
          ]
        ]
      },
      "id": "way/266784226"
    },
    {
      "type": "Feature",
      "properties": {
        "@id": "way/266784228",
        "building": "yes"
      },
      "geometry": {
        "type": "Polygon",
        "coordinates": [
          [
            [
              -2.1980695,
              51.7809764
            ],
            [
              -2.1979397,
              51.7809764
            ],
            [
              -2.1979397,
              51.7810071
            ],
            [
              -2.1980695,
              51.7810071
            ],
            [
              -2.1980695,
              51.7809764
            ]
          ]
        ]
      },
      "id": "way/266784228"
    },
    {
      "type": "Feature",
      "properties": {
        "@id": "way/266784229",
        "building": "yes"
      },
      "geometry": {
        "type": "Polygon",
        "coordinates": [
          [
            [
              -2.1977819,
              51.7814016
            ],
            [
              -2.1977214,
              51.7813554
            ],
            [
              -2.1976123,
              51.78141
            ],
            [
              -2.1976728,
              51.7814563
            ],
            [
              -2.1977819,
              51.7814016
            ]
          ]
        ]
      },
      "id": "way/266784229"
    },
    {
      "type": "Feature",
      "properties": {
        "@id": "way/266784230",
        "building": "yes"
      },
      "geometry": {
        "type": "Polygon",
        "coordinates": [
          [
            [
              -2.1989058,
              51.7808036
            ],
            [
              -2.1988252,
              51.7807772
            ],
            [
              -2.1987194,
              51.7809009
            ],
            [
              -2.1988,
              51.7809273
            ],
            [
              -2.1989058,
              51.7808036
            ]
          ]
        ]
      },
      "id": "way/266784230"
    },
    {
      "type": "Feature",
      "properties": {
        "@id": "way/266784231",
        "building": "yes"
      },
      "geometry": {
        "type": "Polygon",
        "coordinates": [
          [
            [
              -2.1998116,
              51.780933
            ],
            [
              -2.1997231,
              51.7809138
            ],
            [
              -2.1997079,
              51.7809405
            ],
            [
              -2.1995755,
              51.7809117
            ],
            [
              -2.199537,
              51.7809795
            ],
            [
              -2.199758,
              51.7810275
            ],
            [
              -2.1998116,
              51.780933
            ]
          ]
        ]
      },
      "id": "way/266784231"
    },
    {
      "type": "Feature",
      "properties": {
        "@id": "way/266784232",
        "building": "yes"
      },
      "geometry": {
        "type": "Polygon",
        "coordinates": [
          [
            [
              -2.1987133,
              51.7809568
            ],
            [
              -2.1986102,
              51.7809444
            ],
            [
              -2.198598,
              51.7809834
            ],
            [
              -2.1987011,
              51.7809958
            ],
            [
              -2.1987133,
              51.7809568
            ]
          ]
        ]
      },
      "id": "way/266784232"
    },
    {
      "type": "Feature",
      "properties": {
        "@id": "way/266784233",
        "building": "yes"
      },
      "geometry": {
        "type": "Polygon",
        "coordinates": [
          [
            [
              -2.1992698,
              51.7808296
            ],
            [
              -2.1990679,
              51.7807867
            ],
            [
              -2.1990281,
              51.7808584
            ],
            [
              -2.19923,
              51.7809013
            ],
            [
              -2.1992698,
              51.7808296
            ]
          ]
        ]
      },
      "id": "way/266784233"
    },
    {
      "type": "Feature",
      "properties": {
        "@id": "way/266784234",
        "building": "yes"
      },
      "geometry": {
        "type": "Polygon",
        "coordinates": [
          [
            [
              -2.1995228,
              51.7808875
            ],
            [
              -2.1993505,
              51.7808525
            ],
            [
              -2.1993141,
              51.7809211
            ],
            [
              -2.1994864,
              51.7809561
            ],
            [
              -2.1995228,
              51.7808875
            ]
          ]
        ]
      },
      "id": "way/266784234"
    },
    {
      "type": "Feature",
      "properties": {
        "@id": "way/266784235",
        "addr:postcode": "GL6 6XB",
        "building": "yes"
      },
      "geometry": {
        "type": "Polygon",
        "coordinates": [
          [
            [
              -2.200288,
              51.7815085
            ],
            [
              -2.2001462,
              51.7814219
            ],
            [
              -2.200082,
              51.781462
            ],
            [
              -2.2002238,
              51.7815487
            ],
            [
              -2.200288,
              51.7815085
            ]
          ]
        ]
      },
      "id": "way/266784235"
    },
    {
      "type": "Feature",
      "properties": {
        "@id": "way/266784236",
        "building": "yes"
      },
      "geometry": {
        "type": "Polygon",
        "coordinates": [
          [
            [
              -2.198448,
              51.7812368
            ],
            [
              -2.1983119,
              51.781159
            ],
            [
              -2.1981862,
              51.7812431
            ],
            [
              -2.1982653,
              51.7812883
            ],
            [
              -2.1982974,
              51.7812668
            ],
            [
              -2.1983544,
              51.7812994
            ],
            [
              -2.198448,
              51.7812368
            ]
          ]
        ]
      },
      "id": "way/266784236"
    },
    {
      "type": "Feature",
      "properties": {
        "@id": "way/266784237",
        "building": "yes"
      },
      "geometry": {
        "type": "Polygon",
        "coordinates": [
          [
            [
              -2.2004084,
              51.7811098
            ],
            [
              -2.2001645,
              51.781049
            ],
            [
              -2.2001239,
              51.7811115
            ],
            [
              -2.2003678,
              51.7811723
            ],
            [
              -2.2004084,
              51.7811098
            ]
          ]
        ]
      },
      "id": "way/266784237"
    },
    {
      "type": "Feature",
      "properties": {
        "@id": "way/266784238",
        "building": "yes"
      },
      "geometry": {
        "type": "Polygon",
        "coordinates": [
          [
            [
              -2.1994242,
              51.7812108
            ],
            [
              -2.1992779,
              51.7811878
            ],
            [
              -2.1992505,
              51.7812545
            ],
            [
              -2.1993968,
              51.7812775
            ],
            [
              -2.1994242,
              51.7812108
            ]
          ]
        ]
      },
      "id": "way/266784238"
    },
    {
      "type": "Feature",
      "properties": {
        "@id": "way/266784239",
        "building": "yes"
      },
      "geometry": {
        "type": "Polygon",
        "coordinates": [
          [
            [
              -2.2005321,
              51.7817907
            ],
            [
              -2.2004815,
              51.7817607
            ],
            [
              -2.2004273,
              51.7817956
            ],
            [
              -2.200478,
              51.7818256
            ],
            [
              -2.2005321,
              51.7817907
            ]
          ]
        ]
      },
      "id": "way/266784239"
    },
    {
      "type": "Feature",
      "properties": {
        "@id": "way/266784241",
        "building": "yes"
      },
      "geometry": {
        "type": "Polygon",
        "coordinates": [
          [
            [
              -2.1979566,
              51.7818735
            ],
            [
              -2.197805,
              51.7818033
            ],
            [
              -2.1977304,
              51.781865
            ],
            [
              -2.1978821,
              51.7819352
            ],
            [
              -2.1979566,
              51.7818735
            ]
          ]
        ]
      },
      "id": "way/266784241"
    },
    {
      "type": "Feature",
      "properties": {
        "@id": "way/266784242",
        "building": "yes"
      },
      "geometry": {
        "type": "Polygon",
        "coordinates": [
          [
            [
              -2.1978962,
              51.7812607
            ],
            [
              -2.1978514,
              51.7812129
            ],
            [
              -2.1977268,
              51.7812576
            ],
            [
              -2.1977716,
              51.7813054
            ],
            [
              -2.1978962,
              51.7812607
            ]
          ]
        ]
      },
      "id": "way/266784242"
    },
    {
      "type": "Feature",
      "properties": {
        "@id": "way/266784243",
        "building": "yes"
      },
      "geometry": {
        "type": "Polygon",
        "coordinates": [
          [
            [
              -2.2000292,
              51.7813835
            ],
            [
              -2.1999305,
              51.7813244
            ],
            [
              -2.1998777,
              51.7813582
            ],
            [
              -2.1999366,
              51.7813935
            ],
            [
              -2.1998864,
              51.7814256
            ],
            [
              -2.1999261,
              51.7814494
            ],
            [
              -2.2000292,
              51.7813835
            ]
          ]
        ]
      },
      "id": "way/266784243"
    },
    {
      "type": "Feature",
      "properties": {
        "@id": "way/266784244",
        "building": "yes"
      },
      "geometry": {
        "type": "Polygon",
        "coordinates": [
          [
            [
              -2.1984167,
              51.780887
            ],
            [
              -2.1984202,
              51.7808136
            ],
            [
              -2.1983771,
              51.7808128
            ],
            [
              -2.1983791,
              51.7807706
            ],
            [
              -2.1981523,
              51.7807664
            ],
            [
              -2.1981496,
              51.7808223
            ],
            [
              -2.1982928,
              51.780825
            ],
            [
              -2.1982899,
              51.7808847
            ],
            [
              -2.1984167,
              51.780887
            ]
          ]
        ]
      },
      "id": "way/266784244"
    },
    {
      "type": "Feature",
      "properties": {
        "@id": "way/266784245",
        "building": "yes"
      },
      "geometry": {
        "type": "Polygon",
        "coordinates": [
          [
            [
              -2.1984325,
              51.7815202
            ],
            [
              -2.1983388,
              51.781465
            ],
            [
              -2.1982102,
              51.7815485
            ],
            [
              -2.1983039,
              51.7816037
            ],
            [
              -2.1984325,
              51.7815202
            ]
          ]
        ]
      },
      "id": "way/266784245"
    },
    {
      "type": "Feature",
      "properties": {
        "@id": "way/266784247",
        "building": "yes"
      },
      "geometry": {
        "type": "Polygon",
        "coordinates": [
          [
            [
              -2.1986256,
              51.7809262
            ],
            [
              -2.1985883,
              51.7808597
            ],
            [
              -2.198556,
              51.7808666
            ],
            [
              -2.1985369,
              51.7808326
            ],
            [
              -2.1984902,
              51.7808426
            ],
            [
              -2.1985465,
              51.7809431
            ],
            [
              -2.1986256,
              51.7809262
            ]
          ]
        ]
      },
      "id": "way/266784247"
    },
    {
      "type": "Feature",
      "properties": {
        "@id": "way/266784248",
        "building": "yes"
      },
      "geometry": {
        "type": "Polygon",
        "coordinates": [
          [
            [
              -2.2007915,
              51.7818138
            ],
            [
              -2.2006504,
              51.7817168
            ],
            [
              -2.200554,
              51.7817705
            ],
            [
              -2.2006038,
              51.7818047
            ],
            [
              -2.2006426,
              51.7817831
            ],
            [
              -2.2007339,
              51.7818458
            ],
            [
              -2.2007915,
              51.7818138
            ]
          ]
        ]
      },
      "id": "way/266784248"
    },
    {
      "type": "Feature",
      "properties": {
        "@id": "way/266784251",
        "building": "yes"
      },
      "geometry": {
        "type": "Polygon",
        "coordinates": [
          [
            [
              -2.1996256,
              51.7812672
            ],
            [
              -2.1994976,
              51.7812437
            ],
            [
              -2.1994699,
              51.7813013
            ],
            [
              -2.1995979,
              51.7813249
            ],
            [
              -2.1996256,
              51.7812672
            ]
          ]
        ]
      },
      "id": "way/266784251"
    },
    {
      "type": "Feature",
      "properties": {
        "@id": "way/266784252",
        "building": "yes"
      },
      "geometry": {
        "type": "Polygon",
        "coordinates": [
          [
            [
              -2.1976996,
              51.7817361
            ],
            [
              -2.1975262,
              51.7816885
            ],
            [
              -2.1974731,
              51.7817627
            ],
            [
              -2.1976465,
              51.7818102
            ],
            [
              -2.1976996,
              51.7817361
            ]
          ]
        ]
      },
      "id": "way/266784252"
    },
    {
      "type": "Feature",
      "properties": {
        "@id": "way/266784253",
        "building": "yes"
      },
      "geometry": {
        "type": "Polygon",
        "coordinates": [
          [
            [
              -2.1986929,
              51.7814478
            ],
            [
              -2.1986181,
              51.7813664
            ],
            [
              -2.1985091,
              51.7814048
            ],
            [
              -2.1985623,
              51.7814627
            ],
            [
              -2.1984874,
              51.781489
            ],
            [
              -2.198509,
              51.7815125
            ],
            [
              -2.1986929,
              51.7814478
            ]
          ]
        ]
      },
      "id": "way/266784253"
    },
    {
      "type": "Feature",
      "properties": {
        "@id": "way/266784254",
        "building": "yes"
      },
      "geometry": {
        "type": "Polygon",
        "coordinates": [
          [
            [
              -2.2007499,
              51.7812606
            ],
            [
              -2.2005908,
              51.7812262
            ],
            [
              -2.2006076,
              51.7811964
            ],
            [
              -2.2005311,
              51.7811799
            ],
            [
              -2.20052,
              51.7811996
            ],
            [
              -2.2004535,
              51.7811853
            ],
            [
              -2.2004144,
              51.7812547
            ],
            [
              -2.2007164,
              51.7813199
            ],
            [
              -2.2007499,
              51.7812606
            ]
          ]
        ]
      },
      "id": "way/266784254"
    },
    {
      "type": "Feature",
      "properties": {
        "@id": "way/266784255",
        "building": "yes"
      },
      "geometry": {
        "type": "Polygon",
        "coordinates": [
          [
            [
              -2.1982096,
              51.7811796
            ],
            [
              -2.1982185,
              51.7810696
            ],
            [
              -2.1981511,
              51.7810675
            ],
            [
              -2.1981487,
              51.7810971
            ],
            [
              -2.198062,
              51.7810944
            ],
            [
              -2.1980639,
              51.7810718
            ],
            [
              -2.1979961,
              51.7810697
            ],
            [
              -2.1979879,
              51.7811712
            ],
            [
              -2.1980649,
              51.7811736
            ],
            [
              -2.1980663,
              51.7811564
            ],
            [
              -2.1981162,
              51.7811579
            ],
            [
              -2.1981147,
              51.7811767
            ],
            [
              -2.1982096,
              51.7811796
            ]
          ]
        ]
      },
      "id": "way/266784255"
    },
    {
      "type": "Feature",
      "properties": {
        "@id": "way/266784256",
        "building": "yes"
      },
      "geometry": {
        "type": "Polygon",
        "coordinates": [
          [
            [
              -2.2005094,
              51.7816549
            ],
            [
              -2.2003616,
              51.7815786
            ],
            [
              -2.2002391,
              51.7816696
            ],
            [
              -2.2002926,
              51.7816972
            ],
            [
              -2.2003714,
              51.7816387
            ],
            [
              -2.2004656,
              51.7816873
            ],
            [
              -2.2005094,
              51.7816549
            ]
          ]
        ]
      },
      "id": "way/266784256"
    },
    {
      "type": "Feature",
      "properties": {
        "@id": "way/266784795",
        "building": "yes"
      },
      "geometry": {
        "type": "Polygon",
        "coordinates": [
          [
            [
              -2.1992574,
              51.7815257
            ],
            [
              -2.1991423,
              51.7814707
            ],
            [
              -2.1990247,
              51.7815648
            ],
            [
              -2.1991398,
              51.7816198
            ],
            [
              -2.1992574,
              51.7815257
            ]
          ]
        ]
      },
      "id": "way/266784795"
    },
    {
      "type": "Feature",
      "properties": {
        "@id": "way/266784796",
        "building": "yes"
      },
      "geometry": {
        "type": "Polygon",
        "coordinates": [
          [
            [
              -2.2002622,
              51.7820752
            ],
            [
              -2.1999491,
              51.7819125
            ],
            [
              -2.199918,
              51.7819354
            ],
            [
              -2.1998539,
              51.781902
            ],
            [
              -2.199802,
              51.7819402
            ],
            [
              -2.2000359,
              51.7820617
            ],
            [
              -2.1999981,
              51.7820896
            ],
            [
              -2.2000911,
              51.7821379
            ],
            [
              -2.2001378,
              51.7821036
            ],
            [
              -2.2001882,
              51.7821297
            ],
            [
              -2.2002622,
              51.7820752
            ]
          ]
        ]
      },
      "id": "way/266784796"
    },
    {
      "type": "Feature",
      "properties": {
        "@id": "way/266784797",
        "addr:postcode": "GL6 6UL",
        "building": "yes"
      },
      "geometry": {
        "type": "Polygon",
        "coordinates": [
          [
            [
              -2.1998054,
              51.7818192
            ],
            [
              -2.1996801,
              51.7817519
            ],
            [
              -2.1996598,
              51.7817663
            ],
            [
              -2.1995683,
              51.7817171
            ],
            [
              -2.1993994,
              51.7818374
            ],
            [
              -2.1994186,
              51.7818478
            ],
            [
              -2.1993484,
              51.7818978
            ],
            [
              -2.1990015,
              51.7817114
            ],
            [
              -2.1989218,
              51.7817681
            ],
            [
              -2.1987787,
              51.7816912
            ],
            [
              -2.1986788,
              51.7817623
            ],
            [
              -2.1990016,
              51.7819357
            ],
            [
              -2.1990299,
              51.7819156
            ],
            [
              -2.1991508,
              51.7819805
            ],
            [
              -2.1991325,
              51.7819936
            ],
            [
              -2.1993238,
              51.7820964
            ],
            [
              -2.1993531,
              51.7820755
            ],
            [
              -2.199401,
              51.7821012
            ],
            [
              -2.1994768,
              51.7820472
            ],
            [
              -2.1994185,
              51.7820159
            ],
            [
              -2.1995671,
              51.7819101
            ],
            [
              -2.1995334,
              51.781892
            ],
            [
              -2.1995917,
              51.7818505
            ],
            [
              -2.1996884,
              51.7819025
            ],
            [
              -2.1998054,
              51.7818192
            ]
          ]
        ]
      },
      "id": "way/266784797"
    },
    {
      "type": "Feature",
      "properties": {
        "@id": "way/268677265",
        "building": "yes"
      },
      "geometry": {
        "type": "Polygon",
        "coordinates": [
          [
            [
              -2.1907395,
              51.7860627
            ],
            [
              -2.1907033,
              51.7860131
            ],
            [
              -2.1904349,
              51.7860879
            ],
            [
              -2.190471,
              51.7861375
            ],
            [
              -2.1907395,
              51.7860627
            ]
          ]
        ]
      },
      "id": "way/268677265"
    },
    {
      "type": "Feature",
      "properties": {
        "@id": "way/268677267",
        "building": "yes"
      },
      "geometry": {
        "type": "Polygon",
        "coordinates": [
          [
            [
              -2.1890994,
              51.7862957
            ],
            [
              -2.1890446,
              51.7862608
            ],
            [
              -2.1889256,
              51.7863321
            ],
            [
              -2.1889804,
              51.7863671
            ],
            [
              -2.1890994,
              51.7862957
            ]
          ]
        ]
      },
      "id": "way/268677267"
    },
    {
      "type": "Feature",
      "properties": {
        "@id": "way/268677268",
        "building": "yes"
      },
      "geometry": {
        "type": "Polygon",
        "coordinates": [
          [
            [
              -2.1889276,
              51.7864866
            ],
            [
              -2.188858,
              51.7864553
            ],
            [
              -2.1887409,
              51.7865548
            ],
            [
              -2.1888105,
              51.7865862
            ],
            [
              -2.1889276,
              51.7864866
            ]
          ]
        ]
      },
      "id": "way/268677268"
    },
    {
      "type": "Feature",
      "properties": {
        "@id": "way/268677270",
        "addr:postcode": "GL6 6XS",
        "building": "yes"
      },
      "geometry": {
        "type": "Polygon",
        "coordinates": [
          [
            [
              -2.1901411,
              51.7863373
            ],
            [
              -2.1901107,
              51.7862904
            ],
            [
              -2.1901604,
              51.7862781
            ],
            [
              -2.1901183,
              51.786213
            ],
            [
              -2.1900453,
              51.7862311
            ],
            [
              -2.1900786,
              51.7862826
            ],
            [
              -2.1899476,
              51.786315
            ],
            [
              -2.1899868,
              51.7863755
            ],
            [
              -2.1901411,
              51.7863373
            ]
          ]
        ]
      },
      "id": "way/268677270"
    },
    {
      "type": "Feature",
      "properties": {
        "@id": "way/268677272",
        "amenity": "community_centre",
        "building": "yes",
        "community_centre": "community_hall",
        "name": "Painswick Youth and Community Pavilion",
        "operator": "Painswick Parish Council",
        "roof:shape": "gabled"
      },
      "geometry": {
        "type": "Polygon",
        "coordinates": [
          [
            [
              -2.191413,
              51.7869566
            ],
            [
              -2.191223,
              51.7869137
            ],
            [
              -2.1911708,
              51.7870024
            ],
            [
              -2.1912259,
              51.7870148
            ],
            [
              -2.1913045,
              51.7870325
            ],
            [
              -2.1913607,
              51.7870452
            ],
            [
              -2.191413,
              51.7869566
            ]
          ]
        ]
      },
      "id": "way/268677272"
    },
    {
      "type": "Feature",
      "properties": {
        "@id": "way/268677273",
        "building": "yes"
      },
      "geometry": {
        "type": "Polygon",
        "coordinates": [
          [
            [
              -2.1917654,
              51.786292
            ],
            [
              -2.1917468,
              51.7862185
            ],
            [
              -2.1916606,
              51.7862268
            ],
            [
              -2.1916792,
              51.7863003
            ],
            [
              -2.1917654,
              51.786292
            ]
          ]
        ]
      },
      "id": "way/268677273"
    },
    {
      "type": "Feature",
      "properties": {
        "@id": "way/268677275",
        "building": "yes"
      },
      "geometry": {
        "type": "Polygon",
        "coordinates": [
          [
            [
              -2.1919017,
              51.7860728
            ],
            [
              -2.1918933,
              51.7860457
            ],
            [
              -2.191823,
              51.786054
            ],
            [
              -2.191804,
              51.7859927
            ],
            [
              -2.1917494,
              51.7859991
            ],
            [
              -2.1917635,
              51.7860448
            ],
            [
              -2.1916071,
              51.7860633
            ],
            [
              -2.1915897,
              51.7860074
            ],
            [
              -2.1913764,
              51.7860327
            ],
            [
              -2.1913895,
              51.7860752
            ],
            [
              -2.1913198,
              51.7860835
            ],
            [
              -2.1913372,
              51.7861397
            ],
            [
              -2.1919017,
              51.7860728
            ]
          ]
        ]
      },
      "id": "way/268677275"
    },
    {
      "type": "Feature",
      "properties": {
        "@id": "way/268677278",
        "building": "yes"
      },
      "geometry": {
        "type": "Polygon",
        "coordinates": [
          [
            [
              -2.1895673,
              51.7869245
            ],
            [
              -2.1895085,
              51.7868815
            ],
            [
              -2.1894372,
              51.7869188
            ],
            [
              -2.189496,
              51.7869618
            ],
            [
              -2.1895673,
              51.7869245
            ]
          ]
        ]
      },
      "id": "way/268677278"
    },
    {
      "type": "Feature",
      "properties": {
        "@id": "way/268677280",
        "building": "yes"
      },
      "geometry": {
        "type": "Polygon",
        "coordinates": [
          [
            [
              -2.1901859,
              51.7864611
            ],
            [
              -2.1901561,
              51.7864119
            ],
            [
              -2.1899185,
              51.7864671
            ],
            [
              -2.189933,
              51.786491
            ],
            [
              -2.1900066,
              51.7864739
            ],
            [
              -2.1900421,
              51.7865325
            ],
            [
              -2.1901756,
              51.7865015
            ],
            [
              -2.1901554,
              51.7864682
            ],
            [
              -2.1901859,
              51.7864611
            ]
          ]
        ]
      },
      "id": "way/268677280"
    },
    {
      "type": "Feature",
      "properties": {
        "@id": "way/268677281",
        "building": "yes"
      },
      "geometry": {
        "type": "Polygon",
        "coordinates": [
          [
            [
              -2.1897987,
              51.786531
            ],
            [
              -2.1897788,
              51.7864857
            ],
            [
              -2.1895657,
              51.7865214
            ],
            [
              -2.1895856,
              51.7865668
            ],
            [
              -2.1897987,
              51.786531
            ]
          ]
        ]
      },
      "id": "way/268677281"
    },
    {
      "type": "Feature",
      "properties": {
        "@id": "way/268677283",
        "building": "yes"
      },
      "geometry": {
        "type": "Polygon",
        "coordinates": [
          [
            [
              -2.1920508,
              51.7863061
            ],
            [
              -2.1920144,
              51.7862616
            ],
            [
              -2.191969,
              51.7862758
            ],
            [
              -2.1919066,
              51.7861996
            ],
            [
              -2.1918527,
              51.7862164
            ],
            [
              -2.1919515,
              51.7863372
            ],
            [
              -2.1920508,
              51.7863061
            ]
          ]
        ]
      },
      "id": "way/268677283"
    },
    {
      "type": "Feature",
      "properties": {
        "@id": "way/268677284",
        "building": "yes"
      },
      "geometry": {
        "type": "Polygon",
        "coordinates": [
          [
            [
              -2.1893338,
              51.7867752
            ],
            [
              -2.1892781,
              51.7867377
            ],
            [
              -2.1891216,
              51.7868266
            ],
            [
              -2.1891774,
              51.7868642
            ],
            [
              -2.1893338,
              51.7867752
            ]
          ]
        ]
      },
      "id": "way/268677284"
    },
    {
      "type": "Feature",
      "properties": {
        "@id": "way/268677286",
        "addr:postcode": "GL6 6XU",
        "building": "yes"
      },
      "geometry": {
        "type": "Polygon",
        "coordinates": [
          [
            [
              -2.1923626,
              51.7860867
            ],
            [
              -2.1923546,
              51.7860419
            ],
            [
              -2.1917806,
              51.7861464
            ],
            [
              -2.1917967,
              51.7861829
            ],
            [
              -2.1922768,
              51.78609
            ],
            [
              -2.1922849,
              51.7861032
            ],
            [
              -2.1923626,
              51.7860867
            ]
          ]
        ]
      },
      "id": "way/268677286"
    },
    {
      "type": "Feature",
      "properties": {
        "@id": "way/268677288",
        "building": "yes"
      },
      "geometry": {
        "type": "Polygon",
        "coordinates": [
          [
            [
              -2.1906397,
              51.7866024
            ],
            [
              -2.1906072,
              51.7865565
            ],
            [
              -2.1901549,
              51.7866791
            ],
            [
              -2.1901762,
              51.7867092
            ],
            [
              -2.1902227,
              51.7866966
            ],
            [
              -2.1902339,
              51.7867124
            ],
            [
              -2.1906397,
              51.7866024
            ]
          ]
        ]
      },
      "id": "way/268677288"
    },
    {
      "type": "Feature",
      "properties": {
        "@id": "way/268677289",
        "addr:postcode": "GL6 6XR",
        "building": "yes"
      },
      "geometry": {
        "type": "Polygon",
        "coordinates": [
          [
            [
              -2.1891749,
              51.7867119
            ],
            [
              -2.189134,
              51.7866417
            ],
            [
              -2.1887694,
              51.786723
            ],
            [
              -2.1887803,
              51.7867418
            ],
            [
              -2.1890004,
              51.7866928
            ],
            [
              -2.1890303,
              51.7867441
            ],
            [
              -2.1891749,
              51.7867119
            ]
          ]
        ]
      },
      "id": "way/268677289"
    },
    {
      "type": "Feature",
      "properties": {
        "@id": "way/268677291",
        "building": "yes"
      },
      "geometry": {
        "type": "Polygon",
        "coordinates": [
          [
            [
              -2.1898383,
              51.7863674
            ],
            [
              -2.1897891,
              51.7862984
            ],
            [
              -2.1896611,
              51.7863333
            ],
            [
              -2.1897104,
              51.7864023
            ],
            [
              -2.1898383,
              51.7863674
            ]
          ]
        ]
      },
      "id": "way/268677291"
    },
    {
      "type": "Feature",
      "properties": {
        "@id": "way/268677292",
        "building": "yes"
      },
      "geometry": {
        "type": "Polygon",
        "coordinates": [
          [
            [
              -2.1895215,
              51.7865748
            ],
            [
              -2.1894918,
              51.7865432
            ],
            [
              -2.1893724,
              51.7865862
            ],
            [
              -2.1894021,
              51.7866178
            ],
            [
              -2.1895215,
              51.7865748
            ]
          ]
        ]
      },
      "id": "way/268677292"
    },
    {
      "type": "Feature",
      "properties": {
        "@id": "way/268677293",
        "building": "yes"
      },
      "geometry": {
        "type": "Polygon",
        "coordinates": [
          [
            [
              -2.1911855,
              51.7860012
            ],
            [
              -2.1911227,
              51.785904
            ],
            [
              -2.1910321,
              51.7859264
            ],
            [
              -2.1910949,
              51.7860236
            ],
            [
              -2.1911855,
              51.7860012
            ]
          ]
        ]
      },
      "id": "way/268677293"
    },
    {
      "type": "Feature",
      "properties": {
        "@id": "way/268677296",
        "building": "yes"
      },
      "geometry": {
        "type": "Polygon",
        "coordinates": [
          [
            [
              -2.1905345,
              51.7862236
            ],
            [
              -2.1905134,
              51.7861982
            ],
            [
              -2.1903842,
              51.7862394
            ],
            [
              -2.1903473,
              51.7861951
            ],
            [
              -2.1902803,
              51.7862164
            ],
            [
              -2.1903383,
              51.7862861
            ],
            [
              -2.1905345,
              51.7862236
            ]
          ]
        ]
      },
      "id": "way/268677296"
    },
    {
      "type": "Feature",
      "properties": {
        "@id": "way/268677298",
        "building": "yes"
      },
      "geometry": {
        "type": "Polygon",
        "coordinates": [
          [
            [
              -2.1899845,
              51.7867073
            ],
            [
              -2.1899299,
              51.7866659
            ],
            [
              -2.1897835,
              51.7867398
            ],
            [
              -2.1898382,
              51.7867812
            ],
            [
              -2.1899845,
              51.7867073
            ]
          ]
        ]
      },
      "id": "way/268677298"
    },
    {
      "type": "Feature",
      "properties": {
        "@id": "way/268677299",
        "building": "yes"
      },
      "geometry": {
        "type": "Polygon",
        "coordinates": [
          [
            [
              -2.1894958,
              51.7864242
            ],
            [
              -2.1894606,
              51.7863775
            ],
            [
              -2.1893414,
              51.7864119
            ],
            [
              -2.1893609,
              51.7864378
            ],
            [
              -2.1891413,
              51.786501
            ],
            [
              -2.1891685,
              51.7865372
            ],
            [
              -2.1893933,
              51.7864724
            ],
            [
              -2.1893818,
              51.786457
            ],
            [
              -2.1894958,
              51.7864242
            ]
          ]
        ]
      },
      "id": "way/268677299"
    },
    {
      "type": "Feature",
      "properties": {
        "@id": "way/268677301",
        "building": "yes"
      },
      "geometry": {
        "type": "Polygon",
        "coordinates": [
          [
            [
              -2.1916726,
              51.7862152
            ],
            [
              -2.191659,
              51.7861697
            ],
            [
              -2.1914939,
              51.7861886
            ],
            [
              -2.1915075,
              51.7862341
            ],
            [
              -2.1916726,
              51.7862152
            ]
          ]
        ]
      },
      "id": "way/268677301"
    },
    {
      "type": "Feature",
      "properties": {
        "@id": "way/268677302",
        "building": "yes"
      },
      "geometry": {
        "type": "Polygon",
        "coordinates": [
          [
            [
              -2.1912539,
              51.7864744
            ],
            [
              -2.1912271,
              51.7864327
            ],
            [
              -2.1909742,
              51.7864948
            ],
            [
              -2.191001,
              51.7865366
            ],
            [
              -2.1912539,
              51.7864744
            ]
          ]
        ]
      },
      "id": "way/268677302"
    },
    {
      "type": "Feature",
      "properties": {
        "@id": "way/268677304",
        "building": "yes"
      },
      "geometry": {
        "type": "Polygon",
        "coordinates": [
          [
            [
              -2.1902157,
              51.7861445
            ],
            [
              -2.1901539,
              51.7860739
            ],
            [
              -2.1900951,
              51.7860936
            ],
            [
              -2.1901569,
              51.7861642
            ],
            [
              -2.1902157,
              51.7861445
            ]
          ]
        ]
      },
      "id": "way/268677304"
    },
    {
      "type": "Feature",
      "properties": {
        "@id": "way/268677306",
        "building": "yes"
      },
      "geometry": {
        "type": "Polygon",
        "coordinates": [
          [
            [
              -2.1918606,
              51.7863975
            ],
            [
              -2.1918404,
              51.786344
            ],
            [
              -2.1915717,
              51.7863828
            ],
            [
              -2.1915919,
              51.7864363
            ],
            [
              -2.1918606,
              51.7863975
            ]
          ]
        ]
      },
      "id": "way/268677306"
    },
    {
      "type": "Feature",
      "properties": {
        "@id": "way/268677309",
        "building": "yes"
      },
      "geometry": {
        "type": "Polygon",
        "coordinates": [
          [
            [
              -2.1917431,
              51.7865769
            ],
            [
              -2.1917086,
              51.7865316
            ],
            [
              -2.1909951,
              51.7867398
            ],
            [
              -2.1910297,
              51.7867851
            ],
            [
              -2.1917431,
              51.7865769
            ]
          ]
        ]
      },
      "id": "way/268677309"
    },
    {
      "type": "Feature",
      "properties": {
        "@id": "way/268677312",
        "addr:postcode": "GL6 6XT",
        "building": "yes"
      },
      "geometry": {
        "type": "Polygon",
        "coordinates": [
          [
            [
              -2.1909539,
              51.7865528
            ],
            [
              -2.1909232,
              51.7865099
            ],
            [
              -2.190684,
              51.7865755
            ],
            [
              -2.1907147,
              51.7866184
            ],
            [
              -2.1909539,
              51.7865528
            ]
          ]
        ]
      },
      "id": "way/268677312"
    },
    {
      "type": "Feature",
      "properties": {
        "@id": "way/268677314",
        "building": "yes"
      },
      "geometry": {
        "type": "Polygon",
        "coordinates": [
          [
            [
              -2.1911395,
              51.7861418
            ],
            [
              -2.1912172,
              51.7861469
            ],
            [
              -2.1912303,
              51.7860716
            ],
            [
              -2.1911578,
              51.7860668
            ],
            [
              -2.1911531,
              51.7860938
            ],
            [
              -2.1909783,
              51.7860822
            ],
            [
              -2.1909699,
              51.7861305
            ],
            [
              -2.1911395,
              51.7861418
            ]
          ]
        ]
      },
      "id": "way/268677314"
    },
    {
      "type": "Feature",
      "properties": {
        "@id": "way/268677315",
        "building": "yes"
      },
      "geometry": {
        "type": "Polygon",
        "coordinates": [
          [
            [
              -2.1899663,
              51.7865593
            ],
            [
              -2.1899057,
              51.7864539
            ],
            [
              -2.1898265,
              51.7864714
            ],
            [
              -2.1898871,
              51.7865767
            ],
            [
              -2.1899663,
              51.7865593
            ]
          ]
        ]
      },
      "id": "way/268677315"
    },
    {
      "type": "Feature",
      "properties": {
        "@id": "way/269251699",
        "building": "yes"
      },
      "geometry": {
        "type": "Polygon",
        "coordinates": [
          [
            [
              -2.1884881,
              51.7871188
            ],
            [
              -2.1884142,
              51.7870683
            ],
            [
              -2.1883565,
              51.7871006
            ],
            [
              -2.1884304,
              51.7871511
            ],
            [
              -2.1884881,
              51.7871188
            ]
          ]
        ]
      },
      "id": "way/269251699"
    },
    {
      "type": "Feature",
      "properties": {
        "@id": "way/269251701",
        "building": "yes"
      },
      "geometry": {
        "type": "Polygon",
        "coordinates": [
          [
            [
              -2.1884881,
              51.7882937
            ],
            [
              -2.1885332,
              51.7882439
            ],
            [
              -2.1882666,
              51.7881516
            ],
            [
              -2.1882215,
              51.7882014
            ],
            [
              -2.1884881,
              51.7882937
            ]
          ]
        ]
      },
      "id": "way/269251701"
    },
    {
      "type": "Feature",
      "properties": {
        "@id": "way/269251702",
        "building": "yes"
      },
      "geometry": {
        "type": "Polygon",
        "coordinates": [
          [
            [
              -2.1890966,
              51.7871107
            ],
            [
              -2.189054,
              51.7870756
            ],
            [
              -2.1889739,
              51.7871128
            ],
            [
              -2.1890165,
              51.7871479
            ],
            [
              -2.1890966,
              51.7871107
            ]
          ]
        ]
      },
      "id": "way/269251702"
    },
    {
      "type": "Feature",
      "properties": {
        "@id": "way/269251703",
        "building": "yes"
      },
      "geometry": {
        "type": "Polygon",
        "coordinates": [
          [
            [
              -2.1893469,
              51.7885653
            ],
            [
              -2.1893466,
              51.7884679
            ],
            [
              -2.1892225,
              51.788468
            ],
            [
              -2.1892227,
              51.7885249
            ],
            [
              -2.1892572,
              51.7885249
            ],
            [
              -2.1892573,
              51.7885654
            ],
            [
              -2.1893469,
              51.7885653
            ]
          ]
        ]
      },
      "id": "way/269251703"
    },
    {
      "type": "Feature",
      "properties": {
        "@id": "way/269251704",
        "building": "yes"
      },
      "geometry": {
        "type": "Polygon",
        "coordinates": [
          [
            [
              -2.188601,
              51.7870181
            ],
            [
              -2.1885236,
              51.7869723
            ],
            [
              -2.1884207,
              51.7870388
            ],
            [
              -2.1884982,
              51.7870847
            ],
            [
              -2.188601,
              51.7870181
            ]
          ]
        ]
      },
      "id": "way/269251704"
    },
    {
      "type": "Feature",
      "properties": {
        "@id": "way/269251706",
        "building": "yes"
      },
      "geometry": {
        "type": "Polygon",
        "coordinates": [
          [
            [
              -2.1893169,
              51.7870532
            ],
            [
              -2.1892757,
              51.7870036
            ],
            [
              -2.1890984,
              51.7870599
            ],
            [
              -2.1891397,
              51.7871096
            ],
            [
              -2.1893169,
              51.7870532
            ]
          ]
        ]
      },
      "id": "way/269251706"
    },
    {
      "type": "Feature",
      "properties": {
        "@id": "way/269251707",
        "building": "yes"
      },
      "geometry": {
        "type": "Polygon",
        "coordinates": [
          [
            [
              -2.1886318,
              51.7868011
            ],
            [
              -2.1885645,
              51.7867737
            ],
            [
              -2.1884933,
              51.7868405
            ],
            [
              -2.1885605,
              51.7868679
            ],
            [
              -2.1886318,
              51.7868011
            ]
          ]
        ]
      },
      "id": "way/269251707"
    },
    {
      "type": "Feature",
      "properties": {
        "@id": "way/269251708",
        "building": "yes"
      },
      "geometry": {
        "type": "Polygon",
        "coordinates": [
          [
            [
              -2.1894034,
              51.7890167
            ],
            [
              -2.1892988,
              51.789002
            ],
            [
              -2.1892657,
              51.7890918
            ],
            [
              -2.1893007,
              51.7890968
            ],
            [
              -2.1892861,
              51.7891363
            ],
            [
              -2.1893558,
              51.7891461
            ],
            [
              -2.1894034,
              51.7890167
            ]
          ]
        ]
      },
      "id": "way/269251708"
    },
    {
      "type": "Feature",
      "properties": {
        "@id": "way/269251709",
        "building": "yes"
      },
      "geometry": {
        "type": "Polygon",
        "coordinates": [
          [
            [
              -2.188864,
              51.7869914
            ],
            [
              -2.1887987,
              51.7869385
            ],
            [
              -2.1887277,
              51.786972
            ],
            [
              -2.188793,
              51.7870249
            ],
            [
              -2.188864,
              51.7869914
            ]
          ]
        ]
      },
      "id": "way/269251709"
    },
    {
      "type": "Feature",
      "properties": {
        "@id": "way/269251710",
        "addr:postcode": "GL6 6XP",
        "building": "yes"
      },
      "geometry": {
        "type": "Polygon",
        "coordinates": [
          [
            [
              -2.1888448,
              51.7873244
            ],
            [
              -2.1887899,
              51.7872906
            ],
            [
              -2.1886606,
              51.7873709
            ],
            [
              -2.1887154,
              51.7874047
            ],
            [
              -2.1888448,
              51.7873244
            ]
          ]
        ]
      },
      "id": "way/269251710"
    },
    {
      "type": "Feature",
      "properties": {
        "@id": "way/269251711",
        "building": "yes"
      },
      "geometry": {
        "type": "Polygon",
        "coordinates": [
          [
            [
              -2.1887029,
              51.7874275
            ],
            [
              -2.1886665,
              51.7874034
            ],
            [
              -2.1886313,
              51.7874239
            ],
            [
              -2.1885781,
              51.7873888
            ],
            [
              -2.1885288,
              51.7874174
            ],
            [
              -2.1885687,
              51.7874436
            ],
            [
              -2.1884879,
              51.7874905
            ],
            [
              -2.1885378,
              51.7875234
            ],
            [
              -2.1887029,
              51.7874275
            ]
          ]
        ]
      },
      "id": "way/269251711"
    },
    {
      "type": "Feature",
      "properties": {
        "@id": "way/269251712",
        "building": "yes"
      },
      "geometry": {
        "type": "Polygon",
        "coordinates": [
          [
            [
              -2.1894998,
              51.7887132
            ],
            [
              -2.1893903,
              51.7886516
            ],
            [
              -2.1893194,
              51.7886998
            ],
            [
              -2.1894288,
              51.7887614
            ],
            [
              -2.1894998,
              51.7887132
            ]
          ]
        ]
      },
      "id": "way/269251712"
    },
    {
      "type": "Feature",
      "properties": {
        "@id": "way/269251713",
        "building": "yes"
      },
      "geometry": {
        "type": "Polygon",
        "coordinates": [
          [
            [
              -2.1888199,
              51.7883793
            ],
            [
              -2.1887069,
              51.7882575
            ],
            [
              -2.1886141,
              51.7882905
            ],
            [
              -2.1887271,
              51.7884123
            ],
            [
              -2.1888199,
              51.7883793
            ]
          ]
        ]
      },
      "id": "way/269251713"
    },
    {
      "type": "Feature",
      "properties": {
        "@id": "way/269251714",
        "building": "yes"
      },
      "geometry": {
        "type": "Polygon",
        "coordinates": [
          [
            [
              -2.1882653,
              51.7885862
            ],
            [
              -2.1882011,
              51.7885585
            ],
            [
              -2.1881585,
              51.7885961
            ],
            [
              -2.1880556,
              51.7885517
            ],
            [
              -2.1879703,
              51.7886271
            ],
            [
              -2.1879341,
              51.7886115
            ],
            [
              -2.1878735,
              51.7886651
            ],
            [
              -2.188017,
              51.7887272
            ],
            [
              -2.1881537,
              51.7886062
            ],
            [
              -2.1882134,
              51.7886321
            ],
            [
              -2.1882653,
              51.7885862
            ]
          ]
        ]
      },
      "id": "way/269251714"
    },
    {
      "type": "Feature",
      "properties": {
        "@id": "way/269251716",
        "building": "yes"
      },
      "geometry": {
        "type": "Polygon",
        "coordinates": [
          [
            [
              -2.1885784,
              51.7868937
            ],
            [
              -2.1884967,
              51.7868504
            ],
            [
              -2.1884512,
              51.7868833
            ],
            [
              -2.188533,
              51.7869265
            ],
            [
              -2.1885784,
              51.7868937
            ]
          ]
        ]
      },
      "id": "way/269251716"
    },
    {
      "type": "Feature",
      "properties": {
        "@id": "way/269251717",
        "building": "yes"
      },
      "geometry": {
        "type": "Polygon",
        "coordinates": [
          [
            [
              -2.1889736,
              51.7889716
            ],
            [
              -2.1889013,
              51.788952
            ],
            [
              -2.1888666,
              51.7890008
            ],
            [
              -2.1888258,
              51.7889897
            ],
            [
              -2.1887668,
              51.7890729
            ],
            [
              -2.1890184,
              51.7891412
            ],
            [
              -2.1890596,
              51.7890831
            ],
            [
              -2.1889212,
              51.7890455
            ],
            [
              -2.1889736,
              51.7889716
            ]
          ]
        ]
      },
      "id": "way/269251717"
    },
    {
      "type": "Feature",
      "properties": {
        "@id": "way/269251718",
        "building": "yes"
      },
      "geometry": {
        "type": "Polygon",
        "coordinates": [
          [
            [
              -2.1889598,
              51.787255
            ],
            [
              -2.1889155,
              51.7872218
            ],
            [
              -2.1888312,
              51.7872649
            ],
            [
              -2.1888755,
              51.7872981
            ],
            [
              -2.1889598,
              51.787255
            ]
          ]
        ]
      },
      "id": "way/269251718"
    },
    {
      "type": "Feature",
      "properties": {
        "@id": "way/269251721",
        "building": "detached"
      },
      "geometry": {
        "type": "Polygon",
        "coordinates": [
          [
            [
              -2.1880039,
              51.7880419
            ],
            [
              -2.1879972,
              51.7879641
            ],
            [
              -2.1878745,
              51.7879681
            ],
            [
              -2.1878811,
              51.7880459
            ],
            [
              -2.1880039,
              51.7880419
            ]
          ]
        ]
      },
      "id": "way/269251721"
    },
    {
      "type": "Feature",
      "properties": {
        "@id": "way/269251724",
        "building": "yes"
      },
      "geometry": {
        "type": "Polygon",
        "coordinates": [
          [
            [
              -2.1886947,
              51.7867735
            ],
            [
              -2.1886737,
              51.7867465
            ],
            [
              -2.1886204,
              51.7867623
            ],
            [
              -2.1886413,
              51.7867894
            ],
            [
              -2.1886947,
              51.7867735
            ]
          ]
        ]
      },
      "id": "way/269251724"
    },
    {
      "type": "Feature",
      "properties": {
        "@id": "way/269251725",
        "building": "yes"
      },
      "geometry": {
        "type": "Polygon",
        "coordinates": [
          [
            [
              -2.1882316,
              51.7873184
            ],
            [
              -2.1881713,
              51.787265
            ],
            [
              -2.188109,
              51.787292
            ],
            [
              -2.1881693,
              51.7873454
            ],
            [
              -2.1882316,
              51.7873184
            ]
          ]
        ]
      },
      "id": "way/269251725"
    },
    {
      "type": "Feature",
      "properties": {
        "@id": "way/269251727",
        "building": "yes"
      },
      "geometry": {
        "type": "Polygon",
        "coordinates": [
          [
            [
              -2.1881168,
              51.7877975
            ],
            [
              -2.1880385,
              51.7877613
            ],
            [
              -2.1879338,
              51.7878478
            ],
            [
              -2.1880515,
              51.7879023
            ],
            [
              -2.1881043,
              51.7878586
            ],
            [
              -2.1880649,
              51.7878404
            ],
            [
              -2.1881168,
              51.7877975
            ]
          ]
        ]
      },
      "id": "way/269251727"
    },
    {
      "type": "Feature",
      "properties": {
        "@id": "way/269251730",
        "building": "yes"
      },
      "geometry": {
        "type": "Polygon",
        "coordinates": [
          [
            [
              -2.1888518,
              51.7868681
            ],
            [
              -2.1887899,
              51.7868293
            ],
            [
              -2.1886779,
              51.7868978
            ],
            [
              -2.1887399,
              51.7869365
            ],
            [
              -2.1888518,
              51.7868681
            ]
          ]
        ]
      },
      "id": "way/269251730"
    },
    {
      "type": "Feature",
      "properties": {
        "@id": "way/269251731",
        "building": "yes"
      },
      "geometry": {
        "type": "Polygon",
        "coordinates": [
          [
            [
              -2.1881527,
              51.7873927
            ],
            [
              -2.1880769,
              51.7873118
            ],
            [
              -2.1879793,
              51.7873468
            ],
            [
              -2.1880551,
              51.7874277
            ],
            [
              -2.1881527,
              51.7873927
            ]
          ]
        ]
      },
      "id": "way/269251731"
    },
    {
      "type": "Feature",
      "properties": {
        "@id": "way/269251732",
        "building": "yes"
      },
      "geometry": {
        "type": "Polygon",
        "coordinates": [
          [
            [
              -2.1883575,
              51.7874877
            ],
            [
              -2.1883081,
              51.7874383
            ],
            [
              -2.1881588,
              51.7874954
            ],
            [
              -2.1882082,
              51.7875449
            ],
            [
              -2.1883575,
              51.7874877
            ]
          ]
        ]
      },
      "id": "way/269251732"
    },
    {
      "type": "Feature",
      "properties": {
        "@id": "way/269251737",
        "building": "yes"
      },
      "geometry": {
        "type": "Polygon",
        "coordinates": [
          [
            [
              -2.1888946,
              51.7885978
            ],
            [
              -2.1888468,
              51.7884599
            ],
            [
              -2.1887391,
              51.7884742
            ],
            [
              -2.188787,
              51.7886121
            ],
            [
              -2.1888946,
              51.7885978
            ]
          ]
        ]
      },
      "id": "way/269251737"
    },
    {
      "type": "Feature",
      "properties": {
        "@id": "way/269251739",
        "building": "yes"
      },
      "geometry": {
        "type": "Polygon",
        "coordinates": [
          [
            [
              -2.1881566,
              51.7872466
            ],
            [
              -2.1881126,
              51.7872113
            ],
            [
              -2.1879473,
              51.7872901
            ],
            [
              -2.1879914,
              51.7873254
            ],
            [
              -2.1881566,
              51.7872466
            ]
          ]
        ]
      },
      "id": "way/269251739"
    },
    {
      "type": "Feature",
      "properties": {
        "@id": "way/269252325",
        "building": "yes"
      },
      "geometry": {
        "type": "Polygon",
        "coordinates": [
          [
            [
              -2.188722,
              51.7845866
            ],
            [
              -2.1886987,
              51.7845594
            ],
            [
              -2.1887535,
              51.7845415
            ],
            [
              -2.1887201,
              51.7845025
            ],
            [
              -2.1886685,
              51.7845194
            ],
            [
              -2.1886286,
              51.7844728
            ],
            [
              -2.1882864,
              51.7845847
            ],
            [
              -2.1883294,
              51.7846351
            ],
            [
              -2.1885379,
              51.7845669
            ],
            [
              -2.1885913,
              51.7846294
            ],
            [
              -2.188722,
              51.7845866
            ]
          ]
        ]
      },
      "id": "way/269252325"
    },
    {
      "type": "Feature",
      "properties": {
        "@id": "way/269252326",
        "addr:postcode": "GL6 6SB",
        "building": "yes"
      },
      "geometry": {
        "type": "Polygon",
        "coordinates": [
          [
            [
              -2.1893045,
              51.7840876
            ],
            [
              -2.189238,
              51.7839194
            ],
            [
              -2.1891375,
              51.7839346
            ],
            [
              -2.189204,
              51.7841028
            ],
            [
              -2.1893045,
              51.7840876
            ]
          ]
        ]
      },
      "id": "way/269252326"
    },
    {
      "type": "Feature",
      "properties": {
        "@id": "way/269252327",
        "building": "yes"
      },
      "geometry": {
        "type": "Polygon",
        "coordinates": [
          [
            [
              -2.1888702,
              51.7844072
            ],
            [
              -2.1888388,
              51.7843601
            ],
            [
              -2.188746,
              51.7843838
            ],
            [
              -2.1887774,
              51.7844309
            ],
            [
              -2.1888702,
              51.7844072
            ]
          ]
        ]
      },
      "id": "way/269252327"
    },
    {
      "type": "Feature",
      "properties": {
        "@id": "way/269252328",
        "building": "yes"
      },
      "geometry": {
        "type": "Polygon",
        "coordinates": [
          [
            [
              -2.1890482,
              51.7842572
            ],
            [
              -2.1890094,
              51.7842093
            ],
            [
              -2.1888284,
              51.7842654
            ],
            [
              -2.1888672,
              51.7843133
            ],
            [
              -2.1890482,
              51.7842572
            ]
          ]
        ]
      },
      "id": "way/269252328"
    },
    {
      "type": "Feature",
      "properties": {
        "@id": "way/269252329",
        "building": "yes"
      },
      "geometry": {
        "type": "Polygon",
        "coordinates": [
          [
            [
              -2.1877012,
              51.7842762
            ],
            [
              -2.1877212,
              51.7842395
            ],
            [
              -2.1876912,
              51.7842332
            ],
            [
              -2.1877191,
              51.784182
            ],
            [
              -2.1876286,
              51.7841632
            ],
            [
              -2.1876167,
              51.7841852
            ],
            [
              -2.1874643,
              51.7841535
            ],
            [
              -2.1874215,
              51.784232
            ],
            [
              -2.187368,
              51.7842209
            ],
            [
              -2.1873216,
              51.784306
            ],
            [
              -2.1874016,
              51.7843227
            ],
            [
              -2.1874421,
              51.7842484
            ],
            [
              -2.1876329,
              51.7842882
            ],
            [
              -2.1876457,
              51.7842647
            ],
            [
              -2.1877012,
              51.7842762
            ]
          ]
        ]
      },
      "id": "way/269252329"
    },
    {
      "type": "Feature",
      "properties": {
        "@id": "way/269827536",
        "building": "yes"
      },
      "geometry": {
        "type": "Polygon",
        "coordinates": [
          [
            [
              -2.1914785,
              51.7832209
            ],
            [
              -2.1913091,
              51.7831972
            ],
            [
              -2.1912885,
              51.7832532
            ],
            [
              -2.1914579,
              51.783277
            ],
            [
              -2.1914785,
              51.7832209
            ]
          ]
        ]
      },
      "id": "way/269827536"
    },
    {
      "type": "Feature",
      "properties": {
        "@id": "way/269827538",
        "building": "yes"
      },
      "geometry": {
        "type": "Polygon",
        "coordinates": [
          [
            [
              -2.1910841,
              51.7851197
            ],
            [
              -2.1910014,
              51.7850931
            ],
            [
              -2.1909547,
              51.7851487
            ],
            [
              -2.1910374,
              51.7851753
            ],
            [
              -2.1910841,
              51.7851197
            ]
          ]
        ]
      },
      "id": "way/269827538"
    },
    {
      "type": "Feature",
      "properties": {
        "@id": "way/269827540",
        "building": "yes"
      },
      "geometry": {
        "type": "Polygon",
        "coordinates": [
          [
            [
              -2.1905703,
              51.7842806
            ],
            [
              -2.1903438,
              51.7841851
            ],
            [
              -2.1902824,
              51.7842408
            ],
            [
              -2.1905089,
              51.7843363
            ],
            [
              -2.1905703,
              51.7842806
            ]
          ]
        ]
      },
      "id": "way/269827540"
    },
    {
      "type": "Feature",
      "properties": {
        "@id": "way/269827541",
        "building": "yes"
      },
      "geometry": {
        "type": "Polygon",
        "coordinates": [
          [
            [
              -2.1911468,
              51.7845062
            ],
            [
              -2.1909987,
              51.7844498
            ],
            [
              -2.190881,
              51.7845681
            ],
            [
              -2.1910398,
              51.7846286
            ],
            [
              -2.1911004,
              51.7845676
            ],
            [
              -2.191048,
              51.7845477
            ],
            [
              -2.1910795,
              51.784516
            ],
            [
              -2.1911212,
              51.7845319
            ],
            [
              -2.1911468,
              51.7845062
            ]
          ]
        ]
      },
      "id": "way/269827541"
    },
    {
      "type": "Feature",
      "properties": {
        "@id": "way/269827543",
        "building": "yes"
      },
      "geometry": {
        "type": "Polygon",
        "coordinates": [
          [
            [
              -2.191288,
              51.7848013
            ],
            [
              -2.191204,
              51.7847604
            ],
            [
              -2.1911618,
              51.7847936
            ],
            [
              -2.1912459,
              51.7848345
            ],
            [
              -2.191288,
              51.7848013
            ]
          ]
        ]
      },
      "id": "way/269827543"
    },
    {
      "type": "Feature",
      "properties": {
        "@id": "way/269827545",
        "building": "yes"
      },
      "geometry": {
        "type": "Polygon",
        "coordinates": [
          [
            [
              -2.1918654,
              51.7831828
            ],
            [
              -2.1916898,
              51.7831627
            ],
            [
              -2.1916675,
              51.7832372
            ],
            [
              -2.1918431,
              51.7832574
            ],
            [
              -2.1918654,
              51.7831828
            ]
          ]
        ]
      },
      "id": "way/269827545"
    },
    {
      "type": "Feature",
      "properties": {
        "@id": "way/269827547",
        "building": "yes"
      },
      "geometry": {
        "type": "Polygon",
        "coordinates": [
          [
            [
              -2.190529,
              51.7839196
            ],
            [
              -2.1904447,
              51.7838792
            ],
            [
              -2.1903478,
              51.7839566
            ],
            [
              -2.1904321,
              51.783997
            ],
            [
              -2.190529,
              51.7839196
            ]
          ]
        ]
      },
      "id": "way/269827547"
    },
    {
      "type": "Feature",
      "properties": {
        "@id": "way/269827549",
        "building": "yes"
      },
      "geometry": {
        "type": "Polygon",
        "coordinates": [
          [
            [
              -2.1910638,
              51.7835828
            ],
            [
              -2.1909055,
              51.7835587
            ],
            [
              -2.1908815,
              51.7836191
            ],
            [
              -2.1910398,
              51.7836432
            ],
            [
              -2.1910638,
              51.7835828
            ]
          ]
        ]
      },
      "id": "way/269827549"
    },
    {
      "type": "Feature",
      "properties": {
        "@id": "way/269827551",
        "building": "yes"
      },
      "geometry": {
        "type": "Polygon",
        "coordinates": [
          [
            [
              -2.1914873,
              51.7852306
            ],
            [
              -2.1914063,
              51.7852149
            ],
            [
              -2.191385,
              51.7852569
            ],
            [
              -2.1912363,
              51.785228
            ],
            [
              -2.1912088,
              51.7852822
            ],
            [
              -2.1914384,
              51.7853268
            ],
            [
              -2.1914873,
              51.7852306
            ]
          ]
        ]
      },
      "id": "way/269827551"
    },
    {
      "type": "Feature",
      "properties": {
        "@id": "way/269827553",
        "building": "yes"
      },
      "geometry": {
        "type": "Polygon",
        "coordinates": [
          [
            [
              -2.1925992,
              51.7831932
            ],
            [
              -2.1925023,
              51.7831796
            ],
            [
              -2.1924854,
              51.783226
            ],
            [
              -2.1925823,
              51.7832395
            ],
            [
              -2.1925992,
              51.7831932
            ]
          ]
        ]
      },
      "id": "way/269827553"
    },
    {
      "type": "Feature",
      "properties": {
        "@id": "way/269827555",
        "building": "yes"
      },
      "geometry": {
        "type": "Polygon",
        "coordinates": [
          [
            [
              -2.1915003,
              51.7839491
            ],
            [
              -2.191345,
              51.7839258
            ],
            [
              -2.191313,
              51.7840078
            ],
            [
              -2.1912768,
              51.7840023
            ],
            [
              -2.191249,
              51.7840735
            ],
            [
              -2.1913653,
              51.784091
            ],
            [
              -2.1913929,
              51.7840206
            ],
            [
              -2.1914679,
              51.7840318
            ],
            [
              -2.1915003,
              51.7839491
            ]
          ]
        ]
      },
      "id": "way/269827555"
    },
    {
      "type": "Feature",
      "properties": {
        "@id": "way/269827557",
        "building": "yes"
      },
      "geometry": {
        "type": "Polygon",
        "coordinates": [
          [
            [
              -2.1903859,
              51.7833104
            ],
            [
              -2.1903026,
              51.7832525
            ],
            [
              -2.1901429,
              51.7833405
            ],
            [
              -2.1902262,
              51.7833984
            ],
            [
              -2.1903859,
              51.7833104
            ]
          ]
        ]
      },
      "id": "way/269827557"
    },
    {
      "type": "Feature",
      "properties": {
        "@id": "way/269827559",
        "building": "yes"
      },
      "geometry": {
        "type": "Polygon",
        "coordinates": [
          [
            [
              -2.1908551,
              51.7830771
            ],
            [
              -2.1907446,
              51.7830279
            ],
            [
              -2.1907053,
              51.7830617
            ],
            [
              -2.1906112,
              51.7830197
            ],
            [
              -2.1905602,
              51.7830635
            ],
            [
              -2.190667,
              51.7831111
            ],
            [
              -2.1906907,
              51.7830907
            ],
            [
              -2.1907886,
              51.7831343
            ],
            [
              -2.1908551,
              51.7830771
            ]
          ]
        ]
      },
      "id": "way/269827559"
    },
    {
      "type": "Feature",
      "properties": {
        "@id": "way/269827561",
        "building": "yes"
      },
      "geometry": {
        "type": "Polygon",
        "coordinates": [
          [
            [
              -2.191665,
              51.7855769
            ],
            [
              -2.1916123,
              51.7855234
            ],
            [
              -2.1914845,
              51.7855715
            ],
            [
              -2.1914341,
              51.7855203
            ],
            [
              -2.1913336,
              51.7855582
            ],
            [
              -2.1914116,
              51.7856375
            ],
            [
              -2.191537,
              51.7855902
            ],
            [
              -2.1915621,
              51.7856157
            ],
            [
              -2.191665,
              51.7855769
            ]
          ]
        ]
      },
      "id": "way/269827561"
    },
    {
      "type": "Feature",
      "properties": {
        "@id": "way/269827562",
        "building": "yes"
      },
      "geometry": {
        "type": "Polygon",
        "coordinates": [
          [
            [
              -2.192126,
              51.7839939
            ],
            [
              -2.1920528,
              51.7839834
            ],
            [
              -2.1920349,
              51.784031
            ],
            [
              -2.1921081,
              51.7840415
            ],
            [
              -2.192126,
              51.7839939
            ]
          ]
        ]
      },
      "id": "way/269827562"
    },
    {
      "type": "Feature",
      "properties": {
        "@id": "way/269827564",
        "building": "yes"
      },
      "geometry": {
        "type": "Polygon",
        "coordinates": [
          [
            [
              -2.1922027,
              51.7831509
            ],
            [
              -2.1920492,
              51.7831283
            ],
            [
              -2.1920174,
              51.7832109
            ],
            [
              -2.1921709,
              51.7832335
            ],
            [
              -2.1922027,
              51.7831509
            ]
          ]
        ]
      },
      "id": "way/269827564"
    },
    {
      "type": "Feature",
      "properties": {
        "@id": "way/269827566",
        "building": "yes"
      },
      "geometry": {
        "type": "Polygon",
        "coordinates": [
          [
            [
              -2.191486,
              51.7836323
            ],
            [
              -2.1913262,
              51.7835949
            ],
            [
              -2.1912888,
              51.783656
            ],
            [
              -2.1914487,
              51.7836934
            ],
            [
              -2.191486,
              51.7836323
            ]
          ]
        ]
      },
      "id": "way/269827566"
    },
    {
      "type": "Feature",
      "properties": {
        "@id": "way/269827567",
        "addr:postcode": "GL6 6YA",
        "building": "yes"
      },
      "geometry": {
        "type": "Polygon",
        "coordinates": [
          [
            [
              -2.191422,
              51.7847092
            ],
            [
              -2.1913059,
              51.7846781
            ],
            [
              -2.1912436,
              51.7847672
            ],
            [
              -2.1913596,
              51.7847983
            ],
            [
              -2.191422,
              51.7847092
            ]
          ]
        ]
      },
      "id": "way/269827567"
    },
    {
      "type": "Feature",
      "properties": {
        "@id": "way/269827569",
        "building": "yes"
      },
      "geometry": {
        "type": "Polygon",
        "coordinates": [
          [
            [
              -2.1928187,
              51.7840998
            ],
            [
              -2.192562,
              51.7840668
            ],
            [
              -2.1925377,
              51.7841391
            ],
            [
              -2.1924703,
              51.7841304
            ],
            [
              -2.192449,
              51.7841938
            ],
            [
              -2.1926063,
              51.7842141
            ],
            [
              -2.1926336,
              51.784133
            ],
            [
              -2.1928004,
              51.7841545
            ],
            [
              -2.1928187,
              51.7840998
            ]
          ]
        ]
      },
      "id": "way/269827569"
    },
    {
      "type": "Feature",
      "properties": {
        "@id": "way/269827571",
        "building": "yes"
      },
      "geometry": {
        "type": "Polygon",
        "coordinates": [
          [
            [
              -2.1910374,
              51.7839614
            ],
            [
              -2.1908949,
              51.7839324
            ],
            [
              -2.1908522,
              51.7840125
            ],
            [
              -2.1909948,
              51.7840415
            ],
            [
              -2.1910374,
              51.7839614
            ]
          ]
        ]
      },
      "id": "way/269827571"
    },
    {
      "type": "Feature",
      "properties": {
        "@id": "way/269827573",
        "building": "yes"
      },
      "geometry": {
        "type": "Polygon",
        "coordinates": [
          [
            [
              -2.1917804,
              51.7851459
            ],
            [
              -2.1916445,
              51.7851306
            ],
            [
              -2.1916119,
              51.7852414
            ],
            [
              -2.1916938,
              51.7852506
            ],
            [
              -2.1917111,
              51.7851918
            ],
            [
              -2.1917652,
              51.7851978
            ],
            [
              -2.1917804,
              51.7851459
            ]
          ]
        ]
      },
      "id": "way/269827573"
    },
    {
      "type": "Feature",
      "properties": {
        "@id": "way/269827575",
        "building": "yes"
      },
      "geometry": {
        "type": "Polygon",
        "coordinates": [
          [
            [
              -2.190175,
              51.783399
            ],
            [
              -2.1901198,
              51.7833687
            ],
            [
              -2.1900836,
              51.7833939
            ],
            [
              -2.1901388,
              51.7834242
            ],
            [
              -2.190175,
              51.783399
            ]
          ]
        ]
      },
      "id": "way/269827575"
    },
    {
      "type": "Feature",
      "properties": {
        "@id": "way/269827577",
        "building": "yes"
      },
      "geometry": {
        "type": "Polygon",
        "coordinates": [
          [
            [
              -2.1926197,
              51.7830793
            ],
            [
              -2.192498,
              51.7830567
            ],
            [
              -2.1924556,
              51.7831443
            ],
            [
              -2.1925773,
              51.7831669
            ],
            [
              -2.1926197,
              51.7830793
            ]
          ]
        ]
      },
      "id": "way/269827577"
    },
    {
      "type": "Feature",
      "properties": {
        "@id": "way/269827579",
        "building": "yes"
      },
      "geometry": {
        "type": "Polygon",
        "coordinates": [
          [
            [
              -2.1917266,
              51.7848439
            ],
            [
              -2.1916426,
              51.7848197
            ],
            [
              -2.1916256,
              51.7848421
            ],
            [
              -2.1915397,
              51.7848173
            ],
            [
              -2.1915012,
              51.7848684
            ],
            [
              -2.1916711,
              51.7849174
            ],
            [
              -2.1917266,
              51.7848439
            ]
          ]
        ]
      },
      "id": "way/269827579"
    },
    {
      "type": "Feature",
      "properties": {
        "@id": "way/269827581",
        "building": "yes"
      },
      "geometry": {
        "type": "Polygon",
        "coordinates": [
          [
            [
              -2.1919177,
              51.7835348
            ],
            [
              -2.1917749,
              51.7835256
            ],
            [
              -2.191762,
              51.7836031
            ],
            [
              -2.1917118,
              51.7835999
            ],
            [
              -2.1917006,
              51.7836667
            ],
            [
              -2.1917995,
              51.783673
            ],
            [
              -2.191809,
              51.7836161
            ],
            [
              -2.1919031,
              51.7836222
            ],
            [
              -2.1919177,
              51.7835348
            ]
          ]
        ]
      },
      "id": "way/269827581"
    },
    {
      "type": "Feature",
      "properties": {
        "@id": "way/269827583",
        "building": "yes"
      },
      "geometry": {
        "type": "Polygon",
        "coordinates": [
          [
            [
              -2.1923463,
              51.7839247
            ],
            [
              -2.1921276,
              51.7838974
            ],
            [
              -2.1921034,
              51.7839718
            ],
            [
              -2.1923221,
              51.7839991
            ],
            [
              -2.1923463,
              51.7839247
            ]
          ]
        ]
      },
      "id": "way/269827583"
    },
    {
      "type": "Feature",
      "properties": {
        "@id": "way/269829707",
        "building": "stable",
        "roof:shape": "gabled"
      },
      "geometry": {
        "type": "Polygon",
        "coordinates": [
          [
            [
              -2.1914085,
              51.7814671
            ],
            [
              -2.1913509,
              51.7814422
            ],
            [
              -2.1912666,
              51.7815168
            ],
            [
              -2.191365,
              51.7815593
            ],
            [
              -2.1914061,
              51.7815229
            ],
            [
              -2.1913653,
              51.7815053
            ],
            [
              -2.1914085,
              51.7814671
            ]
          ]
        ]
      },
      "id": "way/269829707"
    },
    {
      "type": "Feature",
      "properties": {
        "@id": "way/269829708",
        "building": "yes"
      },
      "geometry": {
        "type": "Polygon",
        "coordinates": [
          [
            [
              -2.1926387,
              51.7828681
            ],
            [
              -2.1926432,
              51.7827916
            ],
            [
              -2.1925081,
              51.7827886
            ],
            [
              -2.1925036,
              51.782865
            ],
            [
              -2.1926387,
              51.7828681
            ]
          ]
        ]
      },
      "id": "way/269829708"
    },
    {
      "type": "Feature",
      "properties": {
        "@id": "way/269829709",
        "building": "yes"
      },
      "geometry": {
        "type": "Polygon",
        "coordinates": [
          [
            [
              -2.1898412,
              51.7839512
            ],
            [
              -2.1897585,
              51.7839047
            ],
            [
              -2.1896435,
              51.7839828
            ],
            [
              -2.1897262,
              51.7840294
            ],
            [
              -2.1898412,
              51.7839512
            ]
          ]
        ]
      },
      "id": "way/269829709"
    },
    {
      "type": "Feature",
      "properties": {
        "@id": "way/269829710",
        "building": "yes"
      },
      "geometry": {
        "type": "Polygon",
        "coordinates": [
          [
            [
              -2.1888665,
              51.7832411
            ],
            [
              -2.1887951,
              51.7831895
            ],
            [
              -2.1887486,
              51.7832141
            ],
            [
              -2.18882,
              51.7832658
            ],
            [
              -2.1888665,
              51.7832411
            ]
          ]
        ]
      },
      "id": "way/269829710"
    },
    {
      "type": "Feature",
      "properties": {
        "@id": "way/269829711",
        "building": "yes"
      },
      "geometry": {
        "type": "Polygon",
        "coordinates": [
          [
            [
              -2.1923004,
              51.7822739
            ],
            [
              -2.1922533,
              51.7822288
            ],
            [
              -2.1921976,
              51.782251
            ],
            [
              -2.1922448,
              51.7822962
            ],
            [
              -2.1923004,
              51.7822739
            ]
          ]
        ]
      },
      "id": "way/269829711"
    },
    {
      "type": "Feature",
      "properties": {
        "@id": "way/269829712",
        "building": "yes"
      },
      "geometry": {
        "type": "Polygon",
        "coordinates": [
          [
            [
              -2.191961,
              51.7827846
            ],
            [
              -2.1917536,
              51.7827647
            ],
            [
              -2.1917349,
              51.7828386
            ],
            [
              -2.1919424,
              51.7828586
            ],
            [
              -2.191961,
              51.7827846
            ]
          ]
        ]
      },
      "id": "way/269829712"
    },
    {
      "type": "Feature",
      "properties": {
        "@id": "way/269829713",
        "building": "yes"
      },
      "geometry": {
        "type": "Polygon",
        "coordinates": [
          [
            [
              -2.1901233,
              51.7838886
            ],
            [
              -2.1899729,
              51.7838175
            ],
            [
              -2.1899055,
              51.7838721
            ],
            [
              -2.1900559,
              51.7839431
            ],
            [
              -2.1901233,
              51.7838886
            ]
          ]
        ]
      },
      "id": "way/269829713"
    },
    {
      "type": "Feature",
      "properties": {
        "@id": "way/269829714",
        "building": "yes"
      },
      "geometry": {
        "type": "Polygon",
        "coordinates": [
          [
            [
              -2.1926811,
              51.7817489
            ],
            [
              -2.1926091,
              51.7816826
            ],
            [
              -2.1925287,
              51.781716
            ],
            [
              -2.1926007,
              51.7817823
            ],
            [
              -2.1926811,
              51.7817489
            ]
          ]
        ]
      },
      "id": "way/269829714"
    },
    {
      "type": "Feature",
      "properties": {
        "@id": "way/269829715",
        "building": "yes"
      },
      "geometry": {
        "type": "Polygon",
        "coordinates": [
          [
            [
              -2.192234,
              51.7820928
            ],
            [
              -2.1922078,
              51.7820544
            ],
            [
              -2.192127,
              51.7820754
            ],
            [
              -2.1921531,
              51.7821139
            ],
            [
              -2.192234,
              51.7820928
            ]
          ]
        ]
      },
      "id": "way/269829715"
    },
    {
      "type": "Feature",
      "properties": {
        "@id": "way/269829716",
        "building": "yes"
      },
      "geometry": {
        "type": "Polygon",
        "coordinates": [
          [
            [
              -2.1911127,
              51.7819484
            ],
            [
              -2.1909943,
              51.781906
            ],
            [
              -2.1909502,
              51.7819532
            ],
            [
              -2.1910686,
              51.7819956
            ],
            [
              -2.1911127,
              51.7819484
            ]
          ]
        ]
      },
      "id": "way/269829716"
    },
    {
      "type": "Feature",
      "properties": {
        "@id": "way/269829717",
        "building": "yes"
      },
      "geometry": {
        "type": "Polygon",
        "coordinates": [
          [
            [
              -2.190103,
              51.7835105
            ],
            [
              -2.1899844,
              51.7834514
            ],
            [
              -2.1898082,
              51.7835869
            ],
            [
              -2.190022,
              51.7836932
            ],
            [
              -2.1901097,
              51.7836257
            ],
            [
              -2.1900146,
              51.7835784
            ],
            [
              -2.190103,
              51.7835105
            ]
          ]
        ]
      },
      "id": "way/269829717"
    },
    {
      "type": "Feature",
      "properties": {
        "@id": "way/269829718",
        "building": "yes"
      },
      "geometry": {
        "type": "Polygon",
        "coordinates": [
          [
            [
              -2.1923807,
              51.7819863
            ],
            [
              -2.1923365,
              51.7819497
            ],
            [
              -2.1922509,
              51.7819893
            ],
            [
              -2.1922128,
              51.7819577
            ],
            [
              -2.1921393,
              51.7819917
            ],
            [
              -2.1922216,
              51.7820598
            ],
            [
              -2.1923807,
              51.7819863
            ]
          ]
        ]
      },
      "id": "way/269829718"
    },
    {
      "type": "Feature",
      "properties": {
        "@id": "way/269829719",
        "building": "yes"
      },
      "geometry": {
        "type": "Polygon",
        "coordinates": [
          [
            [
              -2.1927638,
              51.7812711
            ],
            [
              -2.1927319,
              51.781232
            ],
            [
              -2.1925913,
              51.7812759
            ],
            [
              -2.1926233,
              51.781315
            ],
            [
              -2.1927638,
              51.7812711
            ]
          ]
        ]
      },
      "id": "way/269829719"
    },
    {
      "type": "Feature",
      "properties": {
        "@id": "way/269829720",
        "building": "yes"
      },
      "geometry": {
        "type": "Polygon",
        "coordinates": [
          [
            [
              -2.1895536,
              51.7839559
            ],
            [
              -2.1895226,
              51.7838993
            ],
            [
              -2.1894118,
              51.7839226
            ],
            [
              -2.1892826,
              51.783687
            ],
            [
              -2.1892086,
              51.7837025
            ],
            [
              -2.1893688,
              51.7839947
            ],
            [
              -2.1895536,
              51.7839559
            ]
          ]
        ]
      },
      "id": "way/269829720"
    },
    {
      "type": "Feature",
      "properties": {
        "@id": "way/269829721",
        "building": "yes"
      },
      "geometry": {
        "type": "Polygon",
        "coordinates": [
          [
            [
              -2.1896131,
              51.7836509
            ],
            [
              -2.1894361,
              51.7835683
            ],
            [
              -2.1893886,
              51.7836073
            ],
            [
              -2.1895656,
              51.7836899
            ],
            [
              -2.1896131,
              51.7836509
            ]
          ]
        ]
      },
      "id": "way/269829721"
    },
    {
      "type": "Feature",
      "properties": {
        "@id": "way/269829722",
        "building": "yes"
      },
      "geometry": {
        "type": "Polygon",
        "coordinates": [
          [
            [
              -2.1900749,
              51.7840252
            ],
            [
              -2.189985,
              51.7839815
            ],
            [
              -2.1898319,
              51.7841019
            ],
            [
              -2.1898709,
              51.7841209
            ],
            [
              -2.1899106,
              51.7840897
            ],
            [
              -2.1899614,
              51.7841144
            ],
            [
              -2.1900749,
              51.7840252
            ]
          ]
        ]
      },
      "id": "way/269829722"
    },
    {
      "type": "Feature",
      "properties": {
        "@id": "way/269829723",
        "building": "yes"
      },
      "geometry": {
        "type": "Polygon",
        "coordinates": [
          [
            [
              -2.1926737,
              51.7829372
            ],
            [
              -2.192671,
              51.7828959
            ],
            [
              -2.1925729,
              51.7828983
            ],
            [
              -2.1925756,
              51.7829397
            ],
            [
              -2.1926737,
              51.7829372
            ]
          ]
        ]
      },
      "id": "way/269829723"
    },
    {
      "type": "Feature",
      "properties": {
        "@id": "way/269829724",
        "building": "yes"
      },
      "geometry": {
        "type": "Polygon",
        "coordinates": [
          [
            [
              -2.1929706,
              51.7820471
            ],
            [
              -2.1929197,
              51.7819929
            ],
            [
              -2.1927881,
              51.7820402
            ],
            [
              -2.1928391,
              51.7820944
            ],
            [
              -2.1929706,
              51.7820471
            ]
          ]
        ]
      },
      "id": "way/269829724"
    },
    {
      "type": "Feature",
      "properties": {
        "@id": "way/269829725",
        "building": "yes"
      },
      "geometry": {
        "type": "Polygon",
        "coordinates": [
          [
            [
              -2.1909635,
              51.7826109
            ],
            [
              -2.1908735,
              51.7825736
            ],
            [
              -2.1908212,
              51.7826219
            ],
            [
              -2.1907288,
              51.7825836
            ],
            [
              -2.1906803,
              51.7826285
            ],
            [
              -2.1908627,
              51.782704
            ],
            [
              -2.1909635,
              51.7826109
            ]
          ]
        ]
      },
      "id": "way/269829725"
    },
    {
      "type": "Feature",
      "properties": {
        "@id": "way/269829726",
        "building": "yes"
      },
      "geometry": {
        "type": "Polygon",
        "coordinates": [
          [
            [
              -2.1920721,
              51.7821204
            ],
            [
              -2.1920487,
              51.7820656
            ],
            [
              -2.1918243,
              51.7821023
            ],
            [
              -2.1918477,
              51.7821571
            ],
            [
              -2.1920721,
              51.7821204
            ]
          ]
        ]
      },
      "id": "way/269829726"
    },
    {
      "type": "Feature",
      "properties": {
        "@id": "way/269829727",
        "building": "yes"
      },
      "geometry": {
        "type": "Polygon",
        "coordinates": [
          [
            [
              -2.1920604,
              51.7813722
            ],
            [
              -2.1919625,
              51.7813314
            ],
            [
              -2.1918723,
              51.7814142
            ],
            [
              -2.1918066,
              51.7813868
            ],
            [
              -2.191752,
              51.7814369
            ],
            [
              -2.1918144,
              51.7814629
            ],
            [
              -2.1917864,
              51.7814887
            ],
            [
              -2.1918876,
              51.7815308
            ],
            [
              -2.1920604,
              51.7813722
            ]
          ]
        ]
      },
      "id": "way/269829727"
    },
    {
      "type": "Feature",
      "properties": {
        "@id": "way/269829728",
        "addr:postcode": "GL6 6SA",
        "building": "yes"
      },
      "geometry": {
        "type": "Polygon",
        "coordinates": [
          [
            [
              -2.1924557,
              51.7822642
            ],
            [
              -2.1923388,
              51.7821563
            ],
            [
              -2.1922613,
              51.7821884
            ],
            [
              -2.1923782,
              51.7822964
            ],
            [
              -2.1924557,
              51.7822642
            ]
          ]
        ]
      },
      "id": "way/269829728"
    },
    {
      "type": "Feature",
      "properties": {
        "@id": "way/269829729",
        "building": "yes"
      },
      "geometry": {
        "type": "Polygon",
        "coordinates": [
          [
            [
              -2.1928439,
              51.7818698
            ],
            [
              -2.1927761,
              51.7818013
            ],
            [
              -2.1927117,
              51.7818257
            ],
            [
              -2.1927795,
              51.7818942
            ],
            [
              -2.1928439,
              51.7818698
            ]
          ]
        ]
      },
      "id": "way/269829729"
    },
    {
      "type": "Feature",
      "properties": {
        "@id": "way/269829730",
        "building": "yes"
      },
      "geometry": {
        "type": "Polygon",
        "coordinates": [
          [
            [
              -2.1886703,
              51.7832401
            ],
            [
              -2.1886116,
              51.7831922
            ],
            [
              -2.1884513,
              51.7832674
            ],
            [
              -2.1882928,
              51.7831381
            ],
            [
              -2.1881979,
              51.7831826
            ],
            [
              -2.1884152,
              51.7833599
            ],
            [
              -2.1886703,
              51.7832401
            ]
          ]
        ]
      },
      "id": "way/269829730"
    },
    {
      "type": "Feature",
      "properties": {
        "@id": "way/269829731",
        "building": "yes"
      },
      "geometry": {
        "type": "Polygon",
        "coordinates": [
          [
            [
              -2.1922924,
              51.7828258
            ],
            [
              -2.1923154,
              51.7827601
            ],
            [
              -2.1921393,
              51.7827366
            ],
            [
              -2.1921163,
              51.7828023
            ],
            [
              -2.1922924,
              51.7828258
            ]
          ]
        ]
      },
      "id": "way/269829731"
    },
    {
      "type": "Feature",
      "properties": {
        "@id": "way/269829732",
        "building": "yes"
      },
      "geometry": {
        "type": "Polygon",
        "coordinates": [
          [
            [
              -2.1926636,
              51.7821256
            ],
            [
              -2.1926109,
              51.7820702
            ],
            [
              -2.1925182,
              51.782104
            ],
            [
              -2.1925708,
              51.7821594
            ],
            [
              -2.1926636,
              51.7821256
            ]
          ]
        ]
      },
      "id": "way/269829732"
    },
    {
      "type": "Feature",
      "properties": {
        "@id": "way/269829733",
        "building": "yes"
      },
      "geometry": {
        "type": "Polygon",
        "coordinates": [
          [
            [
              -2.1896054,
              51.783721
            ],
            [
              -2.189527,
              51.7836772
            ],
            [
              -2.1893766,
              51.7837804
            ],
            [
              -2.189455,
              51.7838242
            ],
            [
              -2.1896054,
              51.783721
            ]
          ]
        ]
      },
      "id": "way/269829733"
    },
    {
      "type": "Feature",
      "properties": {
        "@id": "way/269829734",
        "building": "yes"
      },
      "geometry": {
        "type": "Polygon",
        "coordinates": [
          [
            [
              -2.1930358,
              51.7814571
            ],
            [
              -2.1928916,
              51.781346
            ],
            [
              -2.1928496,
              51.7813669
            ],
            [
              -2.1928148,
              51.7813401
            ],
            [
              -2.1927353,
              51.7813797
            ],
            [
              -2.1928005,
              51.7814299
            ],
            [
              -2.1927674,
              51.7814463
            ],
            [
              -2.1928812,
              51.781534
            ],
            [
              -2.1930358,
              51.7814571
            ]
          ]
        ]
      },
      "id": "way/269829734"
    },
    {
      "type": "Feature",
      "properties": {
        "@id": "way/269831012",
        "building": "yes"
      },
      "geometry": {
        "type": "Polygon",
        "coordinates": [
          [
            [
              -2.2008904,
              51.7820328
            ],
            [
              -2.2007738,
              51.7819985
            ],
            [
              -2.2007091,
              51.7820825
            ],
            [
              -2.2007774,
              51.7821026
            ],
            [
              -2.2008011,
              51.7820719
            ],
            [
              -2.2008493,
              51.7820861
            ],
            [
              -2.2008904,
              51.7820328
            ]
          ]
        ]
      },
      "id": "way/269831012"
    },
    {
      "type": "Feature",
      "properties": {
        "@id": "way/269831013",
        "building": "yes"
      },
      "geometry": {
        "type": "Polygon",
        "coordinates": [
          [
            [
              -2.2016374,
              51.7814498
            ],
            [
              -2.2015532,
              51.7813788
            ],
            [
              -2.2014963,
              51.7814046
            ],
            [
              -2.2015806,
              51.7814756
            ],
            [
              -2.2016374,
              51.7814498
            ]
          ]
        ]
      },
      "id": "way/269831013"
    },
    {
      "type": "Feature",
      "properties": {
        "@id": "way/269831014",
        "building": "yes"
      },
      "geometry": {
        "type": "Polygon",
        "coordinates": [
          [
            [
              -2.2008797,
              51.7813968
            ],
            [
              -2.2008876,
              51.7813689
            ],
            [
              -2.2007984,
              51.7813592
            ],
            [
              -2.2007863,
              51.7814022
            ],
            [
              -2.2006591,
              51.7813885
            ],
            [
              -2.2006391,
              51.7814594
            ],
            [
              -2.2009227,
              51.78149
            ],
            [
              -2.2009469,
              51.7814041
            ],
            [
              -2.2008797,
              51.7813968
            ]
          ]
        ]
      },
      "id": "way/269831014"
    },
    {
      "type": "Feature",
      "properties": {
        "@id": "way/269831016",
        "addr:postcode": "GL6 6UH",
        "building": "yes"
      },
      "geometry": {
        "type": "Polygon",
        "coordinates": [
          [
            [
              -2.200629,
              51.7822139
            ],
            [
              -2.2006076,
              51.782204
            ],
            [
              -2.2006585,
              51.7821691
            ],
            [
              -2.2005727,
              51.7821392
            ],
            [
              -2.2005459,
              51.7821608
            ],
            [
              -2.2003984,
              51.7820944
            ],
            [
              -2.2003286,
              51.7821343
            ],
            [
              -2.200393,
              51.7821741
            ],
            [
              -2.2002642,
              51.7823068
            ],
            [
              -2.2001543,
              51.7822736
            ],
            [
              -2.2000738,
              51.7823284
            ],
            [
              -2.2001221,
              51.7823483
            ],
            [
              -2.2000246,
              51.7823824
            ],
            [
              -2.1999531,
              51.7822985
            ],
            [
              -2.2000014,
              51.7822471
            ],
            [
              -2.1998995,
              51.7821973
            ],
            [
              -2.19987,
              51.7822172
            ],
            [
              -2.199768,
              51.7821757
            ],
            [
              -2.1998056,
              51.7821459
            ],
            [
              -2.19965,
              51.7820961
            ],
            [
              -2.1996071,
              51.7821376
            ],
            [
              -2.1996527,
              51.7821757
            ],
            [
              -2.1996169,
              51.7822082
            ],
            [
              -2.1998592,
              51.7823118
            ],
            [
              -2.1999236,
              51.7824097
            ],
            [
              -2.1998431,
              51.782428
            ],
            [
              -2.1998673,
              51.7824711
            ],
            [
              -2.1999558,
              51.7824562
            ],
            [
              -2.1999799,
              51.7824844
            ],
            [
              -2.2000675,
              51.7824571
            ],
            [
              -2.200055,
              51.7824313
            ],
            [
              -2.2001891,
              51.7823898
            ],
            [
              -2.2002267,
              51.782413
            ],
            [
              -2.2003867,
              51.7823177
            ],
            [
              -2.2004591,
              51.7822248
            ],
            [
              -2.2005664,
              51.7822629
            ],
            [
              -2.200629,
              51.7822139
            ]
          ]
        ]
      },
      "id": "way/269831016"
    },
    {
      "type": "Feature",
      "properties": {
        "@id": "way/269831017",
        "building": "yes"
      },
      "geometry": {
        "type": "Polygon",
        "coordinates": [
          [
            [
              -2.2012181,
              51.7816233
            ],
            [
              -2.2010561,
              51.7815461
            ],
            [
              -2.2009833,
              51.7816046
            ],
            [
              -2.2011453,
              51.7816818
            ],
            [
              -2.2012181,
              51.7816233
            ]
          ]
        ]
      },
      "id": "way/269831017"
    },
    {
      "type": "Feature",
      "properties": {
        "@id": "way/269831018",
        "building": "yes"
      },
      "geometry": {
        "type": "Polygon",
        "coordinates": [
          [
            [
              -2.2014497,
              51.7817638
            ],
            [
              -2.2013317,
              51.7816656
            ],
            [
              -2.2011992,
              51.7817264
            ],
            [
              -2.2012445,
              51.7817642
            ],
            [
              -2.2013134,
              51.7817325
            ],
            [
              -2.2013861,
              51.7817931
            ],
            [
              -2.2014497,
              51.7817638
            ]
          ]
        ]
      },
      "id": "way/269831018"
    },
    {
      "type": "Feature",
      "properties": {
        "@id": "way/269831019",
        "building": "yes"
      },
      "geometry": {
        "type": "Polygon",
        "coordinates": [
          [
            [
              -2.2017997,
              51.7813485
            ],
            [
              -2.2017235,
              51.7812883
            ],
            [
              -2.2015744,
              51.7813605
            ],
            [
              -2.2016506,
              51.7814207
            ],
            [
              -2.2017997,
              51.7813485
            ]
          ]
        ]
      },
      "id": "way/269831019"
    },
    {
      "type": "Feature",
      "properties": {
        "@id": "way/269831443",
        "building": "yes"
      },
      "geometry": {
        "type": "Polygon",
        "coordinates": [
          [
            [
              -2.1991197,
              51.7832268
            ],
            [
              -2.198852,
              51.7831377
            ],
            [
              -2.1987794,
              51.7832213
            ],
            [
              -2.1989327,
              51.7832723
            ],
            [
              -2.1988791,
              51.7833339
            ],
            [
              -2.1987162,
              51.7832797
            ],
            [
              -2.1986624,
              51.7833416
            ],
            [
              -2.1990142,
              51.7834531
            ],
            [
              -2.1990633,
              51.7833996
            ],
            [
              -2.1989893,
              51.783375
            ],
            [
              -2.1991197,
              51.7832268
            ]
          ]
        ]
      },
      "id": "way/269831443"
    },
    {
      "type": "Feature",
      "properties": {
        "@id": "way/269831444",
        "building": "yes"
      },
      "geometry": {
        "type": "Polygon",
        "coordinates": [
          [
            [
              -2.198785,
              51.7834535
            ],
            [
              -2.1986215,
              51.7833916
            ],
            [
              -2.198553,
              51.783461
            ],
            [
              -2.1988202,
              51.7835522
            ],
            [
              -2.1988628,
              51.7835035
            ],
            [
              -2.1987697,
              51.7834719
            ],
            [
              -2.198785,
              51.7834535
            ]
          ]
        ]
      },
      "id": "way/269831444"
    },
    {
      "type": "Feature",
      "properties": {
        "@id": "way/270897384",
        "building": "yes"
      },
      "geometry": {
        "type": "Polygon",
        "coordinates": [
          [
            [
              -2.1931487,
              51.7855688
            ],
            [
              -2.1930299,
              51.7854849
            ],
            [
              -2.1929577,
              51.7855241
            ],
            [
              -2.1930766,
              51.7856079
            ],
            [
              -2.1931487,
              51.7855688
            ]
          ]
        ]
      },
      "id": "way/270897384"
    },
    {
      "type": "Feature",
      "properties": {
        "@id": "way/270897385",
        "building": "yes"
      },
      "geometry": {
        "type": "Polygon",
        "coordinates": [
          [
            [
              -2.192731,
              51.7865212
            ],
            [
              -2.1926882,
              51.7864827
            ],
            [
              -2.1925963,
              51.7865217
            ],
            [
              -2.1926391,
              51.7865603
            ],
            [
              -2.192731,
              51.7865212
            ]
          ]
        ]
      },
      "id": "way/270897385"
    },
    {
      "type": "Feature",
      "properties": {
        "@id": "way/270897386",
        "building": "yes"
      },
      "geometry": {
        "type": "Polygon",
        "coordinates": [
          [
            [
              -2.193873,
              51.7867279
            ],
            [
              -2.1938144,
              51.7866788
            ],
            [
              -2.1935535,
              51.7867967
            ],
            [
              -2.1935272,
              51.7867689
            ],
            [
              -2.1933789,
              51.7868227
            ],
            [
              -2.1934461,
              51.7868936
            ],
            [
              -2.1936651,
              51.7868186
            ],
            [
              -2.193873,
              51.7867279
            ]
          ]
        ]
      },
      "id": "way/270897386"
    },
    {
      "type": "Feature",
      "properties": {
        "@id": "way/270897387",
        "building": "yes"
      },
      "geometry": {
        "type": "Polygon",
        "coordinates": [
          [
            [
              -2.1885845,
              51.7889076
            ],
            [
              -2.1885494,
              51.7888451
            ],
            [
              -2.1884483,
              51.7888668
            ],
            [
              -2.1884201,
              51.7888167
            ],
            [
              -2.1883263,
              51.7888369
            ],
            [
              -2.1883895,
              51.7889495
            ],
            [
              -2.1885845,
              51.7889076
            ]
          ]
        ]
      },
      "id": "way/270897387"
    },
    {
      "type": "Feature",
      "properties": {
        "@id": "way/270897388",
        "building": "yes"
      },
      "geometry": {
        "type": "Polygon",
        "coordinates": [
          [
            [
              -2.1928219,
              51.7862812
            ],
            [
              -2.19274,
              51.7862128
            ],
            [
              -2.192645,
              51.7862564
            ],
            [
              -2.1927269,
              51.7863248
            ],
            [
              -2.1928219,
              51.7862812
            ]
          ]
        ]
      },
      "id": "way/270897388"
    },
    {
      "type": "Feature",
      "properties": {
        "@id": "way/270897389",
        "building": "yes"
      },
      "geometry": {
        "type": "Polygon",
        "coordinates": [
          [
            [
              -2.1934205,
              51.7866986
            ],
            [
              -2.1933505,
              51.7866173
            ],
            [
              -2.1933804,
              51.7866074
            ],
            [
              -2.1933221,
              51.7865396
            ],
            [
              -2.1932055,
              51.786578
            ],
            [
              -2.1933337,
              51.7867272
            ],
            [
              -2.1934205,
              51.7866986
            ]
          ]
        ]
      },
      "id": "way/270897389"
    },
    {
      "type": "Feature",
      "properties": {
        "@id": "way/270897390",
        "building": "yes"
      },
      "geometry": {
        "type": "Polygon",
        "coordinates": [
          [
            [
              -2.1927863,
              51.7864082
            ],
            [
              -2.1927045,
              51.7864614
            ],
            [
              -2.1927651,
              51.7864972
            ],
            [
              -2.192847,
              51.786444
            ],
            [
              -2.1927863,
              51.7864082
            ]
          ]
        ]
      },
      "id": "way/270897390"
    },
    {
      "type": "Feature",
      "properties": {
        "@id": "way/270897391",
        "building": "yes"
      },
      "geometry": {
        "type": "Polygon",
        "coordinates": [
          [
            [
              -2.1935759,
              51.7853651
            ],
            [
              -2.1935435,
              51.7853153
            ],
            [
              -2.1934291,
              51.7853438
            ],
            [
              -2.1934615,
              51.7853936
            ],
            [
              -2.1935759,
              51.7853651
            ]
          ]
        ]
      },
      "id": "way/270897391"
    },
    {
      "type": "Feature",
      "properties": {
        "@id": "way/270897392",
        "building": "yes"
      },
      "geometry": {
        "type": "Polygon",
        "coordinates": [
          [
            [
              -2.2012381,
              51.7851735
            ],
            [
              -2.2010303,
              51.7851104
            ],
            [
              -2.2009901,
              51.7851611
            ],
            [
              -2.2011979,
              51.7852241
            ],
            [
              -2.2012381,
              51.7851735
            ]
          ]
        ]
      },
      "id": "way/270897392"
    },
    {
      "type": "Feature",
      "properties": {
        "@id": "way/270897394",
        "building": "yes"
      },
      "geometry": {
        "type": "Polygon",
        "coordinates": [
          [
            [
              -2.2007239,
              51.7853176
            ],
            [
              -2.2006264,
              51.7852863
            ],
            [
              -2.200595,
              51.7853238
            ],
            [
              -2.2005103,
              51.7852965
            ],
            [
              -2.2004781,
              51.7853349
            ],
            [
              -2.2005507,
              51.7853582
            ],
            [
              -2.2005293,
              51.7853838
            ],
            [
              -2.2006389,
              51.785419
            ],
            [
              -2.2007239,
              51.7853176
            ]
          ]
        ]
      },
      "id": "way/270897394"
    },
    {
      "type": "Feature",
      "properties": {
        "@id": "way/270897397",
        "addr:city": "Painswick",
        "addr:housename": "Little Fleece",
        "addr:housenumber": "10",
        "addr:street": "Bisley Stret",
        "building": "house",
        "house": "terraced"
      },
      "geometry": {
        "type": "Polygon",
        "coordinates": [
          [
            [
              -2.1931677,
              51.7866534
            ],
            [
              -2.193144,
              51.7866208
            ],
            [
              -2.193061,
              51.7866427
            ],
            [
              -2.1930268,
              51.7866539
            ],
            [
              -2.1930574,
              51.7866896
            ],
            [
              -2.1930816,
              51.7866817
            ],
            [
              -2.1931677,
              51.7866534
            ]
          ]
        ]
      },
      "id": "way/270897397"
    },
    {
      "type": "Feature",
      "properties": {
        "@id": "way/270897398",
        "building": "yes"
      },
      "geometry": {
        "type": "Polygon",
        "coordinates": [
          [
            [
              -2.1933301,
              51.7857147
            ],
            [
              -2.1932938,
              51.7856754
            ],
            [
              -2.1932479,
              51.7856885
            ],
            [
              -2.1931752,
              51.7855817
            ],
            [
              -2.1930962,
              51.7856171
            ],
            [
              -2.1931237,
              51.7856584
            ],
            [
              -2.193095,
              51.7856659
            ],
            [
              -2.1931223,
              51.7857062
            ],
            [
              -2.1931395,
              51.7857011
            ],
            [
              -2.193177,
              51.7857574
            ],
            [
              -2.1932245,
              51.7857441
            ],
            [
              -2.1933301,
              51.7857147
            ]
          ]
        ]
      },
      "id": "way/270897398"
    },
    {
      "type": "Feature",
      "properties": {
        "@id": "way/270897400",
        "building": "yes"
      },
      "geometry": {
        "type": "Polygon",
        "coordinates": [
          [
            [
              -2.1931813,
              51.7858091
            ],
            [
              -2.1931691,
              51.7858121
            ],
            [
              -2.1930888,
              51.7858298
            ],
            [
              -2.1931115,
              51.7858688
            ],
            [
              -2.1931163,
              51.7858779
            ],
            [
              -2.1932092,
              51.7858572
            ],
            [
              -2.1931813,
              51.7858091
            ]
          ]
        ]
      },
      "id": "way/270897400"
    },
    {
      "type": "Feature",
      "properties": {
        "@id": "way/270897401",
        "building": "yes"
      },
      "geometry": {
        "type": "Polygon",
        "coordinates": [
          [
            [
              -2.1980272,
              51.7867454
            ],
            [
              -2.1978647,
              51.7867161
            ],
            [
              -2.197814,
              51.7868238
            ],
            [
              -2.1978852,
              51.7868367
            ],
            [
              -2.1979124,
              51.7867789
            ],
            [
              -2.1980037,
              51.7867953
            ],
            [
              -2.1980272,
              51.7867454
            ]
          ]
        ]
      },
      "id": "way/270897401"
    },
    {
      "type": "Feature",
      "properties": {
        "@id": "way/270897402",
        "building": "yes"
      },
      "geometry": {
        "type": "Polygon",
        "coordinates": [
          [
            [
              -2.1930849,
              51.7858743
            ],
            [
              -2.1930702,
              51.7858476
            ],
            [
              -2.192999,
              51.7858626
            ],
            [
              -2.192953,
              51.7857791
            ],
            [
              -2.1928478,
              51.7858012
            ],
            [
              -2.1929083,
              51.785911
            ],
            [
              -2.1929169,
              51.7859092
            ],
            [
              -2.1930849,
              51.7858743
            ]
          ]
        ]
      },
      "id": "way/270897402"
    },
    {
      "type": "Feature",
      "properties": {
        "@id": "way/270897403",
        "addr:postcode": "GL6 6QT",
        "building": "detached"
      },
      "geometry": {
        "type": "Polygon",
        "coordinates": [
          [
            [
              -2.1971541,
              51.7897867
            ],
            [
              -2.1968922,
              51.7897539
            ],
            [
              -2.1968741,
              51.7898092
            ],
            [
              -2.196943,
              51.7898178
            ],
            [
              -2.1969267,
              51.7898676
            ],
            [
              -2.1971833,
              51.7898997
            ],
            [
              -2.1972028,
              51.78984
            ],
            [
              -2.1971392,
              51.789832
            ],
            [
              -2.1971541,
              51.7897867
            ]
          ]
        ]
      },
      "id": "way/270897403"
    },
    {
      "type": "Feature",
      "properties": {
        "@id": "way/270897405",
        "building": "yes"
      },
      "geometry": {
        "type": "Polygon",
        "coordinates": [
          [
            [
              -2.1923582,
              51.7858197
            ],
            [
              -2.1923147,
              51.7857755
            ],
            [
              -2.1922311,
              51.7858071
            ],
            [
              -2.1922747,
              51.7858512
            ],
            [
              -2.1923582,
              51.7858197
            ]
          ]
        ]
      },
      "id": "way/270897405"
    },
    {
      "type": "Feature",
      "properties": {
        "@id": "way/270897406",
        "building": "detached"
      },
      "geometry": {
        "type": "Polygon",
        "coordinates": [
          [
            [
              -2.1932542,
              51.7865046
            ],
            [
              -2.1932006,
              51.7864472
            ],
            [
              -2.1931071,
              51.7864806
            ],
            [
              -2.1931607,
              51.786538
            ],
            [
              -2.1932542,
              51.7865046
            ]
          ]
        ]
      },
      "id": "way/270897406"
    },
    {
      "type": "Feature",
      "properties": {
        "@id": "way/270897408",
        "building": "yes"
      },
      "geometry": {
        "type": "Polygon",
        "coordinates": [
          [
            [
              -2.1881732,
              51.7875495
            ],
            [
              -2.1881289,
              51.7875094
            ],
            [
              -2.1879738,
              51.7875749
            ],
            [
              -2.1880181,
              51.787615
            ],
            [
              -2.1881732,
              51.7875495
            ]
          ]
        ]
      },
      "id": "way/270897408"
    },
    {
      "type": "Feature",
      "properties": {
        "@id": "way/270897409",
        "building": "yes"
      },
      "geometry": {
        "type": "Polygon",
        "coordinates": [
          [
            [
              -2.1890434,
              51.7887777
            ],
            [
              -2.1890051,
              51.7887299
            ],
            [
              -2.1889511,
              51.7887465
            ],
            [
              -2.1889233,
              51.7887118
            ],
            [
              -2.1888451,
              51.7887358
            ],
            [
              -2.1889111,
              51.7888182
            ],
            [
              -2.1890434,
              51.7887777
            ]
          ]
        ]
      },
      "id": "way/270897409"
    },
    {
      "type": "Feature",
      "properties": {
        "@id": "way/270897410",
        "building": "house"
      },
      "geometry": {
        "type": "Polygon",
        "coordinates": [
          [
            [
              -2.1931691,
              51.7858121
            ],
            [
              -2.1931582,
              51.7857932
            ],
            [
              -2.1931104,
              51.7858037
            ],
            [
              -2.1930874,
              51.785764
            ],
            [
              -2.1930252,
              51.7857778
            ],
            [
              -2.1929894,
              51.7857158
            ],
            [
              -2.192933,
              51.7857283
            ],
            [
              -2.1929663,
              51.7857858
            ],
            [
              -2.1929784,
              51.7857832
            ],
            [
              -2.1930148,
              51.7858462
            ],
            [
              -2.1930888,
              51.7858298
            ],
            [
              -2.1931691,
              51.7858121
            ]
          ]
        ]
      },
      "id": "way/270897410"
    },
    {
      "type": "Feature",
      "properties": {
        "@id": "way/270897411",
        "building": "yes"
      },
      "geometry": {
        "type": "Polygon",
        "coordinates": [
          [
            [
              -2.1935486,
              51.7867381
            ],
            [
              -2.1935129,
              51.7866978
            ],
            [
              -2.1933823,
              51.7867421
            ],
            [
              -2.193418,
              51.7867824
            ],
            [
              -2.1935486,
              51.7867381
            ]
          ]
        ]
      },
      "id": "way/270897411"
    },
    {
      "type": "Feature",
      "properties": {
        "@id": "way/270897412",
        "building": "terrace"
      },
      "geometry": {
        "type": "Polygon",
        "coordinates": [
          [
            [
              -2.1942325,
              51.7865279
            ],
            [
              -2.1941301,
              51.7864665
            ],
            [
              -2.1939798,
              51.7865666
            ],
            [
              -2.1940617,
              51.786624
            ],
            [
              -2.1942325,
              51.7865279
            ]
          ]
        ]
      },
      "id": "way/270897412"
    },
    {
      "type": "Feature",
      "properties": {
        "@id": "way/270897413",
        "building": "yes"
      },
      "geometry": {
        "type": "Polygon",
        "coordinates": [
          [
            [
              -2.1929565,
              51.7863978
            ],
            [
              -2.1929179,
              51.7863533
            ],
            [
              -2.1928237,
              51.7863768
            ],
            [
              -2.1928727,
              51.7864288
            ],
            [
              -2.1929565,
              51.7863978
            ]
          ]
        ]
      },
      "id": "way/270897413"
    },
    {
      "type": "Feature",
      "properties": {
        "@id": "way/270897414",
        "building": "yes"
      },
      "geometry": {
        "type": "Polygon",
        "coordinates": [
          [
            [
              -2.1928901,
              51.7863449
            ],
            [
              -2.1928548,
              51.7863022
            ],
            [
              -2.1927544,
              51.7863339
            ],
            [
              -2.1927896,
              51.7863767
            ],
            [
              -2.1928901,
              51.7863449
            ]
          ]
        ]
      },
      "id": "way/270897414"
    },
    {
      "type": "Feature",
      "properties": {
        "@id": "way/270897415",
        "building": "yes"
      },
      "geometry": {
        "type": "Polygon",
        "coordinates": [
          [
            [
              -2.2010149,
              51.7848959
            ],
            [
              -2.2009887,
              51.7848253
            ],
            [
              -2.2008948,
              51.7848387
            ],
            [
              -2.2008859,
              51.7848147
            ],
            [
              -2.2008194,
              51.7848241
            ],
            [
              -2.2008096,
              51.7847976
            ],
            [
              -2.2007268,
              51.7848094
            ],
            [
              -2.2007448,
              51.784858
            ],
            [
              -2.2006529,
              51.7848711
            ],
            [
              -2.2006797,
              51.7849434
            ],
            [
              -2.2010149,
              51.7848959
            ]
          ]
        ]
      },
      "id": "way/270897415"
    },
    {
      "type": "Feature",
      "properties": {
        "@id": "way/270897417",
        "building": "yes"
      },
      "geometry": {
        "type": "Polygon",
        "coordinates": [
          [
            [
              -2.1932565,
              51.7867943
            ],
            [
              -2.1932109,
              51.7867261
            ],
            [
              -2.1931265,
              51.7867521
            ],
            [
              -2.1931664,
              51.786816
            ],
            [
              -2.1932565,
              51.7867943
            ]
          ]
        ]
      },
      "id": "way/270897417"
    },
    {
      "type": "Feature",
      "properties": {
        "@id": "way/270897422",
        "addr:postcode": "GL6 6XX",
        "building": "yes"
      },
      "geometry": {
        "type": "Polygon",
        "coordinates": [
          [
            [
              -2.1934569,
              51.7856055
            ],
            [
              -2.1934261,
              51.7855871
            ],
            [
              -2.1934719,
              51.7855491
            ],
            [
              -2.193422,
              51.7855159
            ],
            [
              -2.1934703,
              51.7854893
            ],
            [
              -2.1935307,
              51.785534
            ],
            [
              -2.1936125,
              51.7854893
            ],
            [
              -2.1936581,
              51.7855159
            ],
            [
              -2.1937064,
              51.785486
            ],
            [
              -2.193595,
              51.7854079
            ],
            [
              -2.1935696,
              51.7854313
            ],
            [
              -2.193524,
              51.7853948
            ],
            [
              -2.1934583,
              51.7854129
            ],
            [
              -2.1934207,
              51.7853648
            ],
            [
              -2.1933282,
              51.7853848
            ],
            [
              -2.1933899,
              51.7854595
            ],
            [
              -2.1933349,
              51.7854992
            ],
            [
              -2.1932088,
              51.7854345
            ],
            [
              -2.1931404,
              51.7854595
            ],
            [
              -2.1933899,
              51.7856403
            ],
            [
              -2.1934569,
              51.7856055
            ]
          ]
        ]
      },
      "id": "way/270897422"
    },
    {
      "type": "Feature",
      "properties": {
        "@id": "way/270897937",
        "building": "yes"
      },
      "geometry": {
        "type": "Polygon",
        "coordinates": [
          [
            [
              -2.1905692,
              51.7822308
            ],
            [
              -2.1904663,
              51.7821904
            ],
            [
              -2.1905367,
              51.7821218
            ],
            [
              -2.1904627,
              51.7820928
            ],
            [
              -2.1903609,
              51.7821921
            ],
            [
              -2.1905378,
              51.7822615
            ],
            [
              -2.1905692,
              51.7822308
            ]
          ]
        ]
      },
      "id": "way/270897937"
    },
    {
      "type": "Feature",
      "properties": {
        "@id": "way/276283184",
        "building": "yes"
      },
      "geometry": {
        "type": "Polygon",
        "coordinates": [
          [
            [
              -2.1925462,
              51.7858756
            ],
            [
              -2.1925278,
              51.78585
            ],
            [
              -2.1924697,
              51.7858659
            ],
            [
              -2.192488,
              51.7858916
            ],
            [
              -2.1925462,
              51.7858756
            ]
          ]
        ]
      },
      "id": "way/276283184"
    },
    {
      "type": "Feature",
      "properties": {
        "@id": "way/276283189",
        "building": "yes"
      },
      "geometry": {
        "type": "Polygon",
        "coordinates": [
          [
            [
              -2.1946827,
              51.7843544
            ],
            [
              -2.1946607,
              51.7843259
            ],
            [
              -2.1946005,
              51.7843437
            ],
            [
              -2.1946226,
              51.7843722
            ],
            [
              -2.1946827,
              51.7843544
            ]
          ]
        ]
      },
      "id": "way/276283189"
    },
    {
      "type": "Feature",
      "properties": {
        "@id": "way/278308582",
        "building": "yes"
      },
      "geometry": {
        "type": "Polygon",
        "coordinates": [
          [
            [
              -2.1959205,
              51.7867173
            ],
            [
              -2.1958755,
              51.7866806
            ],
            [
              -2.1958182,
              51.7867074
            ],
            [
              -2.1958633,
              51.7867442
            ],
            [
              -2.1959205,
              51.7867173
            ]
          ]
        ]
      },
      "id": "way/278308582"
    },
    {
      "type": "Feature",
      "properties": {
        "@id": "way/278308592",
        "building": "yes"
      },
      "geometry": {
        "type": "Polygon",
        "coordinates": [
          [
            [
              -2.1957439,
              51.7867932
            ],
            [
              -2.1956997,
              51.7867539
            ],
            [
              -2.1956347,
              51.7867819
            ],
            [
              -2.1956789,
              51.7868212
            ],
            [
              -2.1957439,
              51.7867932
            ]
          ]
        ]
      },
      "id": "way/278308592"
    },
    {
      "type": "Feature",
      "properties": {
        "@id": "way/302584632",
        "addr:city": "Painswick",
        "addr:housenumber": "The Old Chapel",
        "addr:postcode": "GL6 6QQ",
        "addr:street": "Bisley Street",
        "building": "yes",
        "name": "Hamptons International Lettings",
        "office": "estate_agent",
        "phone": "+44 1242639571",
        "website": "https://www.hamptons.co.uk/toletoffice/Painswick/1964"
      },
      "geometry": {
        "type": "Polygon",
        "coordinates": [
          [
            [
              -2.1924429,
              51.7860251
            ],
            [
              -2.1923784,
              51.7860359
            ],
            [
              -2.1924042,
              51.786099
            ],
            [
              -2.1924712,
              51.7860882
            ],
            [
              -2.1924429,
              51.7860251
            ]
          ]
        ]
      },
      "id": "way/302584632"
    },
    {
      "type": "Feature",
      "properties": {
        "@id": "way/364709604",
        "addr:city": "Painswick",
        "addr:housename": "Old Fleece",
        "addr:street": "Bisley Street",
        "building": "house",
        "house": "terraced",
        "wikidata": "Q26383363"
      },
      "geometry": {
        "type": "Polygon",
        "coordinates": [
          [
            [
              -2.1931942,
              51.7866956
            ],
            [
              -2.1931677,
              51.7866534
            ],
            [
              -2.1930816,
              51.7866817
            ],
            [
              -2.1931265,
              51.7867521
            ],
            [
              -2.1932109,
              51.7867261
            ],
            [
              -2.1931942,
              51.7866956
            ]
          ]
        ]
      },
      "id": "way/364709604"
    },
    {
      "type": "Feature",
      "properties": {
        "@id": "way/364709619",
        "addr:city": "Painswick",
        "addr:housename": "The Chur",
        "addr:street": "Bisley Street",
        "building": "house",
        "house": "terraced"
      },
      "geometry": {
        "type": "Polygon",
        "coordinates": [
          [
            [
              -2.1931149,
              51.7865811
            ],
            [
              -2.1930251,
              51.786601
            ],
            [
              -2.193061,
              51.7866427
            ],
            [
              -2.193144,
              51.7866208
            ],
            [
              -2.1931149,
              51.7865811
            ]
          ]
        ]
      },
      "id": "way/364709619"
    },
    {
      "type": "Feature",
      "properties": {
        "@id": "way/364709626",
        "addr:postcode": "GL6 6QQ",
        "building": "terrace"
      },
      "geometry": {
        "type": "Polygon",
        "coordinates": [
          [
            [
              -2.1930774,
              51.7865388
            ],
            [
              -2.1929963,
              51.7864433
            ],
            [
              -2.1929565,
              51.7863978
            ],
            [
              -2.1928727,
              51.7864288
            ],
            [
              -2.1929534,
              51.7865238
            ],
            [
              -2.1930251,
              51.786601
            ],
            [
              -2.1931149,
              51.7865811
            ],
            [
              -2.1930774,
              51.7865388
            ]
          ]
        ]
      },
      "id": "way/364709626"
    },
    {
      "type": "Feature",
      "properties": {
        "@id": "way/364710888",
        "building": "yes"
      },
      "geometry": {
        "type": "Polygon",
        "coordinates": [
          [
            [
              -2.1939318,
              51.786591
            ],
            [
              -2.193862,
              51.7866269
            ],
            [
              -2.1939318,
              51.7866889
            ],
            [
              -2.1940083,
              51.7866443
            ],
            [
              -2.1939318,
              51.786591
            ]
          ]
        ]
      },
      "id": "way/364710888"
    },
    {
      "type": "Feature",
      "properties": {
        "@id": "way/820407888",
        "generator:method": "photovoltaic",
        "generator:output:electricity": "yes",
        "generator:source": "solar",
        "generator:type": "solar_photovoltaic_panel",
        "location": "roof",
        "power": "generator"
      },
      "geometry": {
        "type": "Polygon",
        "coordinates": [
          [
            [
              -2.1940105,
              51.7819222
            ],
            [
              -2.1939971,
              51.7819031
            ],
            [
              -2.1938496,
              51.7819496
            ],
            [
              -2.1938684,
              51.7819678
            ],
            [
              -2.1940105,
              51.7819222
            ]
          ]
        ]
      },
      "id": "way/820407888"
    },
    {
      "type": "Feature",
      "properties": {
        "@id": "way/820407889",
        "building": "house"
      },
      "geometry": {
        "type": "Polygon",
        "coordinates": [
          [
            [
              -2.1946591,
              51.7822672
            ],
            [
              -2.1945913,
              51.7821941
            ],
            [
              -2.194542,
              51.7822116
            ],
            [
              -2.1945538,
              51.7822243
            ],
            [
              -2.1944894,
              51.7822471
            ],
            [
              -2.1944663,
              51.7822222
            ],
            [
              -2.1944176,
              51.7822395
            ],
            [
              -2.1944468,
              51.7822709
            ],
            [
              -2.1943707,
              51.7822979
            ],
            [
              -2.1944218,
              51.782353
            ],
            [
              -2.194491,
              51.7823284
            ],
            [
              -2.1945093,
              51.7823481
            ],
            [
              -2.1946147,
              51.7823107
            ],
            [
              -2.1945954,
              51.7822898
            ],
            [
              -2.1946591,
              51.7822672
            ]
          ]
        ]
      },
      "id": "way/820407889"
    },
    {
      "type": "Feature",
      "properties": {
        "@id": "way/1094354057",
        "name": "Pullens Road",
        "operator": "National Grid Electricity Distribution",
        "operator:wikidata": "Q7988183",
        "power": "substation",
        "ref": "792398",
        "source": "survey",
        "voltage": "11000"
      },
      "geometry": {
        "type": "Polygon",
        "coordinates": [
          [
            [
              -2.1929801,
              51.7883924
            ],
            [
              -2.1930123,
              51.7883555
            ],
            [
              -2.1929158,
              51.7883178
            ],
            [
              -2.1928822,
              51.7883564
            ],
            [
              -2.1929801,
              51.7883924
            ]
          ]
        ]
      },
      "id": "way/1094354057"
    },
    {
      "type": "Feature",
      "properties": {
        "@id": "way/1234636136",
        "building": "terrace"
      },
      "geometry": {
        "type": "Polygon",
        "coordinates": [
          [
            [
              -2.193592,
              51.7859751
            ],
            [
              -2.193683,
              51.7859294
            ],
            [
              -2.1936684,
              51.78592
            ],
            [
              -2.1936984,
              51.785902
            ],
            [
              -2.193675,
              51.7858855
            ],
            [
              -2.193636,
              51.7859076
            ],
            [
              -2.1936162,
              51.7858928
            ],
            [
              -2.1936035,
              51.7859001
            ],
            [
              -2.1935044,
              51.7858221
            ],
            [
              -2.193465,
              51.7858421
            ],
            [
              -2.1934634,
              51.7858668
            ],
            [
              -2.1934723,
              51.7858789
            ],
            [
              -2.193592,
              51.7859751
            ]
          ]
        ]
      },
      "id": "way/1234636136"
    },
    {
      "type": "Feature",
      "properties": {
        "@id": "way/1234636138",
        "building": "house",
        "source": "microsoft/BuildingFootprints"
      },
      "geometry": {
        "type": "Polygon",
        "coordinates": [
          [
            [
              -2.190884,
              51.7862035
            ],
            [
              -2.1907739,
              51.7862183
            ],
            [
              -2.1908284,
              51.7863736
            ],
            [
              -2.1908859,
              51.7863658
            ],
            [
              -2.1908742,
              51.7863326
            ],
            [
              -2.1908767,
              51.7863322
            ],
            [
              -2.1908539,
              51.7862673
            ],
            [
              -2.190904,
              51.7862605
            ],
            [
              -2.190884,
              51.7862035
            ]
          ]
        ]
      },
      "id": "way/1234636138"
    },
    {
      "type": "Feature",
      "properties": {
        "@id": "way/1234636139",
        "building": "house",
        "source": "microsoft/BuildingFootprints"
      },
      "geometry": {
        "type": "Polygon",
        "coordinates": [
          [
            [
              -2.1904027,
              51.7863701
            ],
            [
              -2.1903825,
              51.7863385
            ],
            [
              -2.1903083,
              51.7863567
            ],
            [
              -2.1903662,
              51.786447
            ],
            [
              -2.190553,
              51.7864013
            ],
            [
              -2.1905153,
              51.7863425
            ],
            [
              -2.1904027,
              51.7863701
            ]
          ]
        ]
      },
      "id": "way/1234636139"
    },
    {
      "type": "Feature",
      "properties": {
        "@id": "way/1234636140",
        "building": "house",
        "source": "microsoft/BuildingFootprints"
      },
      "geometry": {
        "type": "Polygon",
        "coordinates": [
          [
            [
              -2.1907653,
              51.786285
            ],
            [
              -2.1907256,
              51.7862382
            ],
            [
              -2.1906466,
              51.7862638
            ],
            [
              -2.1906301,
              51.7862443
            ],
            [
              -2.1905282,
              51.7862774
            ],
            [
              -2.1905718,
              51.7863287
            ],
            [
              -2.1907,
              51.7862871
            ],
            [
              -2.1907128,
              51.7863021
            ],
            [
              -2.1907653,
              51.786285
            ]
          ]
        ]
      },
      "id": "way/1234636140"
    },
    {
      "type": "Feature",
      "properties": {
        "@id": "way/1234638811",
        "amenity": "toilets",
        "building": "yes",
        "check_date": "2025-01-19",
        "male": "yes",
        "source": "microsoft/BuildingFootprints",
        "toilets:disposal": "flush",
        "unisex": "yes",
        "wheelchair": "yes"
      },
      "geometry": {
        "type": "Polygon",
        "coordinates": [
          [
            [
              -2.1963797,
              51.7843967
            ],
            [
              -2.196319,
              51.7843832
            ],
            [
              -2.1962935,
              51.7844272
            ],
            [
              -2.1963542,
              51.7844407
            ],
            [
              -2.1963797,
              51.7843967
            ]
          ]
        ]
      },
      "id": "way/1234638811"
    },
    {
      "type": "Feature",
      "properties": {
        "@id": "way/1234638812",
        "addr:postcode": "GL6 6UU",
        "building": "yes",
        "source": "microsoft/BuildingFootprints"
      },
      "geometry": {
        "type": "Polygon",
        "coordinates": [
          [
            [
              -2.1960785,
              51.7844052
            ],
            [
              -2.1960538,
              51.7843391
            ],
            [
              -2.1958946,
              51.7843618
            ],
            [
              -2.1959281,
              51.7844516
            ],
            [
              -2.1959892,
              51.7844429
            ],
            [
              -2.1959804,
              51.7844192
            ],
            [
              -2.1960785,
              51.7844052
            ]
          ]
        ]
      },
      "id": "way/1234638812"
    },
    {
      "type": "Feature",
      "properties": {
        "@id": "way/1234638813",
        "building": "yes",
        "source": "microsoft/BuildingFootprints"
      },
      "geometry": {
        "type": "Polygon",
        "coordinates": [
          [
            [
              -2.1963124,
              51.7842498
            ],
            [
              -2.1963091,
              51.7841812
            ],
            [
              -2.1961617,
              51.7841839
            ],
            [
              -2.196165,
              51.7842525
            ],
            [
              -2.1963124,
              51.7842498
            ]
          ]
        ]
      },
      "id": "way/1234638813"
    },
    {
      "type": "Feature",
      "properties": {
        "@id": "way/1280232731",
        "name": "Knapp Lane",
        "operator": "National Grid Electricity Distribution",
        "operator:wikidata": "Q7988183",
        "power": "substation",
        "ref": "S/S 9869",
        "substation": "minor_distribution"
      },
      "geometry": {
        "type": "Polygon",
        "coordinates": [
          [
            [
              -2.1938367,
              51.7827338
            ],
            [
              -2.1939216,
              51.7827173
            ],
            [
              -2.1938964,
              51.7826674
            ],
            [
              -2.1938115,
              51.7826839
            ],
            [
              -2.1938367,
              51.7827338
            ]
          ]
        ]
      },
      "id": "way/1280232731"
    },
    {
      "type": "Feature",
      "properties": {
        "@id": "way/1280232732",
        "name": "St. Mary's Home",
        "operator": "National Grid Electricity Distribution",
        "operator:wikidata": "Q7988183",
        "power": "substation",
        "ref": "10456",
        "substation": "minor_distribution"
      },
      "geometry": {
        "type": "Polygon",
        "coordinates": [
          [
            [
              -2.1965186,
              51.783799
            ],
            [
              -2.1963875,
              51.7837831
            ],
            [
              -2.1964466,
              51.7838469
            ],
            [
              -2.1965186,
              51.783799
            ]
          ]
        ]
      },
      "id": "way/1280232732"
    },
    {
      "type": "Feature",
      "properties": {
        "@id": "way/1280232779",
        "operator": "National Grid Electricity Distribution",
        "operator:wikidata": "Q7988183",
        "power": "substation"
      },
      "geometry": {
        "type": "Polygon",
        "coordinates": [
          [
            [
              -2.1987822,
              51.7810791
            ],
            [
              -2.1986771,
              51.781064
            ],
            [
              -2.1986673,
              51.7810902
            ],
            [
              -2.1987723,
              51.7811053
            ],
            [
              -2.1987822,
              51.7810791
            ]
          ]
        ]
      },
      "id": "way/1280232779"
    },
    {
      "type": "Feature",
      "properties": {
        "@id": "way/1459117613",
        "building": "yes"
      },
      "geometry": {
        "type": "Polygon",
        "coordinates": [
          [
            [
              -2.1993902,
              51.7835394
            ],
            [
              -2.1993979,
              51.7835085
            ],
            [
              -2.199238,
              51.7834939
            ],
            [
              -2.1992334,
              51.7835267
            ],
            [
              -2.1993902,
              51.7835394
            ]
          ]
        ]
      },
      "id": "way/1459117613"
    },
    {
      "type": "Feature",
      "properties": {
        "@id": "way/1459117614",
        "building": "yes"
      },
      "geometry": {
        "type": "Polygon",
        "coordinates": [
          [
            [
              -2.1992263,
              51.7835242
            ],
            [
              -2.1992314,
              51.7834968
            ],
            [
              -2.199119,
              51.7834878
            ],
            [
              -2.1991134,
              51.7835175
            ],
            [
              -2.1992263,
              51.7835242
            ]
          ]
        ]
      },
      "id": "way/1459117614"
    },
    {
      "type": "Feature",
      "properties": {
        "@id": "way/1459117615",
        "building": "yes"
      },
      "geometry": {
        "type": "Polygon",
        "coordinates": [
          [
            [
              -2.1991032,
              51.7835172
            ],
            [
              -2.1991088,
              51.7834862
            ],
            [
              -2.1990179,
              51.7834792
            ],
            [
              -2.1990128,
              51.7835116
            ],
            [
              -2.1991032,
              51.7835172
            ]
          ]
        ]
      },
      "id": "way/1459117615"
    },
    {
      "type": "Feature",
      "properties": {
        "@id": "way/1459117616",
        "building": "yes"
      },
      "geometry": {
        "type": "Polygon",
        "coordinates": [
          [
            [
              -2.1990806,
              51.7834533
            ],
            [
              -2.199167,
              51.7834608
            ],
            [
              -2.1991726,
              51.7834262
            ],
            [
              -2.1990881,
              51.7834169
            ],
            [
              -2.1990806,
              51.7834533
            ]
          ]
        ]
      },
      "id": "way/1459117616"
    },
    {
      "type": "Feature",
      "properties": {
        "@id": "way/1459117617",
        "building": "yes"
      },
      "geometry": {
        "type": "Polygon",
        "coordinates": [
          [
            [
              -2.1992875,
              51.7834686
            ],
            [
              -2.1992917,
              51.7834435
            ],
            [
              -2.1991946,
              51.7834357
            ],
            [
              -2.1991922,
              51.7834614
            ],
            [
              -2.1992875,
              51.7834686
            ]
          ]
        ]
      },
      "id": "way/1459117617"
    },
    {
      "type": "Feature",
      "properties": {
        "@id": "way/1459117618",
        "building": "yes"
      },
      "geometry": {
        "type": "Polygon",
        "coordinates": [
          [
            [
              -2.1993355,
              51.7834707
            ],
            [
              -2.1993383,
              51.7834523
            ],
            [
              -2.1993012,
              51.7834488
            ],
            [
              -2.199298,
              51.7834685
            ],
            [
              -2.1993355,
              51.7834707
            ]
          ]
        ]
      },
      "id": "way/1459117618"
    },
    {
      "type": "Feature",
      "properties": {
        "@id": "way/1459117619",
        "building": "yes"
      },
      "geometry": {
        "type": "Polygon",
        "coordinates": [
          [
            [
              -2.2002731,
              51.783102
            ],
            [
              -2.2002793,
              51.7830416
            ],
            [
              -2.2001795,
              51.7830372
            ],
            [
              -2.2001736,
              51.7830978
            ],
            [
              -2.2002731,
              51.783102
            ]
          ]
        ]
      },
      "id": "way/1459117619"
    },
    {
      "type": "Feature",
      "properties": {
        "@id": "way/1524089246",
        "building": "yes"
      },
      "geometry": {
        "type": "Polygon",
        "coordinates": [
          [
            [
              -2.1946272,
              51.7842279
            ],
            [
              -2.1947007,
              51.7843066
            ],
            [
              -2.1947195,
              51.7842576
            ],
            [
              -2.1946755,
              51.7842106
            ],
            [
              -2.1946272,
              51.7842279
            ]
          ]
        ]
      },
      "id": "way/1524089246"
    },
    {
      "type": "Feature",
      "properties": {
        "@id": "way/1524089247",
        "building": "yes"
      },
      "geometry": {
        "type": "Polygon",
        "coordinates": [
          [
            [
              -2.1943759,
              51.7842561
            ],
            [
              -2.1943362,
              51.7842146
            ],
            [
              -2.1942062,
              51.7842622
            ],
            [
              -2.1942459,
              51.7843037
            ],
            [
              -2.1943759,
              51.7842561
            ]
          ]
        ]
      },
      "id": "way/1524089247"
    },
    {
      "type": "Feature",
      "properties": {
        "@id": "way/1524298186",
        "building": "yes",
        "roof:shape": "gabled"
      },
      "geometry": {
        "type": "Polygon",
        "coordinates": [
          [
            [
              -2.1906759,
              51.7824996
            ],
            [
              -2.1906312,
              51.7824703
            ],
            [
              -2.1905547,
              51.7825149
            ],
            [
              -2.1905994,
              51.7825442
            ],
            [
              -2.1906759,
              51.7824996
            ]
          ]
        ]
      },
      "id": "way/1524298186"
    },
    {
      "type": "Feature",
      "properties": {
        "@id": "way/1524298189",
        "building": "stable"
      },
      "geometry": {
        "type": "Polygon",
        "coordinates": [
          [
            [
              -2.192381,
              51.7807803
            ],
            [
              -2.1922954,
              51.7808384
            ],
            [
              -2.1923427,
              51.7808651
            ],
            [
              -2.1924284,
              51.7808071
            ],
            [
              -2.192381,
              51.7807803
            ]
          ]
        ]
      },
      "id": "way/1524298189"
    },
    {
      "type": "Feature",
      "properties": {
        "@id": "way/4376815",
        "highway": "unclassified",
        "lane_markings": "no",
        "lit": "no",
        "maxspeed": "60 mph",
        "maxspeed:type": "GB:nsl_single",
        "name": "Edge Lane",
        "surface": "asphalt"
      },
      "geometry": {
        "type": "LineString",
        "coordinates": [
          [
            -2.2210561,
            51.7867093
          ],
          [
            -2.2209766,
            51.7866729
          ],
          [
            -2.220874,
            51.7865432
          ],
          [
            -2.2207925,
            51.7864766
          ],
          [
            -2.2206849,
            51.7864318
          ],
          [
            -2.2205002,
            51.786361
          ],
          [
            -2.2203178,
            51.7862823
          ],
          [
            -2.2202078,
            51.7862133
          ],
          [
            -2.2196754,
            51.7858132
          ],
          [
            -2.2195866,
            51.7857767
          ],
          [
            -2.2193401,
            51.7857087
          ],
          [
            -2.2190492,
            51.7856342
          ],
          [
            -2.2189398,
            51.7856361
          ],
          [
            -2.2184283,
            51.785633
          ],
          [
            -2.2181214,
            51.7856513
          ],
          [
            -2.2179269,
            51.7855937
          ],
          [
            -2.2176491,
            51.7854802
          ],
          [
            -2.2176239,
            51.7854699
          ],
          [
            -2.2172785,
            51.7853775
          ],
          [
            -2.2171518,
            51.7853393
          ],
          [
            -2.2170608,
            51.7853196
          ],
          [
            -2.2163065,
            51.7852909
          ],
          [
            -2.215997,
            51.7852652
          ],
          [
            -2.2157267,
            51.7852256
          ],
          [
            -2.2153119,
            51.7851514
          ],
          [
            -2.2149564,
            51.7851292
          ],
          [
            -2.2143766,
            51.7850939
          ],
          [
            -2.214192,
            51.7851216
          ],
          [
            -2.2140843,
            51.7851754
          ],
          [
            -2.2135249,
            51.7856225
          ],
          [
            -2.2133376,
            51.7857594
          ],
          [
            -2.2123208,
            51.7862253
          ],
          [
            -2.2122046,
            51.7862983
          ],
          [
            -2.2119898,
            51.7863939
          ],
          [
            -2.2118167,
            51.7865101
          ],
          [
            -2.2117108,
            51.7865461
          ],
          [
            -2.2116042,
            51.7865566
          ],
          [
            -2.2113912,
            51.7865531
          ],
          [
            -2.2111777,
            51.7865536
          ],
          [
            -2.2108867,
            51.7865676
          ],
          [
            -2.2106316,
            51.7865901
          ],
          [
            -2.2105049,
            51.7865857
          ],
          [
            -2.2103266,
            51.7865819
          ],
          [
            -2.2101758,
            51.7865657
          ],
          [
            -2.2100236,
            51.7865256
          ],
          [
            -2.2097939,
            51.7864856
          ],
          [
            -2.2094677,
            51.7864166
          ],
          [
            -2.2081719,
            51.7859467
          ],
          [
            -2.2080639,
            51.7859467
          ],
          [
            -2.2080134,
            51.7859611
          ],
          [
            -2.2078602,
            51.7860339
          ],
          [
            -2.207012,
            51.7864366
          ],
          [
            -2.2067382,
            51.7865735
          ],
          [
            -2.2065077,
            51.7866095
          ],
          [
            -2.2060754,
            51.7865951
          ],
          [
            -2.20602,
            51.786593
          ],
          [
            -2.2055135,
            51.7865735
          ],
          [
            -2.2053045,
            51.7866095
          ],
          [
            -2.2050668,
            51.7866888
          ],
          [
            -2.2048578,
            51.7867536
          ],
          [
            -2.2047858,
            51.786732
          ],
          [
            -2.2045908,
            51.7866684
          ],
          [
            -2.2044544,
            51.7866239
          ],
          [
            -2.2042599,
            51.7865951
          ],
          [
            -2.2030279,
            51.7866455
          ],
          [
            -2.2018377,
            51.7866066
          ]
        ]
      },
      "id": "way/4376815"
    },
    {
      "type": "Feature",
      "properties": {
        "@id": "way/4376832",
        "cycleway:left": "no",
        "highway": "unclassified",
        "lane_markings": "no",
        "maxspeed": "20 mph",
        "name": "Bisley Street",
        "oneway": "yes",
        "smoothness": "intermediate",
        "source": "survey",
        "surface": "asphalt",
        "width": "3.15"
      },
      "geometry": {
        "type": "LineString",
        "coordinates": [
          [
            -2.1934244,
            51.7869555
          ],
          [
            -2.1930631,
            51.7864767
          ]
        ]
      },
      "id": "way/4376832"
    },
    {
      "type": "Feature",
      "properties": {
        "@id": "way/8400864",
        "highway": "unclassified",
        "lanes": "1",
        "maxspeed": "20 mph",
        "name": "St Mary's Street",
        "source": "survey",
        "surface": "asphalt",
        "width": "4.11"
      },
      "geometry": {
        "type": "LineString",
        "coordinates": [
          [
            -2.1927052,
            51.7861197
          ],
          [
            -2.1927679,
            51.7861028
          ],
          [
            -2.1931193,
            51.7859983
          ],
          [
            -2.1932852,
            51.7859263
          ],
          [
            -2.1934146,
            51.7858529
          ],
          [
            -2.193494,
            51.7857837
          ],
          [
            -2.1937879,
            51.7856161
          ],
          [
            -2.1938153,
            51.7856088
          ]
        ]
      },
      "id": "way/8400864"
    },
    {
      "type": "Feature",
      "properties": {
        "@id": "way/8400868",
        "highway": "unclassified"
      },
      "geometry": {
        "type": "LineString",
        "coordinates": [
          [
            -2.1900874,
            51.7841598
          ],
          [
            -2.18998,
            51.7841869
          ],
          [
            -2.1895468,
            51.7841202
          ],
          [
            -2.1894406,
            51.784077
          ],
          [
            -2.1894179,
            51.7840678
          ],
          [
            -2.1893136,
            51.7839881
          ],
          [
            -2.1891913,
            51.7837579
          ],
          [
            -2.189141,
            51.7836792
          ]
        ]
      },
      "id": "way/8400868"
    },
    {
      "type": "Feature",
      "properties": {
        "@id": "way/8400873",
        "highway": "unclassified"
      },
      "geometry": {
        "type": "LineString",
        "coordinates": [
          [
            -2.189141,
            51.7836792
          ],
          [
            -2.1891108,
            51.783581
          ],
          [
            -2.1890518,
            51.7834654
          ]
        ]
      },
      "id": "way/8400873"
    },
    {
      "type": "Feature",
      "properties": {
        "@id": "way/8400874",
        "highway": "unclassified",
        "name": "Greenhouse Lane",
        "source:name": "OS OpenData StreetView"
      },
      "geometry": {
        "type": "LineString",
        "coordinates": [
          [
            -2.1890518,
            51.7834654
          ],
          [
            -2.1889827,
            51.7832902
          ],
          [
            -2.1886805,
            51.7830528
          ],
          [
            -2.1883639,
            51.7827435
          ],
          [
            -2.1878891,
            51.7825348
          ],
          [
            -2.1877092,
            51.7824989
          ],
          [
            -2.1873423,
            51.7824341
          ],
          [
            -2.1870114,
            51.7822255
          ],
          [
            -2.1866316,
            51.7820254
          ],
          [
            -2.1858387,
            51.78147
          ],
          [
            -2.1857164,
            51.7813693
          ],
          [
            -2.1855493,
            51.7811921
          ],
          [
            -2.1854309,
            51.7808899
          ],
          [
            -2.1852467,
            51.7806118
          ],
          [
            -2.1850761,
            51.7804511
          ],
          [
            -2.1843854,
            51.7799088
          ],
          [
            -2.1840545,
            51.7795851
          ],
          [
            -2.1840545,
            51.7795203
          ],
          [
            -2.1840688,
            51.7793908
          ],
          [
            -2.1839681,
            51.779139
          ],
          [
            -2.1838046,
            51.7789023
          ],
          [
            -2.1836064,
            51.7786192
          ],
          [
            -2.1835204,
            51.7785266
          ],
          [
            -2.1829787,
            51.7781635
          ],
          [
            -2.1828731,
            51.7780883
          ],
          [
            -2.1827699,
            51.77803
          ],
          [
            -2.1826784,
            51.7779644
          ],
          [
            -2.1824573,
            51.7778728
          ],
          [
            -2.1823637,
            51.7778189
          ],
          [
            -2.1820328,
            51.7776282
          ],
          [
            -2.1817738,
            51.7774196
          ],
          [
            -2.1813402,
            51.7770135
          ]
        ]
      },
      "id": "way/8400874"
    },
    {
      "type": "Feature",
      "properties": {
        "@id": "way/10511331",
        "highway": "secondary",
        "lanes": "1",
        "lit": "yes",
        "maxspeed": "20 mph",
        "name": "Pullens Road",
        "oneway": "yes"
      },
      "geometry": {
        "type": "LineString",
        "coordinates": [
          [
            -2.1947015,
            51.7898036
          ],
          [
            -2.1946445,
            51.7897789
          ],
          [
            -2.1945292,
            51.789753
          ],
          [
            -2.1944748,
            51.789738
          ],
          [
            -2.1944439,
            51.7897224
          ],
          [
            -2.1944169,
            51.7896851
          ],
          [
            -2.1943929,
            51.7896093
          ],
          [
            -2.1943362,
            51.7893214
          ],
          [
            -2.1941907,
            51.789133
          ],
          [
            -2.1940007,
            51.7890103
          ],
          [
            -2.1937264,
            51.7887702
          ],
          [
            -2.1936052,
            51.7886994
          ],
          [
            -2.1934588,
            51.7886073
          ],
          [
            -2.1928809,
            51.7883943
          ]
        ]
      },
      "id": "way/10511331"
    },
    {
      "type": "Feature",
      "properties": {
        "@id": "way/10511333",
        "cycleway:left": "no",
        "highway": "secondary",
        "lane_markings": "no",
        "maxspeed": "20 mph",
        "name": "Gloucester Street",
        "oneway": "yes",
        "smoothness": "excellent",
        "surface": "asphalt"
      },
      "geometry": {
        "type": "LineString",
        "coordinates": [
          [
            -2.1934244,
            51.7869555
          ],
          [
            -2.1935369,
            51.7871575
          ],
          [
            -2.1937529,
            51.787512
          ],
          [
            -2.1939135,
            51.7877094
          ],
          [
            -2.1940173,
            51.7878406
          ],
          [
            -2.194086,
            51.7879521
          ],
          [
            -2.1942006,
            51.7881186
          ],
          [
            -2.1942733,
            51.7882242
          ],
          [
            -2.1943545,
            51.7883558
          ],
          [
            -2.1944471,
            51.7884987
          ],
          [
            -2.1947431,
            51.7889496
          ],
          [
            -2.1947966,
            51.7890255
          ],
          [
            -2.1948264,
            51.7890861
          ],
          [
            -2.1948505,
            51.7891894
          ],
          [
            -2.1948599,
            51.7892773
          ],
          [
            -2.1948576,
            51.7893615
          ],
          [
            -2.1948374,
            51.7894277
          ],
          [
            -2.1947691,
            51.7896585
          ],
          [
            -2.1947171,
            51.789771
          ],
          [
            -2.1947015,
            51.7898036
          ]
        ]
      },
      "id": "way/10511333"
    },
    {
      "type": "Feature",
      "properties": {
        "@id": "way/23374026",
        "highway": "unclassified",
        "lanes": "1",
        "lit": "yes",
        "maxspeed": "20 mph",
        "name": "Vicarage Street",
        "source:name": "OS OpenData StreetView"
      },
      "geometry": {
        "type": "LineString",
        "coordinates": [
          [
            -2.1927052,
            51.7861197
          ],
          [
            -2.1926743,
            51.7860907
          ],
          [
            -2.1925645,
            51.7860048
          ],
          [
            -2.1925347,
            51.7859945
          ],
          [
            -2.1923676,
            51.7860087
          ],
          [
            -2.1920424,
            51.786081
          ],
          [
            -2.1917796,
            51.7861283
          ],
          [
            -2.1915612,
            51.7861521
          ],
          [
            -2.1913796,
            51.7861756
          ],
          [
            -2.1911951,
            51.7861679
          ],
          [
            -2.1909809,
            51.7861658
          ],
          [
            -2.1907149,
            51.7861977
          ],
          [
            -2.1906033,
            51.7862242
          ],
          [
            -2.1903115,
            51.7863357
          ],
          [
            -2.1900454,
            51.7864048
          ],
          [
            -2.1899415,
            51.7864217
          ],
          [
            -2.1895247,
            51.7864895
          ],
          [
            -2.189178,
            51.7865908
          ],
          [
            -2.1889406,
            51.7866318
          ],
          [
            -2.1885316,
            51.7867505
          ],
          [
            -2.188425,
            51.7868432
          ]
        ]
      },
      "id": "way/23374026"
    },
    {
      "type": "Feature",
      "properties": {
        "@id": "way/30002749",
        "designation": "public_footpath",
        "foot": "yes",
        "highway": "footway"
      },
      "geometry": {
        "type": "LineString",
        "coordinates": [
          [
            -2.2015803,
            51.7819594
          ],
          [
            -2.2020395,
            51.7822355
          ],
          [
            -2.2030453,
            51.7826606
          ],
          [
            -2.2038314,
            51.7828581
          ],
          [
            -2.2043182,
            51.7829905
          ],
          [
            -2.2047231,
            51.7832058
          ],
          [
            -2.2047508,
            51.7833118
          ],
          [
            -2.2047764,
            51.78341
          ]
        ]
      },
      "id": "way/30002749"
    },
    {
      "type": "Feature",
      "properties": {
        "@id": "way/30004357",
        "bicycle": "yes",
        "designation": "public_bridleway",
        "fixme": "tagged as horse=no which seems unlikely however there are cattle grids. Survey to see if there are horse gates at them",
        "foot": "yes",
        "highway": "service",
        "horse": "no"
      },
      "geometry": {
        "type": "LineString",
        "coordinates": [
          [
            -2.1805301,
            51.7907016
          ],
          [
            -2.1808047,
            51.7906031
          ],
          [
            -2.1808597,
            51.7905841
          ],
          [
            -2.1811241,
            51.7904897
          ],
          [
            -2.1814978,
            51.7903694
          ],
          [
            -2.18184,
            51.7902964
          ],
          [
            -2.1821883,
            51.7902561
          ],
          [
            -2.1823468,
            51.7902822
          ],
          [
            -2.1825393,
            51.7903451
          ],
          [
            -2.1826491,
            51.7904101
          ],
          [
            -2.1827846,
            51.7905141
          ],
          [
            -2.1830418,
            51.790682
          ],
          [
            -2.1832778,
            51.7907683
          ],
          [
            -2.1834707,
            51.7907848
          ],
          [
            -2.1836176,
            51.7907684
          ],
          [
            -2.1837377,
            51.7907275
          ],
          [
            -2.1839752,
            51.7905958
          ],
          [
            -2.1841611,
            51.7904657
          ],
          [
            -2.1843316,
            51.7903077
          ],
          [
            -2.1845371,
            51.7902005
          ],
          [
            -2.18481,
            51.7901122
          ],
          [
            -2.185445,
            51.7899587
          ],
          [
            -2.1855309,
            51.7899122
          ],
          [
            -2.1858624,
            51.7895281
          ],
          [
            -2.1863905,
            51.7889954
          ],
          [
            -2.186589,
            51.7888393
          ],
          [
            -2.1868034,
            51.7887496
          ],
          [
            -2.1870304,
            51.7886002
          ],
          [
            -2.1870825,
            51.7885374
          ],
          [
            -2.1871375,
            51.7884643
          ],
          [
            -2.1873119,
            51.7882531
          ],
          [
            -2.1874208,
            51.7881287
          ],
          [
            -2.1874705,
            51.7880719
          ],
          [
            -2.1875963,
            51.7879132
          ],
          [
            -2.1876639,
            51.7878314
          ],
          [
            -2.1877013,
            51.7877879
          ],
          [
            -2.1882798,
            51.7875546
          ],
          [
            -2.188343,
            51.7875499
          ]
        ]
      },
      "id": "way/30004357"
    },
    {
      "type": "Feature",
      "properties": {
        "@id": "way/30004564",
        "highway": "unclassified",
        "lanes": "1",
        "maxspeed": "20 mph",
        "name": "Stamages Lane",
        "not:name": "Stamage's Lane"
      },
      "geometry": {
        "type": "LineString",
        "coordinates": [
          [
            -2.1970614,
            51.7839913
          ],
          [
            -2.1968951,
            51.7839124
          ],
          [
            -2.1966795,
            51.7837951
          ],
          [
            -2.1965125,
            51.7837017
          ],
          [
            -2.1963553,
            51.7835631
          ],
          [
            -2.1962789,
            51.783489
          ],
          [
            -2.1962325,
            51.7833982
          ],
          [
            -2.1962679,
            51.7829591
          ],
          [
            -2.1962793,
            51.7827935
          ],
          [
            -2.1962907,
            51.7827333
          ],
          [
            -2.1963199,
            51.7826903
          ],
          [
            -2.19654,
            51.7824813
          ],
          [
            -2.1966542,
            51.782349
          ],
          [
            -2.1966894,
            51.7823009
          ],
          [
            -2.1967156,
            51.7822333
          ],
          [
            -2.1967359,
            51.7821508
          ],
          [
            -2.1967002,
            51.7819614
          ],
          [
            -2.196716,
            51.78187
          ],
          [
            -2.1967621,
            51.7817797
          ],
          [
            -2.1969473,
            51.7816
          ],
          [
            -2.1972101,
            51.7814236
          ],
          [
            -2.1972936,
            51.7813623
          ],
          [
            -2.1974984,
            51.7811384
          ],
          [
            -2.1976711,
            51.7809192
          ]
        ]
      },
      "id": "way/30004564"
    },
    {
      "type": "Feature",
      "properties": {
        "@id": "way/31102055",
        "highway": "unclassified",
        "name": "Kingsmill Lane",
        "not:name": "King's Mill Lane",
        "note": "There's a street name sign at the junction of this road and Stamages Lane that shows that Kingsmill is all one word.",
        "source": "survey"
      },
      "geometry": {
        "type": "LineString",
        "coordinates": [
          [
            -2.2060806,
            51.7789117
          ],
          [
            -2.2053506,
            51.7790041
          ],
          [
            -2.2052118,
            51.779047
          ],
          [
            -2.2048078,
            51.7792139
          ],
          [
            -2.2047503,
            51.7792376
          ],
          [
            -2.2046205,
            51.779434
          ],
          [
            -2.2045343,
            51.7794841
          ],
          [
            -2.2043887,
            51.7794868
          ],
          [
            -2.2042651,
            51.779479
          ],
          [
            -2.2034602,
            51.7794282
          ],
          [
            -2.2032968,
            51.7794547
          ],
          [
            -2.2028355,
            51.7796042
          ],
          [
            -2.2024616,
            51.7797532
          ],
          [
            -2.2019093,
            51.7799394
          ],
          [
            -2.2013114,
            51.7800494
          ],
          [
            -2.2008031,
            51.7801397
          ],
          [
            -2.2003229,
            51.7802942
          ],
          [
            -2.1998162,
            51.7804243
          ],
          [
            -2.1994877,
            51.7804863
          ],
          [
            -2.1991764,
            51.7805885
          ],
          [
            -2.1990409,
            51.7806711
          ],
          [
            -2.1989439,
            51.7807825
          ],
          [
            -2.1987973,
            51.780991
          ],
          [
            -2.1987426,
            51.7810094
          ],
          [
            -2.1987189,
            51.7810174
          ],
          [
            -2.1980393,
            51.7809067
          ],
          [
            -2.197747,
            51.780888
          ],
          [
            -2.1977112,
            51.7808808
          ]
        ]
      },
      "id": "way/31102055"
    },
    {
      "type": "Feature",
      "properties": {
        "@id": "way/31117014",
        "highway": "unclassified",
        "lanes": "1",
        "maxspeed": "20 mph",
        "name": "Victoria Street",
        "source": "survey"
      },
      "geometry": {
        "type": "LineString",
        "coordinates": [
          [
            -2.1938153,
            51.7856088
          ],
          [
            -2.1938443,
            51.7856093
          ],
          [
            -2.1943109,
            51.7858066
          ],
          [
            -2.1945226,
            51.7858464
          ],
          [
            -2.1947335,
            51.7859121
          ]
        ]
      },
      "id": "way/31117014"
    },
    {
      "type": "Feature",
      "properties": {
        "@id": "way/31117185",
        "highway": "unclassified",
        "lanes": "2",
        "maxspeed": "20 mph",
        "name": "Victoria Square"
      },
      "geometry": {
        "type": "LineString",
        "coordinates": [
          [
            -2.1947335,
            51.7859121
          ],
          [
            -2.1950062,
            51.7860566
          ]
        ]
      },
      "id": "way/31117185"
    },
    {
      "type": "Feature",
      "properties": {
        "@id": "way/31117267",
        "highway": "unclassified",
        "name": "Kemps Lane"
      },
      "geometry": {
        "type": "LineString",
        "coordinates": [
          [
            -2.1941304,
            51.783515
          ],
          [
            -2.1938899,
            51.7838798
          ],
          [
            -2.1937793,
            51.7839779
          ],
          [
            -2.1935963,
            51.7841175
          ],
          [
            -2.1934861,
            51.7842236
          ],
          [
            -2.1933402,
            51.7843935
          ],
          [
            -2.1933099,
            51.7844234
          ],
          [
            -2.1932114,
            51.7845209
          ],
          [
            -2.1931839,
            51.7845612
          ],
          [
            -2.193117,
            51.784659
          ],
          [
            -2.1930045,
            51.7847979
          ],
          [
            -2.1928973,
            51.7849572
          ],
          [
            -2.1928595,
            51.7850102
          ],
          [
            -2.1927792,
            51.7851231
          ],
          [
            -2.1927685,
            51.7852492
          ]
        ]
      },
      "id": "way/31117267"
    },
    {
      "type": "Feature",
      "properties": {
        "@id": "way/31117336",
        "foot": "yes",
        "highway": "footway"
      },
      "geometry": {
        "type": "LineString",
        "coordinates": [
          [
            -2.193838,
            51.7843377
          ],
          [
            -2.1937631,
            51.7843089
          ],
          [
            -2.1935963,
            51.7841175
          ]
        ]
      },
      "id": "way/31117336"
    },
    {
      "type": "Feature",
      "properties": {
        "@id": "way/31117345",
        "highway": "residential",
        "name": "Orchard Mead"
      },
      "geometry": {
        "type": "LineString",
        "coordinates": [
          [
            -2.1930343,
            51.783526
          ],
          [
            -2.1933782,
            51.7833121
          ],
          [
            -2.1934811,
            51.7832991
          ],
          [
            -2.1935831,
            51.783321
          ],
          [
            -2.193956,
            51.7834694
          ],
          [
            -2.1941304,
            51.783515
          ]
        ]
      },
      "id": "way/31117345"
    },
    {
      "type": "Feature",
      "properties": {
        "@id": "way/31117353",
        "hgv": "no",
        "highway": "unclassified",
        "name": "Knapp Lane",
        "not:name": "Knap Lane",
        "source": "survey"
      },
      "geometry": {
        "type": "LineString",
        "coordinates": [
          [
            -2.1941304,
            51.783515
          ],
          [
            -2.1941816,
            51.7834062
          ],
          [
            -2.1941985,
            51.7833368
          ],
          [
            -2.1941899,
            51.7831775
          ],
          [
            -2.1941727,
            51.7829811
          ],
          [
            -2.1941232,
            51.7827861
          ],
          [
            -2.1940343,
            51.7826737
          ],
          [
            -2.1938895,
            51.7825881
          ],
          [
            -2.1936252,
            51.7823472
          ],
          [
            -2.1934412,
            51.7821954
          ],
          [
            -2.1934438,
            51.7821329
          ],
          [
            -2.1935042,
            51.7820094
          ],
          [
            -2.1935953,
            51.7819275
          ],
          [
            -2.1937167,
            51.7818373
          ]
        ]
      },
      "id": "way/31117353"
    },
    {
      "type": "Feature",
      "properties": {
        "@id": "way/31117360",
        "designation": "public_footpath",
        "foot": "designated",
        "highway": "residential",
        "name": "Knapp End",
        "source": "survey"
      },
      "geometry": {
        "type": "LineString",
        "coordinates": [
          [
            -2.1941304,
            51.783515
          ],
          [
            -2.1942663,
            51.783399
          ],
          [
            -2.1943667,
            51.7833339
          ],
          [
            -2.1946799,
            51.7832528
          ]
        ]
      },
      "id": "way/31117360"
    },
    {
      "type": "Feature",
      "properties": {
        "@id": "way/31117407",
        "highway": "residential",
        "name": "Woodborough Close",
        "note": "Couldn't find name",
        "source:name": "OS_OpenData_Locator"
      },
      "geometry": {
        "type": "LineString",
        "coordinates": [
          [
            -2.1947658,
            51.7820172
          ],
          [
            -2.1945543,
            51.7819515
          ],
          [
            -2.1944731,
            51.781951
          ],
          [
            -2.1943444,
            51.7819881
          ],
          [
            -2.1937181,
            51.7822344
          ],
          [
            -2.1936252,
            51.7823472
          ]
        ]
      },
      "id": "way/31117407"
    },
    {
      "type": "Feature",
      "properties": {
        "@id": "way/31117411",
        "designation": "public_footpath",
        "foot": "yes",
        "highway": "footway",
        "surface": "dirt"
      },
      "geometry": {
        "type": "LineString",
        "coordinates": [
          [
            -2.1929796,
            51.7818893
          ],
          [
            -2.1931342,
            51.78202
          ],
          [
            -2.1932544,
            51.7821156
          ],
          [
            -2.1934412,
            51.7821954
          ]
        ]
      },
      "id": "way/31117411"
    },
    {
      "type": "Feature",
      "properties": {
        "@id": "way/31117509",
        "highway": "unclassified",
        "name": "Ticklestone Lane"
      },
      "geometry": {
        "type": "LineString",
        "coordinates": [
          [
            -2.1925505,
            51.7812766
          ],
          [
            -2.1924819,
            51.7813775
          ],
          [
            -2.1925733,
            51.7814664
          ],
          [
            -2.1926807,
            51.7815707
          ],
          [
            -2.1928275,
            51.7817271
          ],
          [
            -2.1929796,
            51.7818893
          ]
        ]
      },
      "id": "way/31117509"
    },
    {
      "type": "Feature",
      "properties": {
        "@id": "way/31117531",
        "designation": "public_footpath",
        "foot": "yes",
        "highway": "track",
        "surface": "dirt"
      },
      "geometry": {
        "type": "LineString",
        "coordinates": [
          [
            -2.1929644,
            51.7806574
          ],
          [
            -2.1929454,
            51.7807296
          ],
          [
            -2.1928509,
            51.7808518
          ],
          [
            -2.1927737,
            51.780958
          ],
          [
            -2.1926879,
            51.7810642
          ],
          [
            -2.1925505,
            51.7812766
          ]
        ]
      },
      "id": "way/31117531"
    },
    {
      "type": "Feature",
      "properties": {
        "@id": "way/31117571",
        "highway": "residential",
        "name": "Randalls Field",
        "place_numbers": "1-4"
      },
      "geometry": {
        "type": "LineString",
        "coordinates": [
          [
            -2.1922587,
            51.7829439
          ],
          [
            -2.1921042,
            51.7829492
          ],
          [
            -2.1918982,
            51.7829651
          ],
          [
            -2.1916837,
            51.7829758
          ],
          [
            -2.191375,
            51.7829326
          ]
        ]
      },
      "id": "way/31117571"
    },
    {
      "type": "Feature",
      "properties": {
        "@id": "way/31117599",
        "highway": "residential",
        "name": "Randalls Field",
        "place_numbers": "5-7,10"
      },
      "geometry": {
        "type": "LineString",
        "coordinates": [
          [
            -2.1917781,
            51.783374
          ],
          [
            -2.1916557,
            51.7833877
          ],
          [
            -2.191409,
            51.7834006
          ],
          [
            -2.1910372,
            51.783379
          ],
          [
            -2.1908132,
            51.7833189
          ]
        ]
      },
      "id": "way/31117599"
    },
    {
      "type": "Feature",
      "properties": {
        "@id": "way/31117648",
        "highway": "residential",
        "name": "Randalls Field",
        "place_numbers": "8-9,11-12"
      },
      "geometry": {
        "type": "LineString",
        "coordinates": [
          [
            -2.1912373,
            51.7837935
          ],
          [
            -2.1910743,
            51.7837935
          ],
          [
            -2.1909026,
            51.7837882
          ],
          [
            -2.1907996,
            51.7837457
          ],
          [
            -2.1906365,
            51.7837457
          ],
          [
            -2.1904574,
            51.7836717
          ]
        ]
      },
      "id": "way/31117648"
    },
    {
      "type": "Feature",
      "properties": {
        "@id": "way/36791991",
        "cycleway:both": "no",
        "highway": "primary",
        "lanes": "2",
        "maxspeed": "20 mph",
        "maxspeed:type": "GB:zone20",
        "name": "Cheltenham Road",
        "ref": "A46",
        "source:name": "OS_OpenData_Locator",
        "surface": "asphalt"
      },
      "geometry": {
        "type": "LineString",
        "coordinates": [
          [
            -2.1934244,
            51.7869555
          ],
          [
            -2.1932174,
            51.7870352
          ],
          [
            -2.193095,
            51.7871163
          ],
          [
            -2.1930151,
            51.7872253
          ],
          [
            -2.1930029,
            51.787253
          ],
          [
            -2.1928694,
            51.7875548
          ],
          [
            -2.1928314,
            51.7876409
          ],
          [
            -2.1925723,
            51.788251
          ]
        ]
      },
      "id": "way/36791991"
    },
    {
      "type": "Feature",
      "properties": {
        "@id": "way/36791992",
        "cycleway:both": "no",
        "highway": "primary",
        "lanes": "2",
        "maxspeed": "20 mph",
        "maxspeed:type": "GB:zone20",
        "name": "New Street",
        "ref": "A46",
        "sidewalk:left": "yes",
        "source:name": "OS_OpenData_Locator",
        "surface": "asphalt"
      },
      "geometry": {
        "type": "LineString",
        "coordinates": [
          [
            -2.1960817,
            51.7852786
          ],
          [
            -2.1959009,
            51.7854159
          ],
          [
            -2.1956266,
            51.7856132
          ],
          [
            -2.1954925,
            51.7857096
          ],
          [
            -2.1951172,
            51.7859794
          ],
          [
            -2.1950062,
            51.7860566
          ],
          [
            -2.1944313,
            51.7864801
          ],
          [
            -2.1943954,
            51.7865012
          ],
          [
            -2.1942399,
            51.7865924
          ],
          [
            -2.194161,
            51.7866386
          ],
          [
            -2.1939509,
            51.7867407
          ],
          [
            -2.1937957,
            51.7868055
          ],
          [
            -2.1934244,
            51.7869555
          ]
        ]
      },
      "id": "way/36791992"
    },
    {
      "type": "Feature",
      "properties": {
        "@id": "way/36791993",
        "cycleway:both": "no",
        "highway": "unclassified",
        "lane_markings": "no",
        "maxspeed": "20 mph",
        "name": "Edge Road",
        "oneway": "no",
        "sidewalk": "left",
        "surface": "asphalt",
        "width": "2.75"
      },
      "geometry": {
        "type": "LineString",
        "coordinates": [
          [
            -2.1990878,
            51.7861434
          ],
          [
            -2.1983254,
            51.7859213
          ],
          [
            -2.1977978,
            51.7857676
          ],
          [
            -2.196209,
            51.7853047
          ],
          [
            -2.1960817,
            51.7852786
          ]
        ]
      },
      "id": "way/36791993"
    },
    {
      "type": "Feature",
      "properties": {
        "@id": "way/36791994",
        "designation": "public_footpath",
        "foot": "yes",
        "highway": "footway",
        "surface": "grass"
      },
      "geometry": {
        "type": "LineString",
        "coordinates": [
          [
            -2.2047764,
            51.78341
          ],
          [
            -2.2047038,
            51.7834565
          ],
          [
            -2.2046341,
            51.783498
          ],
          [
            -2.2045322,
            51.7835544
          ],
          [
            -2.2044195,
            51.7836108
          ],
          [
            -2.2042371,
            51.7837021
          ],
          [
            -2.2040721,
            51.7838008
          ],
          [
            -2.2039501,
            51.7838017
          ],
          [
            -2.203588,
            51.7839659
          ],
          [
            -2.2029256,
            51.7843094
          ],
          [
            -2.2025447,
            51.7844986
          ],
          [
            -2.2022711,
            51.7846014
          ],
          [
            -2.2019143,
            51.7846678
          ],
          [
            -2.2015791,
            51.7847425
          ],
          [
            -2.2014825,
            51.7847839
          ],
          [
            -2.2012947,
            51.7848536
          ],
          [
            -2.2011016,
            51.7849183
          ],
          [
            -2.2009756,
            51.7849698
          ],
          [
            -2.2008883,
            51.7850135
          ],
          [
            -2.200751,
            51.7850401
          ],
          [
            -2.2005364,
            51.7850825
          ],
          [
            -2.2004506,
            51.785125
          ],
          [
            -2.2003561,
            51.7851675
          ],
          [
            -2.2003132,
            51.7852153
          ],
          [
            -2.2001845,
            51.785348
          ],
          [
            -2.2000471,
            51.7854914
          ],
          [
            -2.1998841,
            51.7856082
          ],
          [
            -2.1997467,
            51.7856931
          ],
          [
            -2.1996437,
            51.7857675
          ],
          [
            -2.1995579,
            51.7858524
          ],
          [
            -2.1994549,
            51.7859268
          ],
          [
            -2.1994034,
            51.7859852
          ],
          [
            -2.1993433,
            51.7860383
          ],
          [
            -2.1992661,
            51.7860913
          ],
          [
            -2.1991974,
            51.7861391
          ],
          [
            -2.1990878,
            51.7861434
          ]
        ]
      },
      "id": "way/36791994"
    },
    {
      "type": "Feature",
      "properties": {
        "@id": "way/36791995",
        "barrier": "hedge",
        "source": "survey"
      },
      "geometry": {
        "type": "LineString",
        "coordinates": [
          [
            -2.1997467,
            51.7848808
          ],
          [
            -2.1999098,
            51.7849976
          ],
          [
            -2.2000471,
            51.7850666
          ],
          [
            -2.2003218,
            51.7851303
          ],
          [
            -2.200442,
            51.7850932
          ],
          [
            -2.2005021,
            51.7850613
          ],
          [
            -2.2007424,
            51.7850135
          ],
          [
            -2.2008797,
            51.784987
          ],
          [
            -2.2009741,
            51.7849498
          ],
          [
            -2.2011715,
            51.7848701
          ],
          [
            -2.2014462,
            51.7847852
          ]
        ]
      },
      "id": "way/36791995"
    },
    {
      "type": "Feature",
      "properties": {
        "@id": "way/36791996",
        "highway": "service",
        "service": "driveway"
      },
      "geometry": {
        "type": "LineString",
        "coordinates": [
          [
            -2.2009452,
            51.7853171
          ],
          [
            -2.2008883,
            51.7850135
          ],
          [
            -2.2008797,
            51.784987
          ],
          [
            -2.200854,
            51.7849392
          ]
        ]
      },
      "id": "way/36791996"
    },
    {
      "type": "Feature",
      "properties": {
        "@id": "way/36792000",
        "barrier": "hedge",
        "source": "survey"
      },
      "geometry": {
        "type": "LineString",
        "coordinates": [
          [
            -2.2008711,
            51.7851887
          ],
          [
            -2.2008625,
            51.785125
          ],
          [
            -2.2008454,
            51.7850454
          ],
          [
            -2.2005536,
            51.7851144
          ],
          [
            -2.2004677,
            51.7851569
          ],
          [
            -2.2004506,
            51.785125
          ],
          [
            -2.200442,
            51.7850932
          ]
        ]
      },
      "id": "way/36792000"
    },
    {
      "type": "Feature",
      "properties": {
        "@id": "way/36792001",
        "barrier": "hedge",
        "source": "survey"
      },
      "geometry": {
        "type": "LineString",
        "coordinates": [
          [
            -2.200914,
            51.7850347
          ],
          [
            -2.2009827,
            51.7850188
          ],
          [
            -2.2011029,
            51.7849604
          ],
          [
            -2.2013089,
            51.7848861
          ],
          [
            -2.2014805,
            51.7848383
          ],
          [
            -2.2014825,
            51.7847839
          ],
          [
            -2.2014462,
            51.7847852
          ]
        ]
      },
      "id": "way/36792001"
    },
    {
      "type": "Feature",
      "properties": {
        "@id": "way/37851660",
        "highway": "residential",
        "name": "Canton Acre"
      },
      "geometry": {
        "type": "LineString",
        "coordinates": [
          [
            -2.193587,
            51.7899699
          ],
          [
            -2.1937639,
            51.7899138
          ],
          [
            -2.1938411,
            51.7898624
          ],
          [
            -2.1940555,
            51.7897574
          ],
          [
            -2.1942038,
            51.7897509
          ],
          [
            -2.1943064,
            51.7897468
          ],
          [
            -2.1943937,
            51.7897355
          ],
          [
            -2.1944439,
            51.7897224
          ]
        ]
      },
      "id": "way/37851660"
    },
    {
      "type": "Feature",
      "properties": {
        "@id": "way/37851668",
        "highway": "residential"
      },
      "geometry": {
        "type": "LineString",
        "coordinates": [
          [
            -2.1940555,
            51.7897574
          ],
          [
            -2.1940603,
            51.7896906
          ]
        ]
      },
      "id": "way/37851668"
    },
    {
      "type": "Feature",
      "properties": {
        "@id": "way/37851669",
        "highway": "residential",
        "name": "Upper Washwell"
      },
      "geometry": {
        "type": "LineString",
        "coordinates": [
          [
            -2.1934339,
            51.7894934
          ],
          [
            -2.1932949,
            51.7894892
          ],
          [
            -2.1928345,
            51.789481
          ]
        ]
      },
      "id": "way/37851669"
    },
    {
      "type": "Feature",
      "properties": {
        "@id": "way/37851670",
        "bicycle": "yes",
        "foot": "yes",
        "highway": "path"
      },
      "geometry": {
        "type": "LineString",
        "coordinates": [
          [
            -2.1940603,
            51.7896906
          ],
          [
            -2.1940403,
            51.789558
          ],
          [
            -2.1940189,
            51.7895263
          ],
          [
            -2.1939888,
            51.789503
          ],
          [
            -2.1939394,
            51.7894849
          ],
          [
            -2.1936952,
            51.7894908
          ]
        ]
      },
      "id": "way/37851670"
    },
    {
      "type": "Feature",
      "properties": {
        "@id": "way/37851671",
        "highway": "residential",
        "width": "3"
      },
      "geometry": {
        "type": "LineString",
        "coordinates": [
          [
            -2.1936952,
            51.7894908
          ],
          [
            -2.1935392,
            51.7894936
          ],
          [
            -2.1934339,
            51.7894934
          ]
        ]
      },
      "id": "way/37851671"
    },
    {
      "type": "Feature",
      "properties": {
        "@id": "way/37851673",
        "highway": "residential",
        "name": "Upper Washwell"
      },
      "geometry": {
        "type": "LineString",
        "coordinates": [
          [
            -2.1926772,
            51.7899541
          ],
          [
            -2.1927399,
            51.7898626
          ],
          [
            -2.1927854,
            51.7896925
          ],
          [
            -2.1928345,
            51.789481
          ],
          [
            -2.1927819,
            51.789286
          ],
          [
            -2.1930416,
            51.7890676
          ],
          [
            -2.1932757,
            51.788905
          ],
          [
            -2.1935684,
            51.7887223
          ],
          [
            -2.1936052,
            51.7886994
          ]
        ]
      },
      "id": "way/37851673"
    },
    {
      "type": "Feature",
      "properties": {
        "@id": "way/37851678",
        "highway": "residential",
        "name": "Upper Washwell"
      },
      "geometry": {
        "type": "LineString",
        "coordinates": [
          [
            -2.1922599,
            51.7893414
          ],
          [
            -2.1924887,
            51.7892855
          ],
          [
            -2.1926515,
            51.7892678
          ],
          [
            -2.1927819,
            51.789286
          ]
        ]
      },
      "id": "way/37851678"
    },
    {
      "type": "Feature",
      "properties": {
        "@id": "way/37851684",
        "highway": "pedestrian"
      },
      "geometry": {
        "type": "LineString",
        "coordinates": [
          [
            -2.19198,
            51.7896218
          ],
          [
            -2.1920233,
            51.7895666
          ],
          [
            -2.1921331,
            51.7894402
          ],
          [
            -2.1921693,
            51.7894119
          ],
          [
            -2.1922599,
            51.7893414
          ]
        ]
      },
      "id": "way/37851684"
    },
    {
      "type": "Feature",
      "properties": {
        "@id": "way/83715158",
        "designation": "public_footpath",
        "foot": "designated",
        "highway": "footway"
      },
      "geometry": {
        "type": "LineString",
        "coordinates": [
          [
            -2.1946799,
            51.7832528
          ],
          [
            -2.194827,
            51.7832122
          ],
          [
            -2.1951699,
            51.7831326
          ],
          [
            -2.195428,
            51.7830726
          ],
          [
            -2.1960332,
            51.7829923
          ],
          [
            -2.1961151,
            51.7829807
          ],
          [
            -2.1962679,
            51.7829591
          ]
        ]
      },
      "id": "way/83715158"
    },
    {
      "type": "Feature",
      "properties": {
        "@id": "way/83811592",
        "highway": "unclassified",
        "lane_markings": "no",
        "name": "Hollyhock Lane",
        "surface": "asphalt"
      },
      "geometry": {
        "type": "LineString",
        "coordinates": [
          [
            -2.1949658,
            51.7874663
          ],
          [
            -2.1948097,
            51.7875275
          ],
          [
            -2.1947047,
            51.7874335
          ],
          [
            -2.1944041,
            51.7871409
          ],
          [
            -2.1939509,
            51.7867407
          ]
        ]
      },
      "id": "way/83811592"
    },
    {
      "type": "Feature",
      "properties": {
        "@id": "way/83913792",
        "highway": "residential",
        "name": "White Horse Lane"
      },
      "geometry": {
        "type": "LineString",
        "coordinates": [
          [
            -2.1907136,
            51.7867086
          ],
          [
            -2.1910605,
            51.786625
          ],
          [
            -2.1913397,
            51.7865503
          ],
          [
            -2.1913973,
            51.7865192
          ],
          [
            -2.1914107,
            51.7864673
          ],
          [
            -2.1914011,
            51.7863276
          ],
          [
            -2.1913796,
            51.7861756
          ]
        ]
      },
      "id": "way/83913792"
    },
    {
      "type": "Feature",
      "properties": {
        "@id": "way/83914176",
        "highway": "residential",
        "maxspeed": "20 mph",
        "name": "Friday Street",
        "oneway": "yes",
        "smoothness": "good",
        "surface": "asphalt"
      },
      "geometry": {
        "type": "LineString",
        "coordinates": [
          [
            -2.1934146,
            51.7858529
          ],
          [
            -2.1935266,
            51.7859601
          ],
          [
            -2.1935058,
            51.786071
          ],
          [
            -2.1934282,
            51.7861928
          ],
          [
            -2.1932323,
            51.7863399
          ],
          [
            -2.1930631,
            51.7864767
          ]
        ]
      },
      "id": "way/83914176"
    },
    {
      "type": "Feature",
      "properties": {
        "@id": "way/83914177",
        "highway": "unclassified",
        "lanes": "1",
        "maxspeed": "20 mph",
        "name": "Bisley Street",
        "oneway": "yes",
        "source": "survey",
        "surface": "asphalt"
      },
      "geometry": {
        "type": "LineString",
        "coordinates": [
          [
            -2.1930631,
            51.7864767
          ],
          [
            -2.1929336,
            51.786339
          ],
          [
            -2.1928069,
            51.786209
          ],
          [
            -2.1927052,
            51.7861197
          ]
        ]
      },
      "id": "way/83914177"
    },
    {
      "type": "Feature",
      "properties": {
        "@id": "way/84034360",
        "highway": "unclassified",
        "name": "Tibbiwell Lane",
        "note": "Street sign for street name says \"Tibbiwell\" but all other official sources suggest \"Tibbiwell Lane\"",
        "source": "NPE",
        "surface": "asphalt"
      },
      "geometry": {
        "type": "LineString",
        "coordinates": [
          [
            -2.1927685,
            51.7852492
          ],
          [
            -2.1927392,
            51.7852426
          ],
          [
            -2.1922861,
            51.7851738
          ],
          [
            -2.1918457,
            51.7850902
          ],
          [
            -2.1914538,
            51.7849844
          ],
          [
            -2.1909468,
            51.7847291
          ],
          [
            -2.1902417,
            51.7843047
          ],
          [
            -2.1900874,
            51.7841598
          ]
        ]
      },
      "id": "way/84034360"
    },
    {
      "type": "Feature",
      "properties": {
        "@id": "way/84049060",
        "highway": "footway",
        "name": "Prospect Terrace"
      },
      "geometry": {
        "type": "LineString",
        "coordinates": [
          [
            -2.192182,
            51.7855904
          ],
          [
            -2.1923519,
            51.785429
          ]
        ]
      },
      "id": "way/84049060"
    },
    {
      "type": "Feature",
      "properties": {
        "@id": "way/84050507",
        "highway": "footway",
        "name": "Tibbiwell Gardens"
      },
      "geometry": {
        "type": "LineString",
        "coordinates": [
          [
            -2.1923519,
            51.785429
          ],
          [
            -2.1926065,
            51.7852769
          ],
          [
            -2.1927392,
            51.7852426
          ]
        ]
      },
      "id": "way/84050507"
    },
    {
      "type": "Feature",
      "properties": {
        "@id": "way/84114900",
        "highway": "unclassified",
        "maxspeed": "20 mph",
        "maxspeed:type": "GB:zone20",
        "name": "Butt Green"
      },
      "geometry": {
        "type": "LineString",
        "coordinates": [
          [
            -2.1965133,
            51.7897927
          ],
          [
            -2.1957268,
            51.7895674
          ],
          [
            -2.1954478,
            51.7894546
          ],
          [
            -2.1948264,
            51.7890861
          ]
        ]
      },
      "id": "way/84114900"
    },
    {
      "type": "Feature",
      "properties": {
        "@id": "way/84197963",
        "highway": "unclassified",
        "maxspeed": "20 mph",
        "name": "Blakewell Mead"
      },
      "geometry": {
        "type": "LineString",
        "coordinates": [
          [
            -2.1999108,
            51.7874778
          ],
          [
            -2.2001693,
            51.7871615
          ],
          [
            -2.2005056,
            51.7864516
          ]
        ]
      },
      "id": "way/84197963"
    },
    {
      "type": "Feature",
      "properties": {
        "@id": "way/84197981",
        "highway": "unclassified",
        "maxspeed": "20 mph",
        "name": "Hambutts Drive"
      },
      "geometry": {
        "type": "LineString",
        "coordinates": [
          [
            -2.1983441,
            51.7873096
          ],
          [
            -2.198471,
            51.7869894
          ],
          [
            -2.1990878,
            51.7861434
          ]
        ]
      },
      "id": "way/84197981"
    },
    {
      "type": "Feature",
      "properties": {
        "@id": "way/84573498",
        "highway": "residential",
        "maxspeed": "20 mph",
        "maxspeed:type": "GB:zone20",
        "name": "Churchill Way"
      },
      "geometry": {
        "type": "LineString",
        "coordinates": [
          [
            -2.1976933,
            51.7868852
          ],
          [
            -2.1974569,
            51.7874112
          ],
          [
            -2.1974172,
            51.7875218
          ],
          [
            -2.1973756,
            51.7876061
          ],
          [
            -2.1973096,
            51.7877065
          ],
          [
            -2.1972358,
            51.7877795
          ],
          [
            -2.1971421,
            51.7878484
          ],
          [
            -2.1970314,
            51.7878969
          ],
          [
            -2.1968813,
            51.7879551
          ],
          [
            -2.1967641,
            51.7879789
          ],
          [
            -2.196687,
            51.7879973
          ],
          [
            -2.1965685,
            51.7880256
          ],
          [
            -2.1961613,
            51.7881018
          ],
          [
            -2.1961105,
            51.7881159
          ],
          [
            -2.1956545,
            51.7881745
          ],
          [
            -2.195325,
            51.7882407
          ],
          [
            -2.1950666,
            51.7883122
          ],
          [
            -2.1944471,
            51.7884987
          ]
        ]
      },
      "id": "way/84573498"
    },
    {
      "type": "Feature",
      "properties": {
        "@id": "way/84573504",
        "highway": "residential",
        "name": "Hambutts Mead"
      },
      "geometry": {
        "type": "LineString",
        "coordinates": [
          [
            -2.1993806,
            51.7872696
          ],
          [
            -2.1992733,
            51.7873559
          ],
          [
            -2.1992196,
            51.7874753
          ],
          [
            -2.1991445,
            51.7876213
          ],
          [
            -2.1990803,
            51.787687
          ],
          [
            -2.1990051,
            51.7877275
          ],
          [
            -2.1989129,
            51.7877515
          ],
          [
            -2.1988119,
            51.7877607
          ],
          [
            -2.1985759,
            51.7877408
          ],
          [
            -2.1983873,
            51.7877171
          ],
          [
            -2.1980533,
            51.7877113
          ],
          [
            -2.1977136,
            51.7877142
          ],
          [
            -2.1975796,
            51.7877241
          ],
          [
            -2.197434,
            51.7877424
          ],
          [
            -2.1973096,
            51.7877065
          ]
        ]
      },
      "id": "way/84573504"
    },
    {
      "type": "Feature",
      "properties": {
        "@id": "way/84573534",
        "highway": "residential",
        "name": "Ashwell"
      },
      "geometry": {
        "type": "LineString",
        "coordinates": [
          [
            -2.1964731,
            51.7867641
          ],
          [
            -2.1960117,
            51.7868039
          ],
          [
            -2.1959031,
            51.7868403
          ],
          [
            -2.1958522,
            51.7868716
          ],
          [
            -2.1957154,
            51.7869907
          ],
          [
            -2.1956569,
            51.7870933
          ],
          [
            -2.1956213,
            51.7871997
          ],
          [
            -2.1962821,
            51.7871451
          ]
        ]
      },
      "id": "way/84573534"
    },
    {
      "type": "Feature",
      "properties": {
        "@id": "way/84573568",
        "highway": "residential",
        "name": "Berry Close"
      },
      "geometry": {
        "type": "LineString",
        "coordinates": [
          [
            -2.1968378,
            51.7875384
          ],
          [
            -2.1965804,
            51.7876048
          ],
          [
            -2.1964731,
            51.7876943
          ],
          [
            -2.1964838,
            51.7877939
          ],
          [
            -2.1965685,
            51.7880256
          ]
        ]
      },
      "id": "way/84573568"
    },
    {
      "type": "Feature",
      "properties": {
        "@id": "way/84573586",
        "highway": "residential",
        "name": "The Croft"
      },
      "geometry": {
        "type": "LineString",
        "coordinates": [
          [
            -2.1961941,
            51.7889686
          ],
          [
            -2.196119,
            51.7888624
          ],
          [
            -2.1960868,
            51.7887695
          ],
          [
            -2.1960654,
            51.7886766
          ],
          [
            -2.1960546,
            51.7885637
          ],
          [
            -2.1960976,
            51.7884841
          ],
          [
            -2.1961405,
            51.7884111
          ],
          [
            -2.1961619,
            51.7883248
          ],
          [
            -2.1961512,
            51.7882385
          ],
          [
            -2.1961105,
            51.7881159
          ]
        ]
      },
      "id": "way/84573586"
    },
    {
      "type": "Feature",
      "properties": {
        "@id": "way/84573633",
        "highway": "residential",
        "name": "Kingsmead"
      },
      "geometry": {
        "type": "LineString",
        "coordinates": [
          [
            -2.2009452,
            51.7853171
          ],
          [
            -2.2009761,
            51.7857236
          ],
          [
            -2.2009809,
            51.7857874
          ],
          [
            -2.200996,
            51.7859514
          ],
          [
            -2.2009806,
            51.7860343
          ],
          [
            -2.2009439,
            51.786117
          ],
          [
            -2.2008455,
            51.7861892
          ],
          [
            -2.2007002,
            51.7862675
          ],
          [
            -2.2005485,
            51.7863216
          ],
          [
            -2.2004105,
            51.7863471
          ],
          [
            -2.20013,
            51.7863836
          ]
        ]
      },
      "id": "way/84573633"
    },
    {
      "type": "Feature",
      "properties": {
        "@id": "way/84573811",
        "highway": "unclassified",
        "lanes": "1",
        "lit": "yes",
        "maxspeed": "20 mph",
        "name": "Lower Washwell Lane"
      },
      "geometry": {
        "type": "LineString",
        "coordinates": [
          [
            -2.1925723,
            51.788251
          ],
          [
            -2.192406,
            51.7882157
          ],
          [
            -2.1922461,
            51.7881797
          ],
          [
            -2.1920228,
            51.7881361
          ],
          [
            -2.1918803,
            51.7881461
          ],
          [
            -2.1917222,
            51.7882069
          ],
          [
            -2.1916976,
            51.7882213
          ],
          [
            -2.1916177,
            51.788268
          ],
          [
            -2.1914999,
            51.7883226
          ],
          [
            -2.1913465,
            51.7883124
          ],
          [
            -2.1911235,
            51.7882566
          ],
          [
            -2.1904584,
            51.7880845
          ],
          [
            -2.1898095,
            51.7879054
          ],
          [
            -2.1897052,
            51.7879083
          ],
          [
            -2.1896087,
            51.7879614
          ],
          [
            -2.1895443,
            51.7880676
          ],
          [
            -2.1894906,
            51.7882136
          ],
          [
            -2.1893834,
            51.7883106
          ],
          [
            -2.1892735,
            51.7883309
          ],
          [
            -2.1891895,
            51.7883094
          ],
          [
            -2.1889433,
            51.7882092
          ],
          [
            -2.1882782,
            51.7879558
          ],
          [
            -2.1882282,
            51.7879034
          ],
          [
            -2.1882172,
            51.7878121
          ],
          [
            -2.188242,
            51.7876939
          ],
          [
            -2.188302,
            51.7875996
          ],
          [
            -2.188343,
            51.7875499
          ],
          [
            -2.1884259,
            51.7875082
          ],
          [
            -2.1884327,
            51.7874417
          ],
          [
            -2.1883592,
            51.7872842
          ],
          [
            -2.1883127,
            51.7870735
          ],
          [
            -2.1883539,
            51.7869697
          ],
          [
            -2.188425,
            51.7868432
          ]
        ]
      },
      "id": "way/84573811"
    },
    {
      "type": "Feature",
      "properties": {
        "@id": "way/84575253",
        "highway": "residential",
        "maxspeed": "20 mph",
        "name": "Court Orchard",
        "not:name": "Orchard Court"
      },
      "geometry": {
        "type": "LineString",
        "coordinates": [
          [
            -2.1958243,
            51.7843451
          ],
          [
            -2.1957484,
            51.7842705
          ],
          [
            -2.1964656,
            51.7839043
          ],
          [
            -2.1966795,
            51.7837951
          ]
        ]
      },
      "id": "way/84575253"
    },
    {
      "type": "Feature",
      "properties": {
        "@id": "way/84575255",
        "highway": "unclassified",
        "name": "Castle Close"
      },
      "geometry": {
        "type": "LineString",
        "coordinates": [
          [
            -2.1960205,
            51.7833453
          ],
          [
            -2.1958001,
            51.7833701
          ],
          [
            -2.1957488,
            51.783392
          ],
          [
            -2.1957231,
            51.7834318
          ],
          [
            -2.1958381,
            51.783761
          ],
          [
            -2.1965125,
            51.7837017
          ]
        ]
      },
      "id": "way/84575255"
    },
    {
      "type": "Feature",
      "properties": {
        "@id": "way/84575636",
        "highway": "residential",
        "maxspeed": "20 mph",
        "maxspeed:type": "GB:zone20",
        "name": "St Mary's Street",
        "surface": "asphalt"
      },
      "geometry": {
        "type": "LineString",
        "coordinates": [
          [
            -2.1938153,
            51.7856088
          ],
          [
            -2.1939256,
            51.7854454
          ],
          [
            -2.1940129,
            51.7853161
          ],
          [
            -2.1941829,
            51.7851146
          ],
          [
            -2.1942003,
            51.7850662
          ]
        ]
      },
      "id": "way/84575636"
    },
    {
      "type": "Feature",
      "properties": {
        "@id": "way/86942071",
        "highway": "residential",
        "maxspeed": "20 mph",
        "name": "Queensmead",
        "source": "OS Opendata Streetview",
        "source:name": "OS_OpenData_Locator"
      },
      "geometry": {
        "type": "LineString",
        "coordinates": [
          [
            -2.1980865,
            51.7817862
          ],
          [
            -2.1977779,
            51.7816054
          ],
          [
            -2.1972936,
            51.7813623
          ]
        ]
      },
      "id": "way/86942071"
    },
    {
      "type": "Feature",
      "properties": {
        "@id": "way/86942072",
        "highway": "residential",
        "maxspeed": "20 mph",
        "name": "Queensmead",
        "source": "OS Opendata Streetview",
        "source:name": "OS_OpenData_Locator"
      },
      "geometry": {
        "type": "LineString",
        "coordinates": [
          [
            -2.1981114,
            51.7813602
          ],
          [
            -2.1977779,
            51.7816054
          ]
        ]
      },
      "id": "way/86942072"
    },
    {
      "type": "Feature",
      "properties": {
        "@id": "way/86942077",
        "highway": "residential",
        "name": "Richmond Village",
        "source": "OS Opendata Streetview",
        "source:name": "Companies House Open Data"
      },
      "geometry": {
        "type": "LineString",
        "coordinates": [
          [
            -2.200032,
            51.7821591
          ],
          [
            -2.1998617,
            51.7820753
          ],
          [
            -2.1997076,
            51.7820097
          ],
          [
            -2.1995889,
            51.7820177
          ],
          [
            -2.1994885,
            51.7820683
          ],
          [
            -2.1994747,
            51.7821563
          ],
          [
            -2.1995477,
            51.782242
          ],
          [
            -2.1996041,
            51.7823082
          ],
          [
            -2.1996958,
            51.7823703
          ],
          [
            -2.1997289,
            51.7824165
          ],
          [
            -2.1999001,
            51.7826557
          ]
        ]
      },
      "id": "way/86942077"
    },
    {
      "type": "Feature",
      "properties": {
        "@id": "way/86942082",
        "highway": "residential",
        "source": "OS Opendata Streetview"
      },
      "geometry": {
        "type": "LineString",
        "coordinates": [
          [
            -2.1894445,
            51.7889006
          ],
          [
            -2.1892919,
            51.7888434
          ],
          [
            -2.1891667,
            51.7887586
          ],
          [
            -2.1890922,
            51.7886462
          ],
          [
            -2.1890839,
            51.7886337
          ],
          [
            -2.1890848,
            51.7885127
          ],
          [
            -2.1891424,
            51.788391
          ],
          [
            -2.1891895,
            51.7883094
          ]
        ]
      },
      "id": "way/86942082"
    },
    {
      "type": "Feature",
      "properties": {
        "@id": "way/86942091",
        "highway": "residential",
        "name": "Cotswold Mead",
        "source": "OS Opendata Streetview",
        "surface": "asphalt"
      },
      "geometry": {
        "type": "LineString",
        "coordinates": [
          [
            -2.1988756,
            51.7810328
          ],
          [
            -2.2000591,
            51.7812373
          ],
          [
            -2.2001175,
            51.7812483
          ],
          [
            -2.2001733,
            51.7812635
          ],
          [
            -2.2002314,
            51.7812851
          ],
          [
            -2.2002845,
            51.7813112
          ],
          [
            -2.2004468,
            51.7814128
          ],
          [
            -2.2013578,
            51.7820702
          ]
        ]
      },
      "id": "way/86942091"
    },
    {
      "type": "Feature",
      "properties": {
        "@id": "way/105614013",
        "highway": "residential",
        "name": "George Court",
        "source:name": "OS_OpenData_Locator",
        "source:track": "Bing"
      },
      "geometry": {
        "type": "LineString",
        "coordinates": [
          [
            -2.1943109,
            51.7858066
          ],
          [
            -2.1940452,
            51.7860126
          ]
        ]
      },
      "id": "way/105614013"
    },
    {
      "type": "Feature",
      "properties": {
        "@id": "way/105614018",
        "highway": "residential",
        "name": "St Mary's Mead",
        "source:name": "OS_OpenData_Locator",
        "source:track": "Bing"
      },
      "geometry": {
        "type": "LineString",
        "coordinates": [
          [
            -2.1976305,
            51.7834776
          ],
          [
            -2.1973024,
            51.7833272
          ],
          [
            -2.1972714,
            51.7832947
          ],
          [
            -2.1973,
            51.7832737
          ],
          [
            -2.1974718,
            51.7831343
          ]
        ]
      },
      "id": "way/105614018"
    },
    {
      "type": "Feature",
      "properties": {
        "@id": "way/105614019",
        "highway": "primary",
        "lanes": "2",
        "maxspeed": "40 mph",
        "name": "Stroud Road",
        "ref": "A46",
        "source:name": "OS_OpenData_Locator",
        "surface": "asphalt"
      },
      "geometry": {
        "type": "LineString",
        "coordinates": [
          [
            -2.212202,
            51.7740932
          ],
          [
            -2.2120897,
            51.7742081
          ],
          [
            -2.2119586,
            51.7743151
          ],
          [
            -2.2116895,
            51.7744917
          ],
          [
            -2.2108619,
            51.7749947
          ],
          [
            -2.2101757,
            51.7754644
          ],
          [
            -2.2075538,
            51.7774176
          ],
          [
            -2.206899,
            51.7779365
          ],
          [
            -2.2065947,
            51.7782376
          ],
          [
            -2.2063295,
            51.7785853
          ],
          [
            -2.2060806,
            51.7789117
          ],
          [
            -2.2057707,
            51.7792932
          ],
          [
            -2.2054656,
            51.7796881
          ],
          [
            -2.204654,
            51.7803371
          ],
          [
            -2.2045385,
            51.7804079
          ],
          [
            -2.2042521,
            51.7805883
          ],
          [
            -2.2038577,
            51.7808167
          ],
          [
            -2.2035342,
            51.7809824
          ],
          [
            -2.2031605,
            51.7811737
          ],
          [
            -2.2027285,
            51.7813953
          ],
          [
            -2.2022197,
            51.7816455
          ]
        ]
      },
      "id": "way/105614019"
    },
    {
      "type": "Feature",
      "properties": {
        "@id": "way/105614021",
        "cycleway:both": "no",
        "highway": "primary",
        "lanes": "2",
        "maxspeed": "20 mph",
        "maxspeed:type": "GB:zone20",
        "name": "Stroud Road",
        "ref": "A46",
        "sidewalk": "both",
        "smoothness": "excellent",
        "source:name": "OS_OpenData_Locator",
        "surface": "asphalt"
      },
      "geometry": {
        "type": "LineString",
        "coordinates": [
          [
            -2.1971402,
            51.7839142
          ],
          [
            -2.1970614,
            51.7839913
          ],
          [
            -2.1969637,
            51.7840834
          ],
          [
            -2.1967551,
            51.78435
          ],
          [
            -2.196651,
            51.7844923
          ],
          [
            -2.1965442,
            51.7846382
          ],
          [
            -2.1962748,
            51.7850022
          ],
          [
            -2.1960817,
            51.7852786
          ]
        ]
      },
      "id": "way/105614021"
    },
    {
      "type": "Feature",
      "properties": {
        "@id": "way/105614023",
        "highway": "unclassified",
        "lanes": "1",
        "maxspeed": "20 mph",
        "name": "Stepping Stone Lane",
        "source:name": "OS_OpenData_Locator"
      },
      "geometry": {
        "type": "LineString",
        "coordinates": [
          [
            -2.1976711,
            51.7809192
          ],
          [
            -2.1977112,
            51.7808808
          ],
          [
            -2.1981226,
            51.7804234
          ],
          [
            -2.1981796,
            51.7803258
          ],
          [
            -2.1981904,
            51.7802805
          ],
          [
            -2.198261,
            51.779985
          ],
          [
            -2.1982998,
            51.7798643
          ],
          [
            -2.1983377,
            51.7797972
          ],
          [
            -2.1984409,
            51.7796043
          ],
          [
            -2.1984652,
            51.7795278
          ]
        ]
      },
      "id": "way/105614023"
    },
    {
      "type": "Feature",
      "properties": {
        "@id": "way/105614025",
        "highway": "residential",
        "name": "Hale Lane",
        "source:name": "OS_OpenData_Locator",
        "source:track": "Bing"
      },
      "geometry": {
        "type": "LineString",
        "coordinates": [
          [
            -2.1942003,
            51.7850662
          ],
          [
            -2.1941842,
            51.7850257
          ],
          [
            -2.1939596,
            51.7845739
          ],
          [
            -2.1939021,
            51.7844582
          ]
        ]
      },
      "id": "way/105614025"
    },
    {
      "type": "Feature",
      "properties": {
        "@id": "way/106294163",
        "highway": "residential",
        "name": "The Churn",
        "source:name": "OS_OpenData_Locator",
        "source:track": "Bing"
      },
      "geometry": {
        "type": "LineString",
        "coordinates": [
          [
            -2.1939021,
            51.7844582
          ],
          [
            -2.193838,
            51.7843377
          ]
        ]
      },
      "id": "way/106294163"
    },
    {
      "type": "Feature",
      "properties": {
        "@id": "way/106294164",
        "highway": "residential",
        "name": "Kingsmill Lane",
        "not:name": "King's Mill Lane",
        "note": "There's a street name sign at the junction of this road and Stamages Lane that shows that Kingsmill is all one word.",
        "source": "survey"
      },
      "geometry": {
        "type": "LineString",
        "coordinates": [
          [
            -2.1976711,
            51.7809192
          ],
          [
            -2.1974364,
            51.7808736
          ],
          [
            -2.197008,
            51.780913
          ],
          [
            -2.1965563,
            51.7809955
          ],
          [
            -2.1961096,
            51.7811088
          ],
          [
            -2.1958961,
            51.7811892
          ],
          [
            -2.1956604,
            51.781283
          ],
          [
            -2.195609,
            51.7813008
          ],
          [
            -2.1954372,
            51.7813605
          ],
          [
            -2.1951499,
            51.7814107
          ],
          [
            -2.1948375,
            51.7814523
          ],
          [
            -2.194546,
            51.7815074
          ],
          [
            -2.1937167,
            51.7818373
          ]
        ]
      },
      "id": "way/106294164"
    },
    {
      "type": "Feature",
      "properties": {
        "@id": "way/106294166",
        "highway": "residential",
        "name": "Hyett Close"
      },
      "geometry": {
        "type": "LineString",
        "coordinates": [
          [
            -2.1956213,
            51.7871997
          ],
          [
            -2.1956198,
            51.7873094
          ],
          [
            -2.1956181,
            51.7874379
          ],
          [
            -2.1956148,
            51.7876877
          ],
          [
            -2.1956148,
            51.7878271
          ],
          [
            -2.1956148,
            51.7879731
          ],
          [
            -2.1956545,
            51.7881745
          ]
        ]
      },
      "id": "way/106294166"
    },
    {
      "type": "Feature",
      "properties": {
        "@id": "way/111511476",
        "highway": "footway",
        "source": "survey",
        "surface": "asphalt"
      },
      "geometry": {
        "type": "LineString",
        "coordinates": [
          [
            -2.1955208,
            51.7855508
          ],
          [
            -2.195395,
            51.7854788
          ],
          [
            -2.1952282,
            51.7854087
          ],
          [
            -2.1951532,
            51.785379
          ],
          [
            -2.1951322,
            51.7851862
          ]
        ]
      },
      "id": "way/111511476"
    },
    {
      "type": "Feature",
      "properties": {
        "@id": "way/111511477",
        "highway": "footway",
        "source": "survey",
        "surface": "asphalt"
      },
      "geometry": {
        "type": "LineString",
        "coordinates": [
          [
            -2.1940227,
            51.7854301
          ],
          [
            -2.1941071,
            51.7854461
          ],
          [
            -2.1947877,
            51.7858751
          ],
          [
            -2.1947744,
            51.7858303
          ]
        ]
      },
      "id": "way/111511477"
    },
    {
      "type": "Feature",
      "properties": {
        "@id": "way/111511478",
        "highway": "footway",
        "source": "survey",
        "surface": "asphalt"
      },
      "geometry": {
        "type": "LineString",
        "coordinates": [
          [
            -2.1947744,
            51.7858303
          ],
          [
            -2.195395,
            51.7854788
          ],
          [
            -2.1956914,
            51.785313
          ],
          [
            -2.1957235,
            51.7852851
          ]
        ]
      },
      "id": "way/111511478"
    },
    {
      "type": "Feature",
      "properties": {
        "@id": "way/111511479",
        "highway": "footway",
        "source": "survey"
      },
      "geometry": {
        "type": "LineString",
        "coordinates": [
          [
            -2.1951172,
            51.7859794
          ],
          [
            -2.1949516,
            51.7859136
          ],
          [
            -2.1948298,
            51.7858453
          ],
          [
            -2.1947877,
            51.7858751
          ],
          [
            -2.1947335,
            51.7859121
          ]
        ]
      },
      "id": "way/111511479"
    },
    {
      "type": "Feature",
      "properties": {
        "@id": "way/111511480",
        "highway": "footway",
        "lit": "no",
        "smoothness": "intermediate",
        "source": "Bing",
        "surface": "paving_stones"
      },
      "geometry": {
        "type": "LineString",
        "coordinates": [
          [
            -2.1960817,
            51.7852786
          ],
          [
            -2.1959605,
            51.7852463
          ],
          [
            -2.1959298,
            51.7852451
          ],
          [
            -2.1958764,
            51.7852431
          ],
          [
            -2.1951322,
            51.7851862
          ],
          [
            -2.1949545,
            51.7851734
          ],
          [
            -2.1948414,
            51.7851653
          ],
          [
            -2.1946891,
            51.7851679
          ],
          [
            -2.1945712,
            51.7851801
          ],
          [
            -2.1945522,
            51.785182
          ],
          [
            -2.1943805,
            51.7852102
          ],
          [
            -2.1942593,
            51.7852674
          ],
          [
            -2.19415,
            51.7853372
          ],
          [
            -2.1940227,
            51.7854301
          ],
          [
            -2.1939256,
            51.7854454
          ]
        ]
      },
      "id": "way/111511480"
    },
    {
      "type": "Feature",
      "properties": {
        "@id": "way/111511481",
        "highway": "footway",
        "source": "Bing",
        "surface": "asphalt"
      },
      "geometry": {
        "type": "LineString",
        "coordinates": [
          [
            -2.1947744,
            51.7858303
          ],
          [
            -2.1945266,
            51.7854246
          ],
          [
            -2.1944668,
            51.7853091
          ],
          [
            -2.1943805,
            51.7852102
          ],
          [
            -2.1942003,
            51.7850662
          ]
        ]
      },
      "id": "way/111511481"
    },
    {
      "type": "Feature",
      "properties": {
        "@id": "way/120299130",
        "highway": "residential",
        "maxspeed": "20 mph",
        "name": "Court Orchard"
      },
      "geometry": {
        "type": "LineString",
        "coordinates": [
          [
            -2.1957484,
            51.7842705
          ],
          [
            -2.1956778,
            51.7842067
          ]
        ]
      },
      "id": "way/120299130"
    },
    {
      "type": "Feature",
      "properties": {
        "@id": "way/120673630",
        "highway": "residential",
        "name": "Kingsmill Lane",
        "source": "survey"
      },
      "geometry": {
        "type": "LineString",
        "coordinates": [
          [
            -2.1937167,
            51.7818373
          ],
          [
            -2.1933917,
            51.781866
          ],
          [
            -2.1929796,
            51.7818893
          ],
          [
            -2.192776,
            51.7819608
          ],
          [
            -2.1922353,
            51.7821611
          ],
          [
            -2.1920518,
            51.7822238
          ],
          [
            -2.1918704,
            51.7823166
          ],
          [
            -2.1917781,
            51.782466
          ],
          [
            -2.1916579,
            51.782614
          ],
          [
            -2.1914498,
            51.7828703
          ],
          [
            -2.191375,
            51.7829326
          ],
          [
            -2.1912021,
            51.7830551
          ],
          [
            -2.1909487,
            51.7832072
          ],
          [
            -2.1908132,
            51.7833189
          ],
          [
            -2.1907949,
            51.7833351
          ],
          [
            -2.1905764,
            51.783528
          ],
          [
            -2.1904574,
            51.7836717
          ],
          [
            -2.1903962,
            51.7837457
          ],
          [
            -2.1900874,
            51.7841598
          ]
        ]
      },
      "id": "way/120673630"
    },
    {
      "type": "Feature",
      "properties": {
        "@id": "way/171797077",
        "waterway": "stream"
      },
      "geometry": {
        "type": "LineString",
        "coordinates": [
          [
            -2.1940016,
            51.7808427
          ],
          [
            -2.1940075,
            51.7806947
          ],
          [
            -2.1939216,
            51.7805421
          ],
          [
            -2.193868,
            51.7803429
          ],
          [
            -2.1937178,
            51.7800442
          ],
          [
            -2.1936862,
            51.7797459
          ],
          [
            -2.1936749,
            51.7796393
          ],
          [
            -2.1936749,
            51.7793539
          ],
          [
            -2.1934925,
            51.7783449
          ],
          [
            -2.1934281,
            51.7782653
          ],
          [
            -2.1933745,
            51.7780728
          ],
          [
            -2.1934066,
            51.7779599
          ],
          [
            -2.1932672,
            51.7777143
          ],
          [
            -2.1933101,
            51.7776811
          ],
          [
            -2.1932457,
            51.7775019
          ],
          [
            -2.1932994,
            51.7773492
          ],
          [
            -2.1931921,
            51.7772563
          ],
          [
            -2.1931813,
            51.7770837
          ],
          [
            -2.1929131,
            51.7769177
          ],
          [
            -2.1924518,
            51.7765526
          ],
          [
            -2.1919583,
            51.7758822
          ],
          [
            -2.1919797,
            51.7757959
          ],
          [
            -2.191969,
            51.7756366
          ],
          [
            -2.1917759,
            51.7755834
          ],
          [
            -2.1916793,
            51.7754507
          ],
          [
            -2.1915613,
            51.7752515
          ]
        ]
      },
      "id": "way/171797077"
    },
    {
      "type": "Feature",
      "properties": {
        "@id": "way/180893456",
        "highway": "service",
        "service": "driveway"
      },
      "geometry": {
        "type": "LineString",
        "coordinates": [
          [
            -2.1922861,
            51.7851738
          ],
          [
            -2.1920704,
            51.7851838
          ],
          [
            -2.1918812,
            51.7852329
          ],
          [
            -2.1917286,
            51.7853821
          ],
          [
            -2.1916421,
            51.7854721
          ]
        ]
      },
      "id": "way/180893456"
    },
    {
      "type": "Feature",
      "properties": {
        "@id": "way/207782931",
        "highway": "unclassified",
        "name": "Vicarage Street",
        "source:name": "OS OpenData StreetView"
      },
      "geometry": {
        "type": "LineString",
        "coordinates": [
          [
            -2.1889406,
            51.7866318
          ],
          [
            -2.1882882,
            51.7867035
          ],
          [
            -2.1881056,
            51.786711
          ],
          [
            -2.1878644,
            51.786664
          ],
          [
            -2.187533,
            51.7865554
          ],
          [
            -2.1866493,
            51.7862525
          ],
          [
            -2.1864848,
            51.7862294
          ],
          [
            -2.1863387,
            51.7862417
          ],
          [
            -2.1855221,
            51.7865219
          ],
          [
            -2.1853608,
            51.7865496
          ],
          [
            -2.1851704,
            51.7865061
          ],
          [
            -2.1849199,
            51.7863516
          ]
        ]
      },
      "id": "way/207782931"
    },
    {
      "type": "Feature",
      "properties": {
        "@id": "way/207813014",
        "highway": "service"
      },
      "geometry": {
        "type": "LineString",
        "coordinates": [
          [
            -2.1879384,
            51.7883058
          ],
          [
            -2.1882782,
            51.7879558
          ]
        ]
      },
      "id": "way/207813014"
    },
    {
      "type": "Feature",
      "properties": {
        "@id": "way/207813015",
        "highway": "footway"
      },
      "geometry": {
        "type": "LineString",
        "coordinates": [
          [
            -2.1913544,
            51.7871014
          ],
          [
            -2.1914829,
            51.7869561
          ],
          [
            -2.1916184,
            51.7867678
          ],
          [
            -2.1918429,
            51.7865537
          ],
          [
            -2.1919108,
            51.786489
          ],
          [
            -2.1921307,
            51.786251
          ],
          [
            -2.1921615,
            51.7862319
          ],
          [
            -2.1922822,
            51.7861912
          ],
          [
            -2.1924593,
            51.7861813
          ],
          [
            -2.1924834,
            51.7861945
          ],
          [
            -2.1926283,
            51.7861273
          ],
          [
            -2.1926743,
            51.7860907
          ]
        ]
      },
      "id": "way/207813015"
    },
    {
      "type": "Feature",
      "properties": {
        "@id": "way/207813016",
        "highway": "footway"
      },
      "geometry": {
        "type": "LineString",
        "coordinates": [
          [
            -2.1928694,
            51.7875548
          ],
          [
            -2.1925211,
            51.7874942
          ],
          [
            -2.1919788,
            51.78739
          ]
        ]
      },
      "id": "way/207813016"
    },
    {
      "type": "Feature",
      "properties": {
        "@id": "way/207870155",
        "highway": "service"
      },
      "geometry": {
        "type": "LineString",
        "coordinates": [
          [
            -2.1965706,
            51.7839682
          ],
          [
            -2.1964656,
            51.7839043
          ]
        ]
      },
      "id": "way/207870155"
    },
    {
      "type": "Feature",
      "properties": {
        "@id": "way/207871861",
        "highway": "footway",
        "source": "Bing",
        "surface": "paving_stones"
      },
      "geometry": {
        "type": "LineString",
        "coordinates": [
          [
            -2.1950586,
            51.7858437
          ],
          [
            -2.1955208,
            51.7855508
          ]
        ]
      },
      "id": "way/207871861"
    },
    {
      "type": "Feature",
      "properties": {
        "@id": "way/207871864",
        "highway": "footway",
        "surface": "paving_stones"
      },
      "geometry": {
        "type": "LineString",
        "coordinates": [
          [
            -2.1950891,
            51.7858635
          ],
          [
            -2.1950586,
            51.7858437
          ],
          [
            -2.1950308,
            51.7858258
          ],
          [
            -2.1949809,
            51.7858553
          ],
          [
            -2.1950136,
            51.7858764
          ],
          [
            -2.1950393,
            51.785893
          ],
          [
            -2.1950891,
            51.7858635
          ]
        ]
      },
      "id": "way/207871864"
    },
    {
      "type": "Feature",
      "properties": {
        "@id": "way/208047666",
        "highway": "footway",
        "source": "survey",
        "surface": "asphalt"
      },
      "geometry": {
        "type": "LineString",
        "coordinates": [
          [
            -2.1958764,
            51.7852431
          ],
          [
            -2.1957235,
            51.7852851
          ]
        ]
      },
      "id": "way/208047666"
    },
    {
      "type": "Feature",
      "properties": {
        "@id": "way/208047667",
        "highway": "footway",
        "source": "survey",
        "surface": "asphalt"
      },
      "geometry": {
        "type": "LineString",
        "coordinates": [
          [
            -2.1957235,
            51.7852851
          ],
          [
            -2.1951532,
            51.785379
          ],
          [
            -2.1945266,
            51.7854246
          ],
          [
            -2.1942091,
            51.7854477
          ],
          [
            -2.1941071,
            51.7854461
          ]
        ]
      },
      "id": "way/208047667"
    },
    {
      "type": "Feature",
      "properties": {
        "@id": "way/208047668",
        "barrier": "hedge"
      },
      "geometry": {
        "type": "LineString",
        "coordinates": [
          [
            -2.1949807,
            51.7858855
          ],
          [
            -2.1949287,
            51.7858537
          ],
          [
            -2.1950249,
            51.7857972
          ],
          [
            -2.1950423,
            51.7858079
          ]
        ]
      },
      "id": "way/208047668"
    },
    {
      "type": "Feature",
      "properties": {
        "@id": "way/208047669",
        "highway": "footway",
        "surface": "asphalt"
      },
      "geometry": {
        "type": "LineString",
        "coordinates": [
          [
            -2.1957716,
            51.7848612
          ],
          [
            -2.1957329,
            51.7849128
          ],
          [
            -2.1959298,
            51.7852451
          ]
        ]
      },
      "id": "way/208047669"
    },
    {
      "type": "Feature",
      "properties": {
        "@id": "way/208092743",
        "highway": "footway"
      },
      "geometry": {
        "type": "LineString",
        "coordinates": [
          [
            -2.1926174,
            51.7901905
          ],
          [
            -2.1925676,
            51.7901553
          ],
          [
            -2.1920704,
            51.7899047
          ],
          [
            -2.1916365,
            51.7897156
          ]
        ]
      },
      "id": "way/208092743"
    },
    {
      "type": "Feature",
      "properties": {
        "@id": "way/208134480",
        "barrier": "hedge"
      },
      "geometry": {
        "type": "LineString",
        "coordinates": [
          [
            -2.1916746,
            51.7897715
          ],
          [
            -2.1920514,
            51.7899258
          ],
          [
            -2.1921044,
            51.7899556
          ]
        ]
      },
      "id": "way/208134480"
    },
    {
      "type": "Feature",
      "properties": {
        "@id": "way/208142976",
        "highway": "primary",
        "maxspeed": "30 mph",
        "name": "Cheltenham Road",
        "ref": "A46",
        "source:name": "OS_OpenData_Locator",
        "surface": "asphalt"
      },
      "geometry": {
        "type": "LineString",
        "coordinates": [
          [
            -2.1922059,
            51.7890461
          ],
          [
            -2.1921159,
            51.7891747
          ],
          [
            -2.1916365,
            51.7897156
          ],
          [
            -2.1915114,
            51.7898567
          ],
          [
            -2.1909548,
            51.7906067
          ],
          [
            -2.1908913,
            51.790686
          ]
        ]
      },
      "id": "way/208142976"
    },
    {
      "type": "Feature",
      "properties": {
        "@id": "way/208142979",
        "highway": "primary",
        "lanes": "2",
        "maxspeed": "30 mph",
        "name": "Stroud Road",
        "ref": "A46",
        "source:name": "OS_OpenData_Locator",
        "surface": "asphalt"
      },
      "geometry": {
        "type": "LineString",
        "coordinates": [
          [
            -2.2022197,
            51.7816455
          ],
          [
            -2.2020332,
            51.781737
          ],
          [
            -2.2015803,
            51.7819594
          ],
          [
            -2.2013578,
            51.7820702
          ],
          [
            -2.2007115,
            51.782389
          ],
          [
            -2.2004231,
            51.7825163
          ],
          [
            -2.2002701,
            51.782582
          ],
          [
            -2.2000584,
            51.7826354
          ],
          [
            -2.1999001,
            51.7826557
          ],
          [
            -2.1997926,
            51.7826671
          ],
          [
            -2.1993895,
            51.782712
          ],
          [
            -2.1990015,
            51.7827507
          ],
          [
            -2.1988007,
            51.782782
          ],
          [
            -2.1986095,
            51.7828185
          ],
          [
            -2.1984542,
            51.7828706
          ],
          [
            -2.1983262,
            51.7829261
          ],
          [
            -2.1981995,
            51.7830047
          ],
          [
            -2.1980048,
            51.7831688
          ],
          [
            -2.1976305,
            51.7834776
          ],
          [
            -2.1971402,
            51.7839142
          ]
        ]
      },
      "id": "way/208142979"
    },
    {
      "type": "Feature",
      "properties": {
        "@id": "way/210112940",
        "highway": "footway"
      },
      "geometry": {
        "type": "LineString",
        "coordinates": [
          [
            -2.1967641,
            51.7879789
          ],
          [
            -2.1967024,
            51.7881946
          ],
          [
            -2.1966608,
            51.7883174
          ],
          [
            -2.1966421,
            51.7883867
          ],
          [
            -2.1966232,
            51.7884576
          ],
          [
            -2.1966138,
            51.7885239
          ],
          [
            -2.1966192,
            51.7886227
          ],
          [
            -2.1966313,
            51.7887202
          ],
          [
            -2.1966367,
            51.788814
          ],
          [
            -2.1966582,
            51.7889035
          ],
          [
            -2.1966849,
            51.7889918
          ],
          [
            -2.1966957,
            51.7890587
          ],
          [
            -2.1967011,
            51.7891051
          ],
          [
            -2.196693,
            51.7891416
          ],
          [
            -2.1966635,
            51.7892498
          ],
          [
            -2.1966273,
            51.7893734
          ],
          [
            -2.1965763,
            51.7895435
          ],
          [
            -2.1965495,
            51.7896554
          ],
          [
            -2.196528,
            51.7897475
          ],
          [
            -2.1965133,
            51.7897927
          ]
        ]
      },
      "id": "way/210112940"
    },
    {
      "type": "Feature",
      "properties": {
        "@id": "way/210849670",
        "barrier": "retaining_wall"
      },
      "geometry": {
        "type": "LineString",
        "coordinates": [
          [
            -2.1926656,
            51.7852541
          ],
          [
            -2.1924873,
            51.7852247
          ],
          [
            -2.1923424,
            51.7851998
          ],
          [
            -2.1922846,
            51.7851909
          ],
          [
            -2.1922392,
            51.7851869
          ],
          [
            -2.1921963,
            51.7851869
          ],
          [
            -2.1921399,
            51.785189
          ],
          [
            -2.1920903,
            51.7851923
          ],
          [
            -2.1920494,
            51.7851989
          ],
          [
            -2.1920199,
            51.785206
          ],
          [
            -2.1919998,
            51.7852135
          ],
          [
            -2.191983,
            51.7852263
          ],
          [
            -2.1919723,
            51.7852433
          ],
          [
            -2.1919647,
            51.7852577
          ],
          [
            -2.1919506,
            51.7852689
          ],
          [
            -2.1919374,
            51.7852794
          ]
        ]
      },
      "id": "way/210849670"
    },
    {
      "type": "Feature",
      "properties": {
        "@id": "way/210852609",
        "boat": "no",
        "name": "Painswick Stream",
        "source": "NPE",
        "waterway": "stream"
      },
      "geometry": {
        "type": "LineString",
        "coordinates": [
          [
            -2.1793323,
            51.7977756
          ],
          [
            -2.1794445,
            51.7974438
          ],
          [
            -2.1794098,
            51.7972363
          ],
          [
            -2.1794247,
            51.7970788
          ],
          [
            -2.179369,
            51.7968016
          ],
          [
            -2.1792959,
            51.7963958
          ],
          [
            -2.1791522,
            51.7961053
          ],
          [
            -2.1790135,
            51.7957512
          ],
          [
            -2.1789951,
            51.7955421
          ],
          [
            -2.1788874,
            51.7954179
          ],
          [
            -2.1788683,
            51.7953399
          ],
          [
            -2.1788005,
            51.7952073
          ],
          [
            -2.17875,
            51.795102
          ],
          [
            -2.1786727,
            51.7950288
          ],
          [
            -2.1785932,
            51.794775
          ],
          [
            -2.1786299,
            51.7945992
          ],
          [
            -2.1785925,
            51.7944439
          ],
          [
            -2.1786413,
            51.7941985
          ],
          [
            -2.1786778,
            51.7940893
          ],
          [
            -2.1786427,
            51.7940048
          ],
          [
            -2.1786447,
            51.7938729
          ],
          [
            -2.1786943,
            51.793727
          ],
          [
            -2.17864,
            51.7935554
          ],
          [
            -2.1786582,
            51.7934982
          ],
          [
            -2.1787486,
            51.7933874
          ],
          [
            -2.1787518,
            51.7932763
          ],
          [
            -2.1786491,
            51.7931258
          ],
          [
            -2.178541,
            51.7930538
          ],
          [
            -2.1783985,
            51.792978
          ],
          [
            -2.1782843,
            51.7928698
          ],
          [
            -2.1782972,
            51.7926615
          ],
          [
            -2.1783419,
            51.792584
          ],
          [
            -2.1784489,
            51.7924543
          ],
          [
            -2.17857,
            51.7922903
          ],
          [
            -2.1787506,
            51.7920948
          ],
          [
            -2.1789981,
            51.7918435
          ],
          [
            -2.1793201,
            51.7915105
          ],
          [
            -2.1796091,
            51.7910636
          ],
          [
            -2.179784,
            51.7908444
          ],
          [
            -2.1798498,
            51.7907384
          ],
          [
            -2.1800385,
            51.7905436
          ],
          [
            -2.1802395,
            51.7903929
          ],
          [
            -2.1803763,
            51.790306
          ],
          [
            -2.1804703,
            51.7902274
          ],
          [
            -2.1804769,
            51.7901706
          ],
          [
            -2.1805202,
            51.79013
          ],
          [
            -2.180703,
            51.7900904
          ],
          [
            -2.1807728,
            51.7900384
          ],
          [
            -2.1807977,
            51.7899492
          ],
          [
            -2.1809102,
            51.7898996
          ],
          [
            -2.1810604,
            51.789862
          ],
          [
            -2.1813531,
            51.7898514
          ],
          [
            -2.1815802,
            51.7898115
          ],
          [
            -2.181809,
            51.7897827
          ],
          [
            -2.18204,
            51.7897384
          ],
          [
            -2.1820833,
            51.789655
          ],
          [
            -2.1821573,
            51.7896054
          ],
          [
            -2.1824777,
            51.7895902
          ],
          [
            -2.1825367,
            51.7895747
          ],
          [
            -2.1826117,
            51.7892939
          ],
          [
            -2.1831196,
            51.788795
          ],
          [
            -2.1831721,
            51.788631
          ],
          [
            -2.1831783,
            51.7883893
          ],
          [
            -2.1832374,
            51.7882284
          ],
          [
            -2.1832588,
            51.7880835
          ],
          [
            -2.1833015,
            51.7879824
          ],
          [
            -2.1832357,
            51.7877832
          ],
          [
            -2.1832336,
            51.7876435
          ],
          [
            -2.1834125,
            51.7874916
          ],
          [
            -2.1835364,
            51.7874345
          ],
          [
            -2.1836791,
            51.7873265
          ],
          [
            -2.1838076,
            51.7869732
          ],
          [
            -2.1839459,
            51.7867191
          ],
          [
            -2.1841753,
            51.7865379
          ],
          [
            -2.1846409,
            51.7863267
          ],
          [
            -2.184741,
            51.7863842
          ],
          [
            -2.1850639,
            51.7862344
          ],
          [
            -2.18557,
            51.7860605
          ],
          [
            -2.1858114,
            51.7859382
          ],
          [
            -2.1860839,
            51.7857191
          ],
          [
            -2.1865815,
            51.7854182
          ],
          [
            -2.1870745,
            51.7851985
          ],
          [
            -2.1875482,
            51.784933
          ],
          [
            -2.1878212,
            51.7845829
          ],
          [
            -2.1883875,
            51.7843835
          ],
          [
            -2.1887316,
            51.7841969
          ],
          [
            -2.1890266,
            51.7839965
          ],
          [
            -2.1891192,
            51.7837546
          ],
          [
            -2.1892578,
            51.7836394
          ],
          [
            -2.1897149,
            51.7833998
          ],
          [
            -2.1900571,
            51.7829843
          ],
          [
            -2.1906064,
            51.7826296
          ],
          [
            -2.1907904,
            51.7823521
          ],
          [
            -2.1913043,
            51.7821653
          ],
          [
            -2.1915135,
            51.7820196
          ],
          [
            -2.1917584,
            51.781951
          ]
        ]
      },
      "id": "way/210852609"
    },
    {
      "type": "Feature",
      "properties": {
        "@id": "way/217799030",
        "designation": "public_footpath",
        "foot": "designated",
        "highway": "track"
      },
      "geometry": {
        "type": "LineString",
        "coordinates": [
          [
            -2.1908062,
            51.7820805
          ],
          [
            -2.190631,
            51.7822689
          ],
          [
            -2.1905571,
            51.7824371
          ],
          [
            -2.1901687,
            51.7827857
          ],
          [
            -2.189948,
            51.7829227
          ],
          [
            -2.1897556,
            51.7831013
          ],
          [
            -2.1895435,
            51.7834326
          ],
          [
            -2.1892801,
            51.7835711
          ],
          [
            -2.1891108,
            51.783581
          ]
        ]
      },
      "id": "way/217799030"
    },
    {
      "type": "Feature",
      "properties": {
        "@id": "way/239060497",
        "barrier": "hedge"
      },
      "geometry": {
        "type": "LineString",
        "coordinates": [
          [
            -2.1904878,
            51.7824428
          ],
          [
            -2.1900113,
            51.7822165
          ],
          [
            -2.1891494,
            51.7818073
          ],
          [
            -2.1886773,
            51.7816513
          ]
        ]
      },
      "id": "way/239060497"
    },
    {
      "type": "Feature",
      "properties": {
        "@id": "way/258143678",
        "power": "minor_line",
        "voltage": "11000"
      },
      "geometry": {
        "type": "LineString",
        "coordinates": [
          [
            -2.2057575,
            51.8038002
          ],
          [
            -2.2060914,
            51.8032006
          ],
          [
            -2.2063637,
            51.8027113
          ],
          [
            -2.206685,
            51.8020945
          ],
          [
            -2.2070114,
            51.8018008
          ],
          [
            -2.2073762,
            51.8012269
          ],
          [
            -2.2076304,
            51.8008837
          ],
          [
            -2.2073333,
            51.8000708
          ],
          [
            -2.2070289,
            51.7992207
          ],
          [
            -2.2062665,
            51.7982596
          ],
          [
            -2.2056182,
            51.7974142
          ],
          [
            -2.204859,
            51.796424
          ],
          [
            -2.2044749,
            51.7955397
          ],
          [
            -2.2040614,
            51.7944398
          ],
          [
            -2.2039166,
            51.7937613
          ],
          [
            -2.2036511,
            51.7926507
          ],
          [
            -2.2034231,
            51.7916354
          ],
          [
            -2.2035465,
            51.7905661
          ],
          [
            -2.2036551,
            51.7896561
          ],
          [
            -2.2038013,
            51.7884937
          ],
          [
            -2.2038677,
            51.7876177
          ],
          [
            -2.2034634,
            51.7866718
          ],
          [
            -2.2030396,
            51.7857212
          ],
          [
            -2.2025603,
            51.7846531
          ],
          [
            -2.2023162,
            51.7841602
          ],
          [
            -2.2020145,
            51.7835098
          ]
        ]
      },
      "id": "way/258143678"
    },
    {
      "type": "Feature",
      "properties": {
        "@id": "way/258143688",
        "cables": "3",
        "power": "minor_line",
        "voltage": "11000"
      },
      "geometry": {
        "type": "LineString",
        "coordinates": [
          [
            -2.2034634,
            51.7866718
          ],
          [
            -2.2025755,
            51.7865881
          ],
          [
            -2.2018285,
            51.7865384
          ]
        ]
      },
      "id": "way/258143688"
    },
    {
      "type": "Feature",
      "properties": {
        "@id": "way/259736647",
        "power": "minor_line"
      },
      "geometry": {
        "type": "LineString",
        "coordinates": [
          [
            -2.2020145,
            51.7835098
          ],
          [
            -2.2025899,
            51.7834699
          ],
          [
            -2.2032543,
            51.7834266
          ]
        ]
      },
      "id": "way/259736647"
    },
    {
      "type": "Feature",
      "properties": {
        "@id": "way/259759731",
        "cables": "3",
        "power": "minor_line",
        "voltage": "33000"
      },
      "geometry": {
        "type": "LineString",
        "coordinates": [
          [
            -2.1763968,
            51.7827274
          ],
          [
            -2.1778908,
            51.7830509
          ],
          [
            -2.1793513,
            51.7833704
          ],
          [
            -2.1807863,
            51.7836906
          ],
          [
            -2.1837984,
            51.7843436
          ],
          [
            -2.1845937,
            51.7839901
          ],
          [
            -2.1858395,
            51.7834102
          ],
          [
            -2.1870425,
            51.7828236
          ],
          [
            -2.1878834,
            51.7824296
          ],
          [
            -2.1904851,
            51.7811319
          ],
          [
            -2.191781,
            51.780534
          ],
          [
            -2.1929693,
            51.7799532
          ],
          [
            -2.1942296,
            51.7793612
          ],
          [
            -2.1951282,
            51.7789215
          ],
          [
            -2.1965442,
            51.7782635
          ],
          [
            -2.1977606,
            51.7776811
          ],
          [
            -2.1982501,
            51.7774346
          ],
          [
            -2.1996301,
            51.7771202
          ],
          [
            -2.2004642,
            51.7769277
          ],
          [
            -2.2016927,
            51.7766331
          ],
          [
            -2.2030123,
            51.7763269
          ],
          [
            -2.2041026,
            51.7760829
          ],
          [
            -2.2052791,
            51.7758028
          ],
          [
            -2.2063932,
            51.7755477
          ],
          [
            -2.2069712,
            51.7746997
          ],
          [
            -2.2076042,
            51.77383
          ],
          [
            -2.2084908,
            51.7725272
          ],
          [
            -2.2089692,
            51.7718331
          ],
          [
            -2.209467,
            51.7711637
          ],
          [
            -2.2103912,
            51.7703102
          ],
          [
            -2.2110214,
            51.7697163
          ],
          [
            -2.2115873,
            51.7691877
          ],
          [
            -2.2125703,
            51.7685179
          ],
          [
            -2.2135212,
            51.7678615
          ],
          [
            -2.2143956,
            51.7672772
          ],
          [
            -2.2150205,
            51.7668539
          ],
          [
            -2.2159808,
            51.7662116
          ],
          [
            -2.2169694,
            51.7655306
          ],
          [
            -2.2175541,
            51.7648989
          ],
          [
            -2.2182713,
            51.7640684
          ],
          [
            -2.2188869,
            51.763348
          ],
          [
            -2.2194702,
            51.7626599
          ],
          [
            -2.2203071,
            51.761951
          ],
          [
            -2.2210946,
            51.7612841
          ],
          [
            -2.2218242,
            51.7606616
          ],
          [
            -2.222402,
            51.7605956
          ],
          [
            -2.2229896,
            51.7602582
          ],
          [
            -2.2239335,
            51.7597083
          ],
          [
            -2.2250497,
            51.7590436
          ],
          [
            -2.2268568,
            51.7587889
          ],
          [
            -2.2283967,
            51.7585768
          ],
          [
            -2.2296155,
            51.7583951
          ],
          [
            -2.230761,
            51.7582497
          ],
          [
            -2.2319077,
            51.757911
          ],
          [
            -2.2328934,
            51.7578595
          ],
          [
            -2.2343596,
            51.7578913
          ],
          [
            -2.237708,
            51.7579459
          ],
          [
            -2.2395815,
            51.757999
          ],
          [
            -2.2410098,
            51.7575624
          ],
          [
            -2.24243,
            51.7571033
          ],
          [
            -2.2438301,
            51.7566525
          ],
          [
            -2.2452168,
            51.7561985
          ],
          [
            -2.246346,
            51.7561287
          ],
          [
            -2.2477434,
            51.7560374
          ],
          [
            -2.2491811,
            51.7554231
          ],
          [
            -2.2505531,
            51.7549715
          ]
        ]
      },
      "id": "way/259759731"
    },
    {
      "type": "Feature",
      "properties": {
        "@id": "way/261268174",
        "boat": "no",
        "name": "Painswick Stream",
        "source": "NPE",
        "tunnel": "yes",
        "waterway": "stream"
      },
      "geometry": {
        "type": "LineString",
        "coordinates": [
          [
            -2.1924883,
            51.7815145
          ],
          [
            -2.1925234,
            51.7814891
          ],
          [
            -2.1929436,
            51.7811862
          ]
        ]
      },
      "id": "way/261268174"
    },
    {
      "type": "Feature",
      "properties": {
        "@id": "way/261268179",
        "foot": "yes",
        "highway": "footway"
      },
      "geometry": {
        "type": "LineString",
        "coordinates": [
          [
            -2.1965217,
            51.7829348
          ],
          [
            -2.1977069,
            51.7828728
          ],
          [
            -2.1988007,
            51.782782
          ]
        ]
      },
      "id": "way/261268179"
    },
    {
      "type": "Feature",
      "properties": {
        "@id": "way/261268187",
        "highway": "service"
      },
      "geometry": {
        "type": "LineString",
        "coordinates": [
          [
            -2.2020332,
            51.781737
          ],
          [
            -2.2021185,
            51.7817968
          ],
          [
            -2.2021593,
            51.7818355
          ],
          [
            -2.2021695,
            51.7818864
          ],
          [
            -2.2021392,
            51.7819434
          ],
          [
            -2.2020386,
            51.7820238
          ],
          [
            -2.2019983,
            51.7821076
          ],
          [
            -2.201993,
            51.7821607
          ],
          [
            -2.2020447,
            51.7822423
          ],
          [
            -2.2030453,
            51.7826606
          ],
          [
            -2.2030672,
            51.78271
          ],
          [
            -2.2030466,
            51.7827766
          ],
          [
            -2.2030256,
            51.7828502
          ],
          [
            -2.2030229,
            51.7829265
          ],
          [
            -2.2030573,
            51.7829907
          ],
          [
            -2.2031691,
            51.7830352
          ],
          [
            -2.2032992,
            51.7831431
          ]
        ]
      },
      "id": "way/261268187"
    },
    {
      "type": "Feature",
      "properties": {
        "@id": "way/261268192",
        "boat": "no",
        "name": "Painswick Stream",
        "source": "NPE",
        "waterway": "stream"
      },
      "geometry": {
        "type": "LineString",
        "coordinates": [
          [
            -2.1929436,
            51.7811862
          ],
          [
            -2.1940016,
            51.7808427
          ],
          [
            -2.1944549,
            51.780772
          ],
          [
            -2.1953464,
            51.7805265
          ],
          [
            -2.196244,
            51.7801708
          ],
          [
            -2.1968877,
            51.7801708
          ],
          [
            -2.1977031,
            51.7800115
          ],
          [
            -2.1983467,
            51.7799162
          ],
          [
            -2.198867,
            51.7797879
          ],
          [
            -2.1997158,
            51.7796183
          ],
          [
            -2.1998531,
            51.7795811
          ],
          [
            -2.2001964,
            51.7795715
          ],
          [
            -2.2005333,
            51.7795104
          ],
          [
            -2.2007334,
            51.7796259
          ],
          [
            -2.2008546,
            51.7795778
          ],
          [
            -2.2010831,
            51.779447
          ],
          [
            -2.201316,
            51.779456
          ],
          [
            -2.2015495,
            51.7794683
          ],
          [
            -2.2022135,
            51.7793351
          ],
          [
            -2.2027493,
            51.7792097
          ],
          [
            -2.2032547,
            51.779157
          ],
          [
            -2.2037589,
            51.7791301
          ],
          [
            -2.2043168,
            51.7790491
          ]
        ]
      },
      "id": "way/261268192"
    },
    {
      "type": "Feature",
      "properties": {
        "@id": "way/261268195",
        "highway": "service",
        "service": "driveway"
      },
      "geometry": {
        "type": "LineString",
        "coordinates": [
          [
            -2.1966894,
            51.7823009
          ],
          [
            -2.1967975,
            51.78233
          ],
          [
            -2.1968828,
            51.7823651
          ],
          [
            -2.1969566,
            51.7824108
          ],
          [
            -2.1969861,
            51.7824622
          ],
          [
            -2.1970116,
            51.7825344
          ],
          [
            -2.1970156,
            51.782609
          ],
          [
            -2.1969933,
            51.7826826
          ],
          [
            -2.1969164,
            51.7827401
          ],
          [
            -2.1968726,
            51.7828046
          ],
          [
            -2.1967761,
            51.7828709
          ],
          [
            -2.1966071,
            51.7829215
          ],
          [
            -2.1965217,
            51.7829348
          ],
          [
            -2.1962679,
            51.7829591
          ]
        ]
      },
      "id": "way/261268195"
    },
    {
      "type": "Feature",
      "properties": {
        "@id": "way/262089481",
        "cables": "3",
        "power": "minor_line",
        "voltage": "11000"
      },
      "geometry": {
        "type": "LineString",
        "coordinates": [
          [
            -2.1892855,
            51.785891
          ],
          [
            -2.1888644,
            51.7858918
          ],
          [
            -2.1881107,
            51.7865646
          ]
        ]
      },
      "id": "way/262089481"
    },
    {
      "type": "Feature",
      "properties": {
        "@id": "way/262089485",
        "barrier": "hedge"
      },
      "geometry": {
        "type": "LineString",
        "coordinates": [
          [
            -2.1974689,
            51.7857308
          ],
          [
            -2.1972489,
            51.7859963
          ],
          [
            -2.1971658,
            51.7861233
          ],
          [
            -2.1969378,
            51.78647
          ],
          [
            -2.1968868,
            51.7864767
          ],
          [
            -2.1965529,
            51.7864095
          ]
        ]
      },
      "id": "way/262089485"
    },
    {
      "type": "Feature",
      "properties": {
        "@id": "way/262089498",
        "barrier": "hedge"
      },
      "geometry": {
        "type": "LineString",
        "coordinates": [
          [
            -2.1979436,
            51.7863381
          ],
          [
            -2.1978538,
            51.7864642
          ],
          [
            -2.1977344,
            51.7867795
          ],
          [
            -2.1975737,
            51.7867598
          ],
          [
            -2.197261,
            51.7867214
          ]
        ]
      },
      "id": "way/262089498"
    },
    {
      "type": "Feature",
      "properties": {
        "@id": "way/262089499",
        "highway": "service",
        "service": "driveway"
      },
      "geometry": {
        "type": "LineString",
        "coordinates": [
          [
            -2.1973173,
            51.7866832
          ],
          [
            -2.1973536,
            51.7865298
          ],
          [
            -2.1973758,
            51.7865101
          ],
          [
            -2.197421,
            51.7865047
          ],
          [
            -2.1975401,
            51.7864972
          ],
          [
            -2.1975772,
            51.7864912
          ],
          [
            -2.1976457,
            51.7864469
          ],
          [
            -2.1977114,
            51.7863993
          ],
          [
            -2.1977337,
            51.7863718
          ],
          [
            -2.1977532,
            51.7863331
          ],
          [
            -2.1977709,
            51.7862817
          ],
          [
            -2.1977706,
            51.786227
          ],
          [
            -2.1977747,
            51.7861754
          ],
          [
            -2.1977653,
            51.786105
          ],
          [
            -2.1977291,
            51.7859831
          ],
          [
            -2.1977238,
            51.7859353
          ],
          [
            -2.1977331,
            51.7858943
          ],
          [
            -2.1977978,
            51.7857676
          ]
        ]
      },
      "id": "way/262089499"
    },
    {
      "type": "Feature",
      "properties": {
        "@id": "way/262089501",
        "highway": "service"
      },
      "geometry": {
        "type": "LineString",
        "coordinates": [
          [
            -2.1976933,
            51.7868852
          ],
          [
            -2.1977452,
            51.7868724
          ],
          [
            -2.1979262,
            51.7864609
          ],
          [
            -2.1983254,
            51.7859213
          ]
        ]
      },
      "id": "way/262089501"
    },
    {
      "type": "Feature",
      "properties": {
        "@id": "way/262235735",
        "highway": "track"
      },
      "geometry": {
        "type": "LineString",
        "coordinates": [
          [
            -2.1916177,
            51.788268
          ],
          [
            -2.1913125,
            51.7887811
          ]
        ]
      },
      "id": "way/262235735"
    },
    {
      "type": "Feature",
      "properties": {
        "@id": "way/262415983",
        "power": "minor_line",
        "voltage": "11000"
      },
      "geometry": {
        "type": "LineString",
        "coordinates": [
          [
            -2.1953063,
            51.7927694
          ],
          [
            -2.1954431,
            51.7922029
          ],
          [
            -2.1956108,
            51.7913991
          ],
          [
            -2.1957891,
            51.7906202
          ],
          [
            -2.1962202,
            51.7903785
          ],
          [
            -2.1964589,
            51.7898538
          ],
          [
            -2.1965703,
            51.7896091
          ]
        ]
      },
      "id": "way/262415983"
    },
    {
      "type": "Feature",
      "properties": {
        "@id": "way/262534308",
        "highway": "residential"
      },
      "geometry": {
        "type": "LineString",
        "coordinates": [
          [
            -2.1994747,
            51.7821563
          ],
          [
            -2.1992669,
            51.7821134
          ],
          [
            -2.1990493,
            51.7820446
          ],
          [
            -2.1988883,
            51.7820114
          ],
          [
            -2.1987734,
            51.781984
          ],
          [
            -2.1986255,
            51.7819301
          ],
          [
            -2.1985803,
            51.7818628
          ],
          [
            -2.1985638,
            51.7817841
          ],
          [
            -2.1986366,
            51.7816952
          ],
          [
            -2.1987891,
            51.7815783
          ],
          [
            -2.1991217,
            51.7813693
          ]
        ]
      },
      "id": "way/262534308"
    },
    {
      "type": "Feature",
      "properties": {
        "@id": "way/262534310",
        "barrier": "fence"
      },
      "geometry": {
        "type": "LineString",
        "coordinates": [
          [
            -2.1982419,
            51.7822703
          ],
          [
            -2.1984257,
            51.7822836
          ],
          [
            -2.1986054,
            51.7822554
          ],
          [
            -2.1990788,
            51.7822985
          ],
          [
            -2.1991861,
            51.7823217
          ]
        ]
      },
      "id": "way/262534310"
    },
    {
      "type": "Feature",
      "properties": {
        "@id": "way/262534311",
        "barrier": "hedge"
      },
      "geometry": {
        "type": "LineString",
        "coordinates": [
          [
            -2.1982379,
            51.7827167
          ],
          [
            -2.1981333,
            51.7822803
          ],
          [
            -2.1980676,
            51.7819998
          ]
        ]
      },
      "id": "way/262534311"
    },
    {
      "type": "Feature",
      "properties": {
        "@id": "way/262534312",
        "barrier": "hedge"
      },
      "geometry": {
        "type": "LineString",
        "coordinates": [
          [
            -2.1968472,
            51.7823831
          ],
          [
            -2.1966987,
            51.7823648
          ],
          [
            -2.196351,
            51.7827382
          ]
        ]
      },
      "id": "way/262534312"
    },
    {
      "type": "Feature",
      "properties": {
        "@id": "way/262534313",
        "barrier": "hedge"
      },
      "geometry": {
        "type": "LineString",
        "coordinates": [
          [
            -2.1958298,
            51.782477
          ],
          [
            -2.1966437,
            51.7820437
          ],
          [
            -2.1966769,
            51.7820894
          ],
          [
            -2.1966836,
            51.7821342
          ],
          [
            -2.1966786,
            51.7822246
          ],
          [
            -2.1966531,
            51.7823001
          ],
          [
            -2.1965696,
            51.7824072
          ],
          [
            -2.1964747,
            51.7824934
          ],
          [
            -2.1963943,
            51.7825681
          ],
          [
            -2.1963523,
            51.7825466
          ]
        ]
      },
      "id": "way/262534313"
    },
    {
      "type": "Feature",
      "properties": {
        "@id": "way/262534705",
        "highway": "service",
        "service": "driveway"
      },
      "geometry": {
        "type": "LineString",
        "coordinates": [
          [
            -2.1942006,
            51.7881186
          ],
          [
            -2.1937171,
            51.7882485
          ]
        ]
      },
      "id": "way/262534705"
    },
    {
      "type": "Feature",
      "properties": {
        "@id": "way/262534706",
        "barrier": "hedge"
      },
      "geometry": {
        "type": "LineString",
        "coordinates": [
          [
            -2.1934569,
            51.7876703
          ],
          [
            -2.193288,
            51.7879283
          ]
        ]
      },
      "id": "way/262534706"
    },
    {
      "type": "Feature",
      "properties": {
        "@id": "way/262534707",
        "barrier": "hedge"
      },
      "geometry": {
        "type": "LineString",
        "coordinates": [
          [
            -2.1935991,
            51.7880138
          ],
          [
            -2.1933957,
            51.7878332
          ]
        ]
      },
      "id": "way/262534707"
    },
    {
      "type": "Feature",
      "properties": {
        "@id": "way/262577544",
        "highway": "service"
      },
      "geometry": {
        "type": "LineString",
        "coordinates": [
          [
            -2.1961472,
            51.7860373
          ],
          [
            -2.1963899,
            51.7860924
          ],
          [
            -2.1964181,
            51.7861281
          ],
          [
            -2.196347,
            51.7862484
          ]
        ]
      },
      "id": "way/262577544"
    },
    {
      "type": "Feature",
      "properties": {
        "@id": "way/262577561",
        "highway": "path"
      },
      "geometry": {
        "type": "LineString",
        "coordinates": [
          [
            -2.1974569,
            51.7874112
          ],
          [
            -2.1972435,
            51.7873796
          ],
          [
            -2.1971476,
            51.7873634
          ],
          [
            -2.1969867,
            51.7873289
          ],
          [
            -2.1963537,
            51.7873874
          ],
          [
            -2.196111,
            51.7874023
          ],
          [
            -2.196068,
            51.7874173
          ],
          [
            -2.1960553,
            51.7874463
          ],
          [
            -2.1961036,
            51.7877367
          ],
          [
            -2.1961613,
            51.7881018
          ]
        ]
      },
      "id": "way/262577561"
    },
    {
      "type": "Feature",
      "properties": {
        "@id": "way/262577567",
        "highway": "service"
      },
      "geometry": {
        "type": "LineString",
        "coordinates": [
          [
            -2.1945982,
            51.7866865
          ],
          [
            -2.1946384,
            51.786645
          ],
          [
            -2.194629,
            51.7866201
          ],
          [
            -2.1943954,
            51.7865012
          ]
        ]
      },
      "id": "way/262577567"
    },
    {
      "type": "Feature",
      "properties": {
        "@id": "way/262673084",
        "barrier": "hedge"
      },
      "geometry": {
        "type": "LineString",
        "coordinates": [
          [
            -2.1986671,
            51.7867553
          ],
          [
            -2.1992756,
            51.7869497
          ],
          [
            -2.1997399,
            51.7870543
          ]
        ]
      },
      "id": "way/262673084"
    },
    {
      "type": "Feature",
      "properties": {
        "@id": "way/262673097",
        "barrier": "hedge"
      },
      "geometry": {
        "type": "LineString",
        "coordinates": [
          [
            -2.2011844,
            51.7865761
          ],
          [
            -2.2011092,
            51.7867332
          ],
          [
            -2.2005125,
            51.7866383
          ]
        ]
      },
      "id": "way/262673097"
    },
    {
      "type": "Feature",
      "properties": {
        "@id": "way/262673100",
        "barrier": "hedge"
      },
      "geometry": {
        "type": "LineString",
        "coordinates": [
          [
            -2.1992756,
            51.7869497
          ],
          [
            -2.1997065,
            51.7863322
          ]
        ]
      },
      "id": "way/262673100"
    },
    {
      "type": "Feature",
      "properties": {
        "@id": "way/262673103",
        "barrier": "hedge"
      },
      "geometry": {
        "type": "LineString",
        "coordinates": [
          [
            -2.1995448,
            51.7873376
          ],
          [
            -2.1996709,
            51.7871638
          ]
        ]
      },
      "id": "way/262673103"
    },
    {
      "type": "Feature",
      "properties": {
        "@id": "way/262673117",
        "barrier": "hedge"
      },
      "geometry": {
        "type": "LineString",
        "coordinates": [
          [
            -2.1996139,
            51.7863023
          ],
          [
            -2.1991364,
            51.7861915
          ],
          [
            -2.1986671,
            51.7867553
          ],
          [
            -2.1984901,
            51.7870009
          ]
        ]
      },
      "id": "way/262673117"
    },
    {
      "type": "Feature",
      "properties": {
        "@id": "way/262673123",
        "barrier": "hedge"
      },
      "geometry": {
        "type": "LineString",
        "coordinates": [
          [
            -2.2001403,
            51.7864881
          ],
          [
            -2.1998794,
            51.7868864
          ]
        ]
      },
      "id": "way/262673123"
    },
    {
      "type": "Feature",
      "properties": {
        "@id": "way/262673142",
        "barrier": "hedge"
      },
      "geometry": {
        "type": "LineString",
        "coordinates": [
          [
            -2.2008317,
            51.7869005
          ],
          [
            -2.2012178,
            51.7869846
          ],
          [
            -2.2014096,
            51.7869099
          ],
          [
            -2.2015036,
            51.7868726
          ],
          [
            -2.2016632,
            51.7868092
          ]
        ]
      },
      "id": "way/262673142"
    },
    {
      "type": "Feature",
      "properties": {
        "@id": "way/262673963",
        "highway": "service",
        "service": "driveway"
      },
      "geometry": {
        "type": "LineString",
        "coordinates": [
          [
            -2.20013,
            51.7863836
          ],
          [
            -2.1999599,
            51.786681
          ]
        ]
      },
      "id": "way/262673963"
    },
    {
      "type": "Feature",
      "properties": {
        "@id": "way/262673965",
        "barrier": "hedge"
      },
      "geometry": {
        "type": "LineString",
        "coordinates": [
          [
            -2.2013714,
            51.7859041
          ],
          [
            -2.201356,
            51.7858083
          ]
        ]
      },
      "id": "way/262673965"
    },
    {
      "type": "Feature",
      "properties": {
        "@id": "way/262673967",
        "barrier": "hedge"
      },
      "geometry": {
        "type": "LineString",
        "coordinates": [
          [
            -2.2013453,
            51.7857672
          ],
          [
            -2.201352,
            51.785783
          ]
        ]
      },
      "id": "way/262673967"
    },
    {
      "type": "Feature",
      "properties": {
        "@id": "way/262673969",
        "barrier": "hedge"
      },
      "geometry": {
        "type": "LineString",
        "coordinates": [
          [
            -2.2010248,
            51.785715
          ],
          [
            -2.2009953,
            51.7853201
          ]
        ]
      },
      "id": "way/262673969"
    },
    {
      "type": "Feature",
      "properties": {
        "@id": "way/262673970",
        "barrier": "hedge"
      },
      "geometry": {
        "type": "LineString",
        "coordinates": [
          [
            -2.2015617,
            51.7857519
          ],
          [
            -2.2015417,
            51.7856888
          ],
          [
            -2.2015847,
            51.7856838
          ]
        ]
      },
      "id": "way/262673970"
    },
    {
      "type": "Feature",
      "properties": {
        "@id": "way/262673973",
        "barrier": "wall"
      },
      "geometry": {
        "type": "LineString",
        "coordinates": [
          [
            -2.1981669,
            51.7858647
          ],
          [
            -2.1973582,
            51.7856083
          ]
        ]
      },
      "id": "way/262673973"
    },
    {
      "type": "Feature",
      "properties": {
        "@id": "way/262673974",
        "barrier": "wall"
      },
      "geometry": {
        "type": "LineString",
        "coordinates": [
          [
            -2.1981964,
            51.7859427
          ],
          [
            -2.1981521,
            51.7859058
          ],
          [
            -2.1980868,
            51.7858855
          ],
          [
            -2.1978664,
            51.7858169
          ],
          [
            -2.19779,
            51.7858389
          ]
        ]
      },
      "id": "way/262673974"
    },
    {
      "type": "Feature",
      "properties": {
        "@id": "way/262673975",
        "barrier": "hedge"
      },
      "geometry": {
        "type": "LineString",
        "coordinates": [
          [
            -2.1976432,
            51.7868084
          ],
          [
            -2.197623,
            51.7868465
          ],
          [
            -2.1975533,
            51.7868299
          ],
          [
            -2.1975737,
            51.7867598
          ]
        ]
      },
      "id": "way/262673975"
    },
    {
      "type": "Feature",
      "properties": {
        "@id": "way/262673978",
        "highway": "service",
        "service": "driveway"
      },
      "geometry": {
        "type": "LineString",
        "coordinates": [
          [
            -2.2009761,
            51.7857236
          ],
          [
            -2.2009013,
            51.7856971
          ],
          [
            -2.2008276,
            51.7856776
          ],
          [
            -2.2007364,
            51.7856688
          ],
          [
            -2.2006492,
            51.7856747
          ],
          [
            -2.2005795,
            51.7856876
          ]
        ]
      },
      "id": "way/262673978"
    },
    {
      "type": "Feature",
      "properties": {
        "@id": "way/262673981",
        "barrier": "hedge"
      },
      "geometry": {
        "type": "LineString",
        "coordinates": [
          [
            -2.1984662,
            51.785807
          ],
          [
            -2.1985316,
            51.7857282
          ],
          [
            -2.1983472,
            51.7856714
          ],
          [
            -2.1982929,
            51.7856664
          ],
          [
            -2.19825,
            51.7856813
          ],
          [
            -2.1981146,
            51.785834
          ],
          [
            -2.1981749,
            51.7858556
          ]
        ]
      },
      "id": "way/262673981"
    },
    {
      "type": "Feature",
      "properties": {
        "@id": "way/262673982",
        "barrier": "hedge"
      },
      "geometry": {
        "type": "LineString",
        "coordinates": [
          [
            -2.2011461,
            51.7859808
          ],
          [
            -2.2010696,
            51.7859907
          ],
          [
            -2.2010455,
            51.785968
          ],
          [
            -2.201018,
            51.7858095
          ],
          [
            -2.2013453,
            51.7857672
          ],
          [
            -2.2015617,
            51.7857519
          ],
          [
            -2.2016215,
            51.7857477
          ]
        ]
      },
      "id": "way/262673982"
    },
    {
      "type": "Feature",
      "properties": {
        "@id": "way/262673985",
        "highway": "service",
        "service": "driveway"
      },
      "geometry": {
        "type": "LineString",
        "coordinates": [
          [
            -2.1996985,
            51.7862841
          ],
          [
            -2.1994342,
            51.7866607
          ]
        ]
      },
      "id": "way/262673985"
    },
    {
      "type": "Feature",
      "properties": {
        "@id": "way/263203922",
        "barrier": "hedge"
      },
      "geometry": {
        "type": "LineString",
        "coordinates": [
          [
            -2.195773,
            51.7834584
          ],
          [
            -2.1958039,
            51.783572
          ]
        ]
      },
      "id": "way/263203922"
    },
    {
      "type": "Feature",
      "properties": {
        "@id": "way/263203943",
        "barrier": "hedge"
      },
      "geometry": {
        "type": "LineString",
        "coordinates": [
          [
            -2.1953948,
            51.7845718
          ],
          [
            -2.1953734,
            51.7845261
          ],
          [
            -2.1954324,
            51.784454
          ],
          [
            -2.1955697,
            51.7843688
          ],
          [
            -2.1957113,
            51.7843079
          ]
        ]
      },
      "id": "way/263203943"
    },
    {
      "type": "Feature",
      "properties": {
        "@id": "way/263203965",
        "barrier": "hedge"
      },
      "geometry": {
        "type": "LineString",
        "coordinates": [
          [
            -2.1956899,
            51.7830743
          ],
          [
            -2.1962049,
            51.7830212
          ],
          [
            -2.19617,
            51.7833787
          ]
        ]
      },
      "id": "way/263203965"
    },
    {
      "type": "Feature",
      "properties": {
        "@id": "way/263203968",
        "barrier": "hedge"
      },
      "geometry": {
        "type": "LineString",
        "coordinates": [
          [
            -2.1957811,
            51.7837064
          ],
          [
            -2.195714,
            51.7835156
          ],
          [
            -2.1956711,
            51.7834692
          ],
          [
            -2.1956059,
            51.7834503
          ],
          [
            -2.1955263,
            51.7834501
          ],
          [
            -2.1952192,
            51.7834957
          ]
        ]
      },
      "id": "way/263203968"
    },
    {
      "type": "Feature",
      "properties": {
        "@id": "way/263203980",
        "barrier": "hedge"
      },
      "geometry": {
        "type": "LineString",
        "coordinates": [
          [
            -2.19617,
            51.7833787
          ],
          [
            -2.1961177,
            51.7833771
          ],
          [
            -2.1958387,
            51.7834061
          ],
          [
            -2.1957931,
            51.7834252
          ]
        ]
      },
      "id": "way/263203980"
    },
    {
      "type": "Feature",
      "properties": {
        "@id": "way/263203981",
        "barrier": "hedge"
      },
      "geometry": {
        "type": "LineString",
        "coordinates": [
          [
            -2.1953479,
            51.7837388
          ],
          [
            -2.1952192,
            51.7834957
          ],
          [
            -2.1950703,
            51.7831904
          ]
        ]
      },
      "id": "way/263203981"
    },
    {
      "type": "Feature",
      "properties": {
        "@id": "way/263204371",
        "barrier": "hedge"
      },
      "geometry": {
        "type": "LineString",
        "coordinates": [
          [
            -2.191452,
            51.7851326
          ],
          [
            -2.1914962,
            51.7850671
          ],
          [
            -2.1915271,
            51.7850438
          ],
          [
            -2.1914372,
            51.7850148
          ]
        ]
      },
      "id": "way/263204371"
    },
    {
      "type": "Feature",
      "properties": {
        "@id": "way/263204372",
        "barrier": "hedge"
      },
      "geometry": {
        "type": "LineString",
        "coordinates": [
          [
            -2.1919039,
            51.784624
          ],
          [
            -2.1917757,
            51.784567
          ],
          [
            -2.1915499,
            51.7844988
          ]
        ]
      },
      "id": "way/263204372"
    },
    {
      "type": "Feature",
      "properties": {
        "@id": "way/263204375",
        "barrier": "hedge"
      },
      "geometry": {
        "type": "LineString",
        "coordinates": [
          [
            -2.1928441,
            51.7843544
          ],
          [
            -2.1927051,
            51.7843082
          ],
          [
            -2.1925576,
            51.7842526
          ],
          [
            -2.1924377,
            51.7841976
          ],
          [
            -2.1924042,
            51.7841619
          ],
          [
            -2.1925071,
            51.7838544
          ]
        ]
      },
      "id": "way/263204375"
    },
    {
      "type": "Feature",
      "properties": {
        "@id": "way/263204376",
        "barrier": "hedge"
      },
      "geometry": {
        "type": "LineString",
        "coordinates": [
          [
            -2.1918758,
            51.7852089
          ],
          [
            -2.1917055,
            51.7853508
          ]
        ]
      },
      "id": "way/263204376"
    },
    {
      "type": "Feature",
      "properties": {
        "@id": "way/263204378",
        "barrier": "hedge"
      },
      "geometry": {
        "type": "LineString",
        "coordinates": [
          [
            -2.1915351,
            51.7852745
          ],
          [
            -2.1916175,
            51.7850806
          ]
        ]
      },
      "id": "way/263204378"
    },
    {
      "type": "Feature",
      "properties": {
        "@id": "way/263204380",
        "barrier": "hedge"
      },
      "geometry": {
        "type": "LineString",
        "coordinates": [
          [
            -2.1928789,
            51.7844208
          ],
          [
            -2.1925823,
            51.7843287
          ],
          [
            -2.1920877,
            51.7841395
          ],
          [
            -2.1918817,
            51.7840535
          ]
        ]
      },
      "id": "way/263204380"
    },
    {
      "type": "Feature",
      "properties": {
        "@id": "way/266138615",
        "barrier": "hedge"
      },
      "geometry": {
        "type": "LineString",
        "coordinates": [
          [
            -2.1855503,
            51.7805732
          ],
          [
            -2.1865771,
            51.7808831
          ],
          [
            -2.1871726,
            51.781064
          ],
          [
            -2.1882401,
            51.7815037
          ],
          [
            -2.1885244,
            51.7816033
          ]
        ]
      },
      "id": "way/266138615"
    },
    {
      "type": "Feature",
      "properties": {
        "@id": "way/266138628",
        "barrier": "hedge"
      },
      "geometry": {
        "type": "LineString",
        "coordinates": [
          [
            -2.1974213,
            51.7808333
          ],
          [
            -2.1972561,
            51.7808427
          ],
          [
            -2.1972041,
            51.780596
          ],
          [
            -2.1969868,
            51.7805379
          ]
        ]
      },
      "id": "way/266138628"
    },
    {
      "type": "Feature",
      "properties": {
        "@id": "way/266138636",
        "highway": "service",
        "service": "driveway"
      },
      "geometry": {
        "type": "LineString",
        "coordinates": [
          [
            -2.1965563,
            51.7809955
          ],
          [
            -2.1964369,
            51.7809744
          ],
          [
            -2.1962841,
            51.780971
          ],
          [
            -2.1961027,
            51.7809904
          ],
          [
            -2.1959837,
            51.7810175
          ],
          [
            -2.1958513,
            51.7810444
          ]
        ]
      },
      "id": "way/266138636"
    },
    {
      "type": "Feature",
      "properties": {
        "@id": "way/266138646",
        "barrier": "hedge"
      },
      "geometry": {
        "type": "LineString",
        "coordinates": [
          [
            -2.1970673,
            51.7808648
          ],
          [
            -2.1967465,
            51.7809257
          ]
        ]
      },
      "id": "way/266138646"
    },
    {
      "type": "Feature",
      "properties": {
        "@id": "way/266138647",
        "highway": "service",
        "service": "driveway"
      },
      "geometry": {
        "type": "LineString",
        "coordinates": [
          [
            -2.1957154,
            51.781127
          ],
          [
            -2.1956387,
            51.781158
          ],
          [
            -2.1955931,
            51.7812061
          ],
          [
            -2.195584,
            51.7812531
          ],
          [
            -2.195609,
            51.7813008
          ]
        ]
      },
      "id": "way/266138647"
    },
    {
      "type": "Feature",
      "properties": {
        "@id": "way/266138651",
        "barrier": "hedge"
      },
      "geometry": {
        "type": "LineString",
        "coordinates": [
          [
            -2.1948893,
            51.7809445
          ],
          [
            -2.1951586,
            51.7813222
          ],
          [
            -2.1950915,
            51.7813704
          ],
          [
            -2.194877,
            51.7814002
          ]
        ]
      },
      "id": "way/266138651"
    },
    {
      "type": "Feature",
      "properties": {
        "@id": "way/266138652",
        "barrier": "hedge"
      },
      "geometry": {
        "type": "LineString",
        "coordinates": [
          [
            -2.1889294,
            51.7813013
          ],
          [
            -2.1886451,
            51.7811436
          ],
          [
            -2.1886183,
            51.781064
          ],
          [
            -2.1881114,
            51.7808814
          ],
          [
            -2.1870814,
            51.7804599
          ],
          [
            -2.1870412,
            51.7802508
          ],
          [
            -2.1867595,
            51.7801845
          ],
          [
            -2.1863062,
            51.7800584
          ],
          [
            -2.1861239,
            51.7800351
          ],
          [
            -2.1860042,
            51.7801142
          ],
          [
            -2.1845161,
            51.7795517
          ],
          [
            -2.1841792,
            51.7794244
          ]
        ]
      },
      "id": "way/266138652"
    },
    {
      "type": "Feature",
      "properties": {
        "@id": "way/266138668",
        "barrier": "hedge"
      },
      "geometry": {
        "type": "LineString",
        "coordinates": [
          [
            -2.1964343,
            51.7820264
          ],
          [
            -2.1959112,
            51.7815352
          ],
          [
            -2.1956002,
            51.7816514
          ],
          [
            -2.1953005,
            51.7817634
          ],
          [
            -2.1949977,
            51.7818765
          ]
        ]
      },
      "id": "way/266138668"
    },
    {
      "type": "Feature",
      "properties": {
        "@id": "way/266138669",
        "barrier": "hedge"
      },
      "geometry": {
        "type": "LineString",
        "coordinates": [
          [
            -2.1916948,
            51.7813427
          ],
          [
            -2.1909985,
            51.7809771
          ],
          [
            -2.1905012,
            51.7806607
          ]
        ]
      },
      "id": "way/266138669"
    },
    {
      "type": "Feature",
      "properties": {
        "@id": "way/266138675",
        "barrier": "hedge"
      },
      "geometry": {
        "type": "LineString",
        "coordinates": [
          [
            -2.1954044,
            51.7821947
          ],
          [
            -2.1949977,
            51.7818765
          ],
          [
            -2.1947445,
            51.7817626
          ],
          [
            -2.1944414,
            51.7816945
          ],
          [
            -2.1942804,
            51.7816713
          ]
        ]
      },
      "id": "way/266138675"
    },
    {
      "type": "Feature",
      "properties": {
        "@id": "way/266138676",
        "barrier": "hedge"
      },
      "geometry": {
        "type": "LineString",
        "coordinates": [
          [
            -2.1953005,
            51.7817634
          ],
          [
            -2.1957878,
            51.7821177
          ]
        ]
      },
      "id": "way/266138676"
    },
    {
      "type": "Feature",
      "properties": {
        "@id": "way/266138688",
        "highway": "service"
      },
      "geometry": {
        "type": "LineString",
        "coordinates": [
          [
            -2.1967002,
            51.7819614
          ],
          [
            -2.1959541,
            51.7823609
          ]
        ]
      },
      "id": "way/266138688"
    },
    {
      "type": "Feature",
      "properties": {
        "@id": "way/266138689",
        "barrier": "hedge"
      },
      "geometry": {
        "type": "LineString",
        "coordinates": [
          [
            -2.1908955,
            51.781804
          ],
          [
            -2.1904261,
            51.7815054
          ],
          [
            -2.1901096,
            51.7812482
          ],
          [
            -2.189938,
            51.7810507
          ],
          [
            -2.1895973,
            51.7808117
          ],
          [
            -2.1894686,
            51.7807785
          ],
          [
            -2.189239,
            51.7807896
          ],
          [
            -2.1890448,
            51.780757
          ]
        ]
      },
      "id": "way/266138689"
    },
    {
      "type": "Feature",
      "properties": {
        "@id": "way/266138690",
        "barrier": "hedge"
      },
      "geometry": {
        "type": "LineString",
        "coordinates": [
          [
            -2.1954874,
            51.7812183
          ],
          [
            -2.1953158,
            51.780971
          ]
        ]
      },
      "id": "way/266138690"
    },
    {
      "type": "Feature",
      "properties": {
        "@id": "way/266138695",
        "barrier": "hedge"
      },
      "geometry": {
        "type": "LineString",
        "coordinates": [
          [
            -2.1956002,
            51.7816514
          ],
          [
            -2.1960453,
            51.7820065
          ]
        ]
      },
      "id": "way/266138695"
    },
    {
      "type": "Feature",
      "properties": {
        "@id": "way/266138696",
        "barrier": "hedge"
      },
      "geometry": {
        "type": "LineString",
        "coordinates": [
          [
            -2.1945487,
            51.7814971
          ],
          [
            -2.1947311,
            51.7814473
          ],
          [
            -2.1947606,
            51.7814158
          ],
          [
            -2.1946855,
            51.7812963
          ],
          [
            -2.1946372,
            51.7812183
          ],
          [
            -2.1944333,
            51.7809909
          ]
        ]
      },
      "id": "way/266138696"
    },
    {
      "type": "Feature",
      "properties": {
        "@id": "way/268677294",
        "highway": "path"
      },
      "geometry": {
        "type": "LineString",
        "coordinates": [
          [
            -2.1899415,
            51.7864217
          ],
          [
            -2.1898333,
            51.7862725
          ],
          [
            -2.1897287,
            51.7861895
          ],
          [
            -2.1895395,
            51.7861007
          ],
          [
            -2.1893854,
            51.7860004
          ],
          [
            -2.1892471,
            51.7859215
          ],
          [
            -2.1892245,
            51.7859041
          ]
        ]
      },
      "id": "way/268677294"
    },
    {
      "type": "Feature",
      "properties": {
        "@id": "way/268677307",
        "barrier": "wall"
      },
      "geometry": {
        "type": "LineString",
        "coordinates": [
          [
            -2.1899373,
            51.7863564
          ],
          [
            -2.1898625,
            51.7862616
          ],
          [
            -2.1897527,
            51.7861745
          ],
          [
            -2.1895621,
            51.786085
          ],
          [
            -2.1894091,
            51.7859855
          ],
          [
            -2.1892719,
            51.7859071
          ],
          [
            -2.1892507,
            51.785891
          ]
        ]
      },
      "id": "way/268677307"
    },
    {
      "type": "Feature",
      "properties": {
        "@id": "way/268677310",
        "barrier": "hedge"
      },
      "geometry": {
        "type": "LineString",
        "coordinates": [
          [
            -2.1911476,
            51.7869544
          ],
          [
            -2.1905441,
            51.7868018
          ],
          [
            -2.1900425,
            51.7868167
          ],
          [
            -2.1890045,
            51.7874323
          ],
          [
            -2.1889804,
            51.78757
          ],
          [
            -2.1895892,
            51.7878569
          ]
        ]
      },
      "id": "way/268677310"
    },
    {
      "type": "Feature",
      "properties": {
        "@id": "way/268677317",
        "barrier": "wall"
      },
      "geometry": {
        "type": "LineString",
        "coordinates": [
          [
            -2.189873,
            51.7863671
          ],
          [
            -2.1898219,
            51.7862767
          ],
          [
            -2.1897193,
            51.7861954
          ],
          [
            -2.1895306,
            51.7861068
          ],
          [
            -2.1893761,
            51.7860062
          ],
          [
            -2.1892374,
            51.7859271
          ],
          [
            -2.1892142,
            51.7859093
          ]
        ]
      },
      "id": "way/268677317"
    },
    {
      "type": "Feature",
      "properties": {
        "@id": "way/269251719",
        "highway": "service"
      },
      "geometry": {
        "type": "LineString",
        "coordinates": [
          [
            -2.1883539,
            51.7869697
          ],
          [
            -2.18813,
            51.7871204
          ],
          [
            -2.1878491,
            51.7872673
          ],
          [
            -2.1877311,
            51.7873386
          ],
          [
            -2.1876318,
            51.7874017
          ],
          [
            -2.1875936,
            51.7874572
          ],
          [
            -2.187605,
            51.7875261
          ],
          [
            -2.1876848,
            51.7876032
          ]
        ]
      },
      "id": "way/269251719"
    },
    {
      "type": "Feature",
      "properties": {
        "@id": "way/269251720",
        "barrier": "hedge"
      },
      "geometry": {
        "type": "LineString",
        "coordinates": [
          [
            -2.1878967,
            51.7867388
          ],
          [
            -2.1867896,
            51.7872358
          ],
          [
            -2.1867062,
            51.7872002
          ],
          [
            -2.1865931,
            51.7871519
          ]
        ]
      },
      "id": "way/269251720"
    },
    {
      "type": "Feature",
      "properties": {
        "@id": "way/269251723",
        "barrier": "hedge"
      },
      "geometry": {
        "type": "LineString",
        "coordinates": [
          [
            -2.1885191,
            51.7866253
          ],
          [
            -2.1882807,
            51.7866653
          ],
          [
            -2.1881132,
            51.7866722
          ],
          [
            -2.1878885,
            51.7866284
          ],
          [
            -2.1875626,
            51.7865216
          ],
          [
            -2.1866717,
            51.7862162
          ],
          [
            -2.1864876,
            51.7861903
          ]
        ]
      },
      "id": "way/269251723"
    },
    {
      "type": "Feature",
      "properties": {
        "@id": "way/269251728",
        "barrier": "hedge"
      },
      "geometry": {
        "type": "LineString",
        "coordinates": [
          [
            -2.187845,
            51.7866928
          ],
          [
            -2.1875091,
            51.7865827
          ],
          [
            -2.1866312,
            51.7862818
          ],
          [
            -2.1864826,
            51.7862609
          ],
          [
            -2.1863548,
            51.7862717
          ],
          [
            -2.1855412,
            51.7865508
          ],
          [
            -2.1853148,
            51.7866079
          ],
          [
            -2.1852185,
            51.7865859
          ],
          [
            -2.1851048,
            51.78656
          ],
          [
            -2.1846554,
            51.7862322
          ]
        ]
      },
      "id": "way/269251728"
    },
    {
      "type": "Feature",
      "properties": {
        "@id": "way/270897393",
        "barrier": "hedge"
      },
      "geometry": {
        "type": "LineString",
        "coordinates": [
          [
            -2.1932772,
            51.784069
          ],
          [
            -2.1930438,
            51.7839777
          ],
          [
            -2.1924108,
            51.7837454
          ],
          [
            -2.1924055,
            51.7835347
          ]
        ]
      },
      "id": "way/270897393"
    },
    {
      "type": "Feature",
      "properties": {
        "@id": "way/270897395",
        "barrier": "hedge"
      },
      "geometry": {
        "type": "LineString",
        "coordinates": [
          [
            -2.1932772,
            51.7838184
          ],
          [
            -2.1930438,
            51.7839777
          ]
        ]
      },
      "id": "way/270897395"
    },
    {
      "type": "Feature",
      "properties": {
        "@id": "way/270897399",
        "highway": "service",
        "service": "driveway"
      },
      "geometry": {
        "type": "LineString",
        "coordinates": [
          [
            -2.1939596,
            51.7845739
          ],
          [
            -2.1938431,
            51.7846481
          ],
          [
            -2.1937654,
            51.7846796
          ],
          [
            -2.193709,
            51.7846962
          ],
          [
            -2.1936366,
            51.7846896
          ]
        ]
      },
      "id": "way/270897399"
    },
    {
      "type": "Feature",
      "properties": {
        "@id": "way/270897407",
        "barrier": "hedge"
      },
      "geometry": {
        "type": "LineString",
        "coordinates": [
          [
            -2.1936017,
            51.7839329
          ],
          [
            -2.1932772,
            51.7838184
          ],
          [
            -2.1932289,
            51.7836824
          ]
        ]
      },
      "id": "way/270897407"
    },
    {
      "type": "Feature",
      "properties": {
        "@id": "way/270897419",
        "highway": "service",
        "service": "driveway"
      },
      "geometry": {
        "type": "LineString",
        "coordinates": [
          [
            -2.1957484,
            51.7842705
          ],
          [
            -2.1955852,
            51.7843145
          ],
          [
            -2.1954176,
            51.7844158
          ],
          [
            -2.1953345,
            51.7844755
          ],
          [
            -2.1951454,
            51.7845435
          ]
        ]
      },
      "id": "way/270897419"
    },
    {
      "type": "Feature",
      "properties": {
        "@id": "way/270897421",
        "highway": "service",
        "service": "driveway"
      },
      "geometry": {
        "type": "LineString",
        "coordinates": [
          [
            -2.1942003,
            51.7850662
          ],
          [
            -2.1943367,
            51.7848887
          ],
          [
            -2.1944373,
            51.7848172
          ],
          [
            -2.194566,
            51.7847824
          ],
          [
            -2.1947082,
            51.7847724
          ],
          [
            -2.1948329,
            51.7847875
          ],
          [
            -2.1948543,
            51.7848372
          ],
          [
            -2.1948195,
            51.784892
          ],
          [
            -2.1947122,
            51.7849219
          ],
          [
            -2.1945982,
            51.7848919
          ],
          [
            -2.1944373,
            51.7848172
          ]
        ]
      },
      "id": "way/270897421"
    },
    {
      "type": "Feature",
      "properties": {
        "@id": "way/278308579",
        "barrier": "hedge"
      },
      "geometry": {
        "type": "LineString",
        "coordinates": [
          [
            -2.1885058,
            51.7841238
          ],
          [
            -2.1861883,
            51.783689
          ]
        ]
      },
      "id": "way/278308579"
    },
    {
      "type": "Feature",
      "properties": {
        "@id": "way/278308583",
        "barrier": "hedge"
      },
      "geometry": {
        "type": "LineString",
        "coordinates": [
          [
            -2.1889617,
            51.7858793
          ],
          [
            -2.1882172,
            51.785744
          ],
          [
            -2.1878942,
            51.7853384
          ],
          [
            -2.1876433,
            51.7851936
          ],
          [
            -2.187493,
            51.7851069
          ]
        ]
      },
      "id": "way/278308583"
    },
    {
      "type": "Feature",
      "properties": {
        "@id": "way/278308585",
        "barrier": "hedge"
      },
      "geometry": {
        "type": "LineString",
        "coordinates": [
          [
            -2.1876433,
            51.7851936
          ],
          [
            -2.1885283,
            51.7847618
          ],
          [
            -2.1887257,
            51.7846481
          ]
        ]
      },
      "id": "way/278308585"
    },
    {
      "type": "Feature",
      "properties": {
        "@id": "way/278308590",
        "barrier": "hedge"
      },
      "geometry": {
        "type": "LineString",
        "coordinates": [
          [
            -2.1893587,
            51.7856835
          ],
          [
            -2.1891441,
            51.7852388
          ],
          [
            -2.1890701,
            51.7848281
          ],
          [
            -2.1892675,
            51.7843528
          ]
        ]
      },
      "id": "way/278308590"
    },
    {
      "type": "Feature",
      "properties": {
        "@id": "way/364709804",
        "highway": "service",
        "service": "parking_aisle"
      },
      "geometry": {
        "type": "LineString",
        "coordinates": [
          [
            -2.1921239,
            51.7864351
          ],
          [
            -2.1923036,
            51.7862559
          ],
          [
            -2.192376,
            51.7862277
          ],
          [
            -2.1924646,
            51.7862177
          ],
          [
            -2.1925826,
            51.7861812
          ],
          [
            -2.1927052,
            51.7861197
          ]
        ]
      },
      "id": "way/364709804"
    },
    {
      "type": "Feature",
      "properties": {
        "@id": "way/374877343",
        "highway": "unclassified",
        "lane_markings": "no",
        "maxspeed": "20 mph",
        "name": "Edge Lane",
        "sidewalk": "no",
        "surface": "asphalt"
      },
      "geometry": {
        "type": "LineString",
        "coordinates": [
          [
            -2.2018377,
            51.7866066
          ],
          [
            -2.2010831,
            51.7865493
          ],
          [
            -2.2007133,
            51.7864824
          ],
          [
            -2.2005056,
            51.7864516
          ],
          [
            -2.20013,
            51.7863836
          ],
          [
            -2.1996985,
            51.7862841
          ],
          [
            -2.1990878,
            51.7861434
          ]
        ]
      },
      "id": "way/374877343"
    },
    {
      "type": "Feature",
      "properties": {
        "@id": "way/583501856",
        "highway": "footway"
      },
      "geometry": {
        "type": "LineString",
        "coordinates": [
          [
            -2.1892245,
            51.7859041
          ],
          [
            -2.1892218,
            51.785813
          ],
          [
            -2.1892711,
            51.7855629
          ],
          [
            -2.1892187,
            51.7854209
          ],
          [
            -2.1891171,
            51.7848186
          ],
          [
            -2.189268,
            51.7844279
          ],
          [
            -2.1892988,
            51.7842335
          ],
          [
            -2.1893481,
            51.7841706
          ],
          [
            -2.1893913,
            51.7841096
          ],
          [
            -2.1894406,
            51.784077
          ]
        ]
      },
      "id": "way/583501856"
    },
    {
      "type": "Feature",
      "properties": {
        "@id": "way/591023112",
        "access": "no",
        "designation": "public_footpath",
        "foot": "designated",
        "highway": "footway",
        "prow_ref": "MPS80",
        "surface": "grass"
      },
      "geometry": {
        "type": "LineString",
        "coordinates": [
          [
            -2.1891676,
            51.7926305
          ],
          [
            -2.1890444,
            51.792216
          ],
          [
            -2.1890337,
            51.7918145
          ],
          [
            -2.1891571,
            51.7915855
          ],
          [
            -2.1883471,
            51.7904093
          ],
          [
            -2.1884087,
            51.7901422
          ],
          [
            -2.1883122,
            51.7899884
          ],
          [
            -2.1881163,
            51.7897711
          ],
          [
            -2.1879608,
            51.7895405
          ],
          [
            -2.1878643,
            51.7894774
          ],
          [
            -2.1878374,
            51.7893746
          ],
          [
            -2.1880252,
            51.7890063
          ],
          [
            -2.1880521,
            51.7889308
          ],
          [
            -2.1871375,
            51.7884643
          ]
        ]
      },
      "id": "way/591023112"
    },
    {
      "type": "Feature",
      "properties": {
        "@id": "way/608109412",
        "designation": "public_footpath",
        "highway": "footway"
      },
      "geometry": {
        "type": "LineString",
        "coordinates": [
          [
            -2.1949658,
            51.7874663
          ],
          [
            -2.1950403,
            51.7873984
          ],
          [
            -2.1953119,
            51.7873215
          ],
          [
            -2.1956198,
            51.7873094
          ]
        ]
      },
      "id": "way/608109412"
    },
    {
      "type": "Feature",
      "properties": {
        "@id": "way/608109414",
        "highway": "footway"
      },
      "geometry": {
        "type": "LineString",
        "coordinates": [
          [
            -2.1950403,
            51.7873984
          ],
          [
            -2.1952367,
            51.7874237
          ],
          [
            -2.1954068,
            51.7874439
          ],
          [
            -2.1956181,
            51.7874379
          ]
        ]
      },
      "id": "way/608109414"
    },
    {
      "type": "Feature",
      "properties": {
        "@id": "way/675398001",
        "highway": "service"
      },
      "geometry": {
        "type": "LineString",
        "coordinates": [
          [
            -2.1954925,
            51.7857096
          ],
          [
            -2.1958319,
            51.7858131
          ],
          [
            -2.1958391,
            51.7858504
          ],
          [
            -2.1959138,
            51.78591
          ],
          [
            -2.1960174,
            51.7859323
          ],
          [
            -2.1961306,
            51.7859502
          ],
          [
            -2.1960776,
            51.7860128
          ],
          [
            -2.1961472,
            51.7860373
          ]
        ]
      },
      "id": "way/675398001"
    },
    {
      "type": "Feature",
      "properties": {
        "@id": "way/675398002",
        "highway": "service",
        "service": "parking_aisle"
      },
      "geometry": {
        "type": "LineString",
        "coordinates": [
          [
            -2.1961306,
            51.7859502
          ],
          [
            -2.1963837,
            51.7860113
          ]
        ]
      },
      "id": "way/675398002"
    },
    {
      "type": "Feature",
      "properties": {
        "@id": "way/692564330",
        "highway": "residential"
      },
      "geometry": {
        "type": "LineString",
        "coordinates": [
          [
            -2.1907949,
            51.7833351
          ],
          [
            -2.1906385,
            51.7833
          ],
          [
            -2.1905447,
            51.7832845
          ],
          [
            -2.1902909,
            51.78345
          ]
        ]
      },
      "id": "way/692564330"
    },
    {
      "type": "Feature",
      "properties": {
        "@id": "way/717462971",
        "highway": "service",
        "oneway": "yes",
        "service": "parking_aisle"
      },
      "geometry": {
        "type": "LineString",
        "coordinates": [
          [
            -2.1997289,
            51.7824165
          ],
          [
            -2.1996036,
            51.7824466
          ],
          [
            -2.1995846,
            51.7824486
          ],
          [
            -2.1995644,
            51.782448
          ],
          [
            -2.1995164,
            51.7824318
          ],
          [
            -2.1994097,
            51.7823819
          ],
          [
            -2.1993813,
            51.7823631
          ],
          [
            -2.1993692,
            51.7823461
          ],
          [
            -2.1993639,
            51.7823276
          ],
          [
            -2.1993709,
            51.7823134
          ],
          [
            -2.1993887,
            51.7823032
          ],
          [
            -2.1995477,
            51.782242
          ]
        ]
      },
      "id": "way/717462971"
    },
    {
      "type": "Feature",
      "properties": {
        "@id": "way/771263363",
        "highway": "path",
        "surface": "asphalt"
      },
      "geometry": {
        "type": "LineString",
        "coordinates": [
          [
            -2.1987426,
            51.7810094
          ],
          [
            -2.1988171,
            51.7810369
          ],
          [
            -2.1988756,
            51.7810328
          ]
        ]
      },
      "id": "way/771263363"
    },
    {
      "type": "Feature",
      "properties": {
        "@id": "way/814463997",
        "highway": "secondary",
        "lanes": "2",
        "lit": "yes",
        "maxspeed": "20 mph",
        "name": "Pullens Road",
        "oneway": "yes",
        "turn:lanes": "left|through;right"
      },
      "geometry": {
        "type": "LineString",
        "coordinates": [
          [
            -2.1928809,
            51.7883943
          ],
          [
            -2.1925396,
            51.7883428
          ]
        ]
      },
      "id": "way/814463997"
    },
    {
      "type": "Feature",
      "properties": {
        "@id": "way/823691298",
        "highway": "service"
      },
      "geometry": {
        "type": "LineString",
        "coordinates": [
          [
            -2.1933099,
            51.7844234
          ],
          [
            -2.1931691,
            51.7843987
          ],
          [
            -2.193033,
            51.7843987
          ],
          [
            -2.1929185,
            51.7844006
          ],
          [
            -2.1928232,
            51.7843833
          ],
          [
            -2.192595,
            51.784293
          ],
          [
            -2.1924341,
            51.7842222
          ],
          [
            -2.1923196,
            51.7841437
          ],
          [
            -2.1922794,
            51.7840977
          ],
          [
            -2.1922577,
            51.7840614
          ]
        ]
      },
      "id": "way/823691298"
    },
    {
      "type": "Feature",
      "properties": {
        "@id": "way/823691299",
        "access": "private",
        "highway": "service",
        "service": "driveway"
      },
      "geometry": {
        "type": "LineString",
        "coordinates": [
          [
            -2.1916579,
            51.782614
          ],
          [
            -2.1911276,
            51.7825721
          ],
          [
            -2.1908956,
            51.7825541
          ],
          [
            -2.1908021,
            51.7825501
          ]
        ]
      },
      "id": "way/823691299"
    },
    {
      "type": "Feature",
      "properties": {
        "@id": "way/832040272",
        "highway": "primary",
        "lanes": "2",
        "maxspeed": "20 mph",
        "maxspeed:type": "GB:zone20",
        "name": "Cheltenham Road",
        "ref": "A46",
        "source:name": "OS_OpenData_Locator",
        "surface": "asphalt"
      },
      "geometry": {
        "type": "LineString",
        "coordinates": [
          [
            -2.1925723,
            51.788251
          ],
          [
            -2.1925396,
            51.7883428
          ],
          [
            -2.1922724,
            51.788951
          ],
          [
            -2.1922059,
            51.7890461
          ]
        ]
      },
      "id": "way/832040272"
    },
    {
      "type": "Feature",
      "properties": {
        "@id": "way/853712750",
        "highway": "service",
        "service": "driveway",
        "source": "maxar"
      },
      "geometry": {
        "type": "LineString",
        "coordinates": [
          [
            -2.1890922,
            51.7886462
          ],
          [
            -2.1885644,
            51.7886977
          ],
          [
            -2.1885379,
            51.7887153
          ],
          [
            -2.188529,
            51.7887281
          ],
          [
            -2.1885251,
            51.7887464
          ],
          [
            -2.188531,
            51.7887732
          ]
        ]
      },
      "id": "way/853712750"
    },
    {
      "type": "Feature",
      "properties": {
        "@id": "way/860618350",
        "highway": "service",
        "source": "maxar"
      },
      "geometry": {
        "type": "LineString",
        "coordinates": [
          [
            -2.1966746,
            51.7840762
          ],
          [
            -2.1966583,
            51.7840469
          ],
          [
            -2.1966302,
            51.784011
          ],
          [
            -2.1965706,
            51.7839682
          ]
        ]
      },
      "id": "way/860618350"
    },
    {
      "type": "Feature",
      "properties": {
        "@id": "way/896573498",
        "access": "private",
        "highway": "service",
        "service": "driveway"
      },
      "geometry": {
        "type": "LineString",
        "coordinates": [
          [
            -2.1959031,
            51.7868403
          ],
          [
            -2.1957569,
            51.7867246
          ]
        ]
      },
      "id": "way/896573498"
    },
    {
      "type": "Feature",
      "properties": {
        "@id": "way/896580593",
        "bicycle": "no",
        "highway": "footway",
        "horse": "no"
      },
      "geometry": {
        "type": "LineString",
        "coordinates": [
          [
            -2.1956181,
            51.7874379
          ],
          [
            -2.196004,
            51.7874128
          ],
          [
            -2.196068,
            51.7874173
          ]
        ]
      },
      "id": "way/896580593"
    },
    {
      "type": "Feature",
      "properties": {
        "@id": "way/896582375",
        "barrier": "hedge"
      },
      "geometry": {
        "type": "LineString",
        "coordinates": [
          [
            -2.1951146,
            51.7858543
          ],
          [
            -2.1951333,
            51.7858659
          ],
          [
            -2.1950394,
            51.7859215
          ],
          [
            -2.1949961,
            51.7858951
          ]
        ]
      },
      "id": "way/896582375"
    },
    {
      "type": "Feature",
      "properties": {
        "@id": "way/896582376",
        "highway": "footway"
      },
      "geometry": {
        "type": "LineString",
        "coordinates": [
          [
            -2.1950136,
            51.7858764
          ],
          [
            -2.1949516,
            51.7859136
          ]
        ]
      },
      "id": "way/896582376"
    },
    {
      "type": "Feature",
      "properties": {
        "@id": "way/899191827",
        "barrier": "hedge"
      },
      "geometry": {
        "type": "LineString",
        "coordinates": [
          [
            -2.2017874,
            51.788742
          ],
          [
            -2.2017932,
            51.7885671
          ],
          [
            -2.2018898,
            51.7882983
          ],
          [
            -2.2020024,
            51.7880362
          ],
          [
            -2.20204,
            51.7878105
          ],
          [
            -2.2019756,
            51.7876313
          ],
          [
            -2.201879,
            51.7872763
          ],
          [
            -2.2018683,
            51.7870971
          ]
        ]
      },
      "id": "way/899191827"
    },
    {
      "type": "Feature",
      "properties": {
        "@id": "way/899191828",
        "barrier": "hedge"
      },
      "geometry": {
        "type": "LineString",
        "coordinates": [
          [
            -2.1996045,
            51.7892407
          ],
          [
            -2.2001088,
            51.7891942
          ],
          [
            -2.2004199,
            51.7891411
          ],
          [
            -2.2007632,
            51.7891279
          ],
          [
            -2.2009993,
            51.7889553
          ],
          [
            -2.2015035,
            51.788796
          ],
          [
            -2.2017874,
            51.788742
          ],
          [
            -2.201922,
            51.7887164
          ],
          [
            -2.2024584,
            51.7886567
          ],
          [
            -2.2030377,
            51.7886699
          ],
          [
            -2.2033596,
            51.7886699
          ],
          [
            -2.2037056,
            51.7885588
          ],
          [
            -2.2039229,
            51.7884625
          ]
        ]
      },
      "id": "way/899191828"
    },
    {
      "type": "Feature",
      "properties": {
        "@id": "way/899191829",
        "barrier": "hedge"
      },
      "geometry": {
        "type": "LineString",
        "coordinates": [
          [
            -2.1997118,
            51.7897384
          ],
          [
            -2.1995616,
            51.7895393
          ],
          [
            -2.1996045,
            51.7892407
          ],
          [
            -2.1996153,
            51.7887496
          ],
          [
            -2.1994972,
            51.7884775
          ],
          [
            -2.1991083,
            51.7884402
          ],
          [
            -2.1988884,
            51.7884601
          ],
          [
            -2.1985917,
            51.7885039
          ],
          [
            -2.1984576,
            51.7885479
          ],
          [
            -2.1974574,
            51.7890615
          ],
          [
            -2.1973394,
            51.789161
          ],
          [
            -2.1973793,
            51.7895016
          ],
          [
            -2.1972778,
            51.7897244
          ]
        ]
      },
      "id": "way/899191829"
    },
    {
      "type": "Feature",
      "properties": {
        "@id": "way/899191830",
        "highway": "footway",
        "lit": "no",
        "surface": "grass"
      },
      "geometry": {
        "type": "LineString",
        "coordinates": [
          [
            -2.2055862,
            51.7931283
          ],
          [
            -2.2049958,
            51.7929868
          ],
          [
            -2.204175,
            51.7927678
          ],
          [
            -2.2037405,
            51.7926052
          ],
          [
            -2.2026247,
            51.7920345
          ],
          [
            -2.2025174,
            51.7919316
          ],
          [
            -2.2023726,
            51.7914505
          ],
          [
            -2.2023296,
            51.7912913
          ],
          [
            -2.2019219,
            51.7907172
          ],
          [
            -2.2017899,
            51.7905866
          ],
          [
            -2.2017074,
            51.7905049
          ],
          [
            -2.2011763,
            51.7903257
          ],
          [
            -2.2007727,
            51.7901395
          ],
          [
            -2.2004092,
            51.7899143
          ],
          [
            -2.2001731,
            51.7898446
          ],
          [
            -2.1999425,
            51.7898247
          ],
          [
            -2.1997762,
            51.7898545
          ],
          [
            -2.1996045,
            51.7897915
          ],
          [
            -2.1993363,
            51.7897218
          ],
          [
            -2.198934,
            51.7896953
          ],
          [
            -2.1986282,
            51.7897218
          ],
          [
            -2.1983385,
            51.7896953
          ],
          [
            -2.1979764,
            51.7897135
          ],
          [
            -2.1978182,
            51.7897168
          ],
          [
            -2.1974239,
            51.7897334
          ],
          [
            -2.1973594,
            51.7897484
          ],
          [
            -2.197339,
            51.7897958
          ],
          [
            -2.1972509,
            51.7899015
          ]
        ]
      },
      "id": "way/899191830"
    },
    {
      "type": "Feature",
      "properties": {
        "@id": "way/899484285",
        "highway": "footway"
      },
      "geometry": {
        "type": "LineString",
        "coordinates": [
          [
            -2.1913973,
            51.7865192
          ],
          [
            -2.1917376,
            51.7864749
          ],
          [
            -2.191802,
            51.7865379
          ],
          [
            -2.1918429,
            51.7865537
          ]
        ]
      },
      "id": "way/899484285"
    },
    {
      "type": "Feature",
      "properties": {
        "@id": "way/899484286",
        "barrier": "hedge"
      },
      "geometry": {
        "type": "LineString",
        "coordinates": [
          [
            -2.1897816,
            51.7878844
          ],
          [
            -2.1913326,
            51.7882784
          ],
          [
            -2.1915123,
            51.7882618
          ],
          [
            -2.1916221,
            51.7882081
          ]
        ]
      },
      "id": "way/899484286"
    },
    {
      "type": "Feature",
      "properties": {
        "@id": "way/899484287",
        "highway": "footway"
      },
      "geometry": {
        "type": "LineString",
        "coordinates": [
          [
            -2.1897052,
            51.7879083
          ],
          [
            -2.1897164,
            51.7878879
          ],
          [
            -2.189726,
            51.7878703
          ]
        ]
      },
      "id": "way/899484287"
    },
    {
      "type": "Feature",
      "properties": {
        "@id": "way/899484288",
        "highway": "footway"
      },
      "geometry": {
        "type": "LineString",
        "coordinates": [
          [
            -2.1916976,
            51.7882213
          ],
          [
            -2.1916737,
            51.7882077
          ],
          [
            -2.1916501,
            51.7881944
          ]
        ]
      },
      "id": "way/899484288"
    },
    {
      "type": "Feature",
      "properties": {
        "@id": "way/910618839",
        "bicycle": "no",
        "designation": "public_footpath",
        "highway": "footway",
        "horse": "no"
      },
      "geometry": {
        "type": "LineString",
        "coordinates": [
          [
            -2.1882782,
            51.7879558
          ],
          [
            -2.1880377,
            51.7879179
          ],
          [
            -2.1876639,
            51.7878314
          ]
        ]
      },
      "id": "way/910618839"
    },
    {
      "type": "Feature",
      "properties": {
        "@id": "way/954359395",
        "highway": "footway",
        "surface": "asphalt"
      },
      "geometry": {
        "type": "LineString",
        "coordinates": [
          [
            -2.1963418,
            51.784584
          ],
          [
            -2.1964693,
            51.7846183
          ],
          [
            -2.1965442,
            51.7846382
          ]
        ]
      },
      "id": "way/954359395"
    },
    {
      "type": "Feature",
      "properties": {
        "@id": "way/954359396",
        "highway": "service",
        "service": "parking_aisle",
        "source": "maxar",
        "surface": "asphalt"
      },
      "geometry": {
        "type": "LineString",
        "coordinates": [
          [
            -2.196047,
            51.7846407
          ],
          [
            -2.1960702,
            51.7846143
          ],
          [
            -2.1962269,
            51.7845767
          ],
          [
            -2.1962873,
            51.7845759
          ],
          [
            -2.1963418,
            51.784584
          ],
          [
            -2.1964398,
            51.7844317
          ],
          [
            -2.1966746,
            51.7840762
          ]
        ]
      },
      "id": "way/954359396"
    },
    {
      "type": "Feature",
      "properties": {
        "@id": "way/962499192",
        "access": "private",
        "highway": "service"
      },
      "geometry": {
        "type": "LineString",
        "coordinates": [
          [
            -2.1902652,
            51.7905817
          ],
          [
            -2.1901449,
            51.7905038
          ],
          [
            -2.1900755,
            51.7904576
          ],
          [
            -2.1899762,
            51.7903942
          ],
          [
            -2.1898919,
            51.790342
          ],
          [
            -2.1898555,
            51.7903154
          ],
          [
            -2.1898009,
            51.790294
          ],
          [
            -2.1897416,
            51.7902862
          ],
          [
            -2.1892519,
            51.7902224
          ],
          [
            -2.1886797,
            51.7901354
          ],
          [
            -2.1886334,
            51.7901068
          ],
          [
            -2.1886003,
            51.7900751
          ],
          [
            -2.188602,
            51.7900372
          ],
          [
            -2.1886847,
            51.7898204
          ],
          [
            -2.1887359,
            51.7897989
          ],
          [
            -2.1888137,
            51.7897886
          ],
          [
            -2.1889476,
            51.7897948
          ],
          [
            -2.1890799,
            51.7898111
          ],
          [
            -2.1897232,
            51.7899114
          ],
          [
            -2.1897695,
            51.789938
          ],
          [
            -2.1897943,
            51.789981
          ],
          [
            -2.1898009,
            51.7900096
          ],
          [
            -2.1898026,
            51.7900648
          ],
          [
            -2.1897416,
            51.7902862
          ]
        ]
      },
      "id": "way/962499192"
    },
    {
      "type": "Feature",
      "properties": {
        "@id": "way/962838899",
        "highway": "service"
      },
      "geometry": {
        "type": "LineString",
        "coordinates": [
          [
            -2.1968632,
            51.7835982
          ],
          [
            -2.1971499,
            51.7833463
          ],
          [
            -2.1972714,
            51.7832947
          ]
        ]
      },
      "id": "way/962838899"
    },
    {
      "type": "Feature",
      "properties": {
        "@id": "way/976023057",
        "highway": "service",
        "service": "driveway"
      },
      "geometry": {
        "type": "LineString",
        "coordinates": [
          [
            -2.1925496,
            51.7836904
          ],
          [
            -2.1925577,
            51.7836283
          ],
          [
            -2.1925681,
            51.7835981
          ],
          [
            -2.1925806,
            51.7835817
          ],
          [
            -2.1926227,
            51.7835634
          ],
          [
            -2.1929069,
            51.783505
          ],
          [
            -2.1929453,
            51.7835013
          ],
          [
            -2.19298,
            51.7835059
          ],
          [
            -2.1930343,
            51.783526
          ]
        ]
      },
      "id": "way/976023057"
    },
    {
      "type": "Feature",
      "properties": {
        "@id": "way/976023058",
        "highway": "service"
      },
      "geometry": {
        "type": "LineString",
        "coordinates": [
          [
            -2.1928973,
            51.7849572
          ],
          [
            -2.1927187,
            51.7849067
          ],
          [
            -2.1924553,
            51.7848327
          ],
          [
            -2.1924245,
            51.7848196
          ],
          [
            -2.1924088,
            51.7848084
          ],
          [
            -2.1924015,
            51.7847927
          ],
          [
            -2.1923968,
            51.7847714
          ],
          [
            -2.192401,
            51.7847483
          ],
          [
            -2.1924106,
            51.7847207
          ],
          [
            -2.1924358,
            51.784671
          ]
        ]
      },
      "id": "way/976023058"
    },
    {
      "type": "Feature",
      "properties": {
        "@id": "way/978093082",
        "highway": "service"
      },
      "geometry": {
        "type": "LineString",
        "coordinates": [
          [
            -2.1999108,
            51.7874778
          ],
          [
            -2.1998291,
            51.7874736
          ],
          [
            -2.1997339,
            51.7874422
          ]
        ]
      },
      "id": "way/978093082"
    },
    {
      "type": "Feature",
      "properties": {
        "@id": "way/1080519487",
        "highway": "footway",
        "surface": "paving_stones"
      },
      "geometry": {
        "type": "LineString",
        "coordinates": [
          [
            -2.1949545,
            51.7851734
          ],
          [
            -2.1949732,
            51.7851473
          ],
          [
            -2.1950342,
            51.7851187
          ],
          [
            -2.1951405,
            51.7850732
          ],
          [
            -2.1952023,
            51.7850584
          ],
          [
            -2.1952578,
            51.7850466
          ],
          [
            -2.1953455,
            51.7850004
          ],
          [
            -2.1955103,
            51.7849381
          ],
          [
            -2.1957329,
            51.7849128
          ]
        ]
      },
      "id": "way/1080519487"
    },
    {
      "type": "Feature",
      "properties": {
        "@id": "way/1080519488",
        "access": "private",
        "highway": "footway",
        "surface": "grass"
      },
      "geometry": {
        "type": "LineString",
        "coordinates": [
          [
            -2.1948414,
            51.7851653
          ],
          [
            -2.194769,
            51.785029
          ],
          [
            -2.1947122,
            51.7849219
          ]
        ]
      },
      "id": "way/1080519488"
    },
    {
      "type": "Feature",
      "properties": {
        "@id": "way/1080519593",
        "highway": "footway",
        "surface": "paving_stones"
      },
      "geometry": {
        "type": "LineString",
        "coordinates": [
          [
            -2.1955208,
            51.7855508
          ],
          [
            -2.1956266,
            51.7856132
          ]
        ]
      },
      "id": "way/1080519593"
    },
    {
      "type": "Feature",
      "properties": {
        "@id": "way/1080541592",
        "access": "private",
        "highway": "track"
      },
      "geometry": {
        "type": "LineString",
        "coordinates": [
          [
            -2.1972509,
            51.7899015
          ],
          [
            -2.1972213,
            51.789733
          ],
          [
            -2.1972333,
            51.7895776
          ]
        ]
      },
      "id": "way/1080541592"
    },
    {
      "type": "Feature",
      "properties": {
        "@id": "way/1080566415",
        "highway": "footway",
        "source": "Bing",
        "surface": "asphalt"
      },
      "geometry": {
        "type": "LineString",
        "coordinates": [
          [
            -2.1944668,
            51.7853091
          ],
          [
            -2.1945712,
            51.7851801
          ]
        ]
      },
      "id": "way/1080566415"
    },
    {
      "type": "Feature",
      "properties": {
        "@id": "way/1103895283",
        "highway": "footway"
      },
      "geometry": {
        "type": "LineString",
        "coordinates": [
          [
            -2.1951432,
            51.7830756
          ],
          [
            -2.1951021,
            51.783045
          ],
          [
            -2.1951179,
            51.7829861
          ],
          [
            -2.1951562,
            51.7829381
          ],
          [
            -2.1952242,
            51.7828057
          ],
          [
            -2.1953582,
            51.7826789
          ],
          [
            -2.1954493,
            51.7826135
          ],
          [
            -2.1955174,
            51.7825545
          ],
          [
            -2.1958298,
            51.782477
          ]
        ]
      },
      "id": "way/1103895283"
    },
    {
      "type": "Feature",
      "properties": {
        "@id": "way/1103895284",
        "highway": "path"
      },
      "geometry": {
        "type": "LineString",
        "coordinates": [
          [
            -2.1958298,
            51.782477
          ],
          [
            -2.1959691,
            51.7823901
          ],
          [
            -2.1959541,
            51.7823609
          ]
        ]
      },
      "id": "way/1103895284"
    },
    {
      "type": "Feature",
      "properties": {
        "@id": "way/1103895285",
        "highway": "footway"
      },
      "geometry": {
        "type": "LineString",
        "coordinates": [
          [
            -2.1951432,
            51.7830756
          ],
          [
            -2.1951534,
            51.7830871
          ],
          [
            -2.1951699,
            51.7831326
          ]
        ]
      },
      "id": "way/1103895285"
    },
    {
      "type": "Feature",
      "properties": {
        "@id": "way/1167151297",
        "access": "private",
        "highway": "service",
        "service": "driveway"
      },
      "geometry": {
        "type": "LineString",
        "coordinates": [
          [
            -2.1885991,
            51.7841943
          ],
          [
            -2.1879732,
            51.7840989
          ],
          [
            -2.1878142,
            51.7841289
          ],
          [
            -2.1877368,
            51.7842716
          ],
          [
            -2.1875574,
            51.7843895
          ]
        ]
      },
      "id": "way/1167151297"
    },
    {
      "type": "Feature",
      "properties": {
        "@id": "way/1167151298",
        "foot": "designated",
        "highway": "footway"
      },
      "geometry": {
        "type": "LineString",
        "coordinates": [
          [
            -2.1885991,
            51.7841943
          ],
          [
            -2.1878888,
            51.7844736
          ],
          [
            -2.1874168,
            51.7849661
          ],
          [
            -2.1870732,
            51.7851425
          ],
          [
            -2.1867999,
            51.7851539
          ],
          [
            -2.1850349,
            51.7858421
          ],
          [
            -2.1845765,
            51.7861201
          ],
          [
            -2.1846908,
            51.7862102
          ]
        ]
      },
      "id": "way/1167151298"
    },
    {
      "type": "Feature",
      "properties": {
        "@id": "way/1167151299",
        "designation": "public_footpath",
        "foot": "designated",
        "highway": "service",
        "service": "driveway"
      },
      "geometry": {
        "type": "LineString",
        "coordinates": [
          [
            -2.1891091,
            51.7837066
          ],
          [
            -2.1890469,
            51.7838061
          ],
          [
            -2.1889651,
            51.7839166
          ],
          [
            -2.188772,
            51.7841018
          ],
          [
            -2.1885991,
            51.7841943
          ]
        ]
      },
      "id": "way/1167151299"
    },
    {
      "type": "Feature",
      "properties": {
        "@id": "way/1192091654",
        "highway": "residential",
        "name": "The Croft"
      },
      "geometry": {
        "type": "LineString",
        "coordinates": [
          [
            -2.1960546,
            51.7885637
          ],
          [
            -2.1959536,
            51.7885466
          ],
          [
            -2.1958503,
            51.7885363
          ],
          [
            -2.1957567,
            51.7885329
          ],
          [
            -2.195663,
            51.788535
          ],
          [
            -2.1954586,
            51.7885587
          ]
        ]
      },
      "id": "way/1192091654"
    },
    {
      "type": "Feature",
      "properties": {
        "@id": "way/1217567497",
        "highway": "service"
      },
      "geometry": {
        "type": "LineString",
        "coordinates": [
          [
            -2.1931839,
            51.7845612
          ],
          [
            -2.1932442,
            51.7846013
          ],
          [
            -2.1932589,
            51.7846416
          ],
          [
            -2.1931695,
            51.7847809
          ],
          [
            -2.1929665,
            51.7849924
          ],
          [
            -2.1928595,
            51.7850102
          ]
        ]
      },
      "id": "way/1217567497"
    },
    {
      "type": "Feature",
      "properties": {
        "@id": "way/1217567498",
        "highway": "service"
      },
      "geometry": {
        "type": "LineString",
        "coordinates": [
          [
            -2.1929665,
            51.7849924
          ],
          [
            -2.1929822,
            51.7850262
          ],
          [
            -2.1930191,
            51.7850542
          ],
          [
            -2.1930612,
            51.7850601
          ],
          [
            -2.193099,
            51.7850549
          ]
        ]
      },
      "id": "way/1217567498"
    },
    {
      "type": "Feature",
      "properties": {
        "@id": "way/1234636141",
        "highway": "unclassified",
        "lane_markings": "no",
        "lanes": "1",
        "maxspeed": "20 mph",
        "name": "Tibbiwell",
        "not:name": "Tibbiwell Lane",
        "note": "Street sign says \"Tibbiwell\" but gov.uk property information suggests \"Tibbiwell Street\"",
        "source": "NPE",
        "surface": "asphalt"
      },
      "geometry": {
        "type": "LineString",
        "coordinates": [
          [
            -2.193494,
            51.7857837
          ],
          [
            -2.1927685,
            51.7852492
          ]
        ]
      },
      "id": "way/1234636141"
    },
    {
      "type": "Feature",
      "properties": {
        "@id": "way/1259441487",
        "designation": "public_footpath",
        "foot": "designated",
        "highway": "service"
      },
      "geometry": {
        "type": "LineString",
        "coordinates": [
          [
            -2.1965257,
            51.7898265
          ],
          [
            -2.1965133,
            51.7897927
          ]
        ]
      },
      "id": "way/1259441487"
    },
    {
      "type": "Feature",
      "properties": {
        "@id": "way/1299354674",
        "waterway": "flowline"
      },
      "geometry": {
        "type": "LineString",
        "coordinates": [
          [
            -2.1917584,
            51.781951
          ],
          [
            -2.1923527,
            51.7816148
          ],
          [
            -2.1924883,
            51.7815145
          ]
        ]
      },
      "id": "way/1299354674"
    },
    {
      "type": "Feature",
      "properties": {
        "@id": "way/1323603893",
        "highway": "footway",
        "surface": "asphalt"
      },
      "geometry": {
        "type": "LineString",
        "coordinates": [
          [
            -2.1964398,
            51.7844317
          ],
          [
            -2.196651,
            51.7844923
          ]
        ]
      },
      "id": "way/1323603893"
    },
    {
      "type": "Feature",
      "properties": {
        "@id": "way/1352621714",
        "highway": "footway",
        "surface": "paved"
      },
      "geometry": {
        "type": "LineString",
        "coordinates": [
          [
            -2.1957716,
            51.7848612
          ],
          [
            -2.1958161,
            51.784859
          ]
        ]
      },
      "id": "way/1352621714"
    },
    {
      "type": "Feature",
      "properties": {
        "@id": "way/1352621715",
        "highway": "footway",
        "surface": "paved",
        "tunnel": "building_passage"
      },
      "geometry": {
        "type": "LineString",
        "coordinates": [
          [
            -2.1958161,
            51.784859
          ],
          [
            -2.1958722,
            51.7848512
          ],
          [
            -2.196047,
            51.7846407
          ]
        ]
      },
      "id": "way/1352621715"
    },
    {
      "type": "Feature",
      "properties": {
        "@id": "way/1391812996",
        "power": "minor_line",
        "voltage": "11000"
      },
      "geometry": {
        "type": "LineString",
        "coordinates": [
          [
            -2.207401,
            51.7868108
          ],
          [
            -2.2061491,
            51.7870988
          ],
          [
            -2.2049021,
            51.7873824
          ],
          [
            -2.2038677,
            51.7876177
          ],
          [
            -2.2020718,
            51.7877753
          ],
          [
            -2.1992906,
            51.7880054
          ]
        ]
      },
      "id": "way/1391812996"
    },
    {
      "type": "Feature",
      "properties": {
        "@id": "way/1391812997",
        "layer": "-1",
        "location": "underground",
        "power": "cable",
        "voltage": "11000"
      },
      "geometry": {
        "type": "LineString",
        "coordinates": [
          [
            -2.2020145,
            51.7835098
          ],
          [
            -2.2017733,
            51.7831039
          ],
          [
            -2.2005868,
            51.7821104
          ],
          [
            -2.1995036,
            51.7815069
          ],
          [
            -2.1993672,
            51.781431
          ]
        ]
      },
      "id": "way/1391812997"
    },
    {
      "type": "Feature",
      "properties": {
        "@id": "way/1391812998",
        "layer": "-1",
        "location": "underground",
        "power": "cable",
        "voltage": "11000"
      },
      "geometry": {
        "type": "LineString",
        "coordinates": [
          [
            -2.1995036,
            51.7815069
          ],
          [
            -2.199627,
            51.7814175
          ],
          [
            -2.1997113,
            51.7814017
          ],
          [
            -2.1999234,
            51.7812436
          ],
          [
            -2.2003092,
            51.7807078
          ],
          [
            -2.2003858,
            51.7807588
          ]
        ]
      },
      "id": "way/1391812998"
    },
    {
      "type": "Feature",
      "properties": {
        "@id": "way/1391834341",
        "layer": "-1",
        "location": "underground",
        "power": "cable",
        "voltage": "11000"
      },
      "geometry": {
        "type": "LineString",
        "coordinates": [
          [
            -2.1965703,
            51.7896091
          ],
          [
            -2.1966787,
            51.789129
          ],
          [
            -2.1966504,
            51.7888252
          ],
          [
            -2.1966026,
            51.788584
          ],
          [
            -2.196703,
            51.788228
          ],
          [
            -2.1967617,
            51.7880634
          ],
          [
            -2.196734,
            51.7879653
          ],
          [
            -2.1969281,
            51.7879043
          ],
          [
            -2.1971345,
            51.7878023
          ],
          [
            -2.1972755,
            51.7876597
          ],
          [
            -2.1972871,
            51.787648
          ],
          [
            -2.1973795,
            51.7874717
          ],
          [
            -2.1976599,
            51.786817
          ],
          [
            -2.197589,
            51.7867989
          ]
        ]
      },
      "id": "way/1391834341"
    },
    {
      "type": "Feature",
      "properties": {
        "@id": "way/1391834342",
        "layer": "-1",
        "location": "underground",
        "power": "cable",
        "voltage": "11000"
      },
      "geometry": {
        "type": "LineString",
        "coordinates": [
          [
            -2.1972755,
            51.7876597
          ],
          [
            -2.1974344,
            51.7876989
          ],
          [
            -2.1976153,
            51.7876895
          ],
          [
            -2.1977109,
            51.7876863
          ],
          [
            -2.197842,
            51.787697
          ],
          [
            -2.1980971,
            51.7877014
          ],
          [
            -2.1982892,
            51.7876945
          ],
          [
            -2.1983918,
            51.7876977
          ],
          [
            -2.1986467,
            51.7877297
          ],
          [
            -2.1992649,
            51.787743
          ],
          [
            -2.199281,
            51.7877496
          ],
          [
            -2.1992906,
            51.7880054
          ]
        ]
      },
      "id": "way/1391834342"
    },
    {
      "type": "Feature",
      "properties": {
        "@id": "way/1391834344",
        "layer": "-1",
        "location": "underground",
        "power": "cable",
        "voltage": "11000"
      },
      "geometry": {
        "type": "LineString",
        "coordinates": [
          [
            -2.1872248,
            51.791032
          ],
          [
            -2.1877249,
            51.7911062
          ],
          [
            -2.1888714,
            51.7913463
          ],
          [
            -2.1893206,
            51.7914356
          ],
          [
            -2.1895239,
            51.7912319
          ],
          [
            -2.1899406,
            51.7909465
          ],
          [
            -2.1901793,
            51.7911016
          ],
          [
            -2.1903857,
            51.7912357
          ],
          [
            -2.1904915,
            51.7912621
          ],
          [
            -2.1908919,
            51.7907818
          ],
          [
            -2.1912656,
            51.7902834
          ],
          [
            -2.1913543,
            51.790152
          ],
          [
            -2.1914734,
            51.7899671
          ],
          [
            -2.1918096,
            51.7895945
          ],
          [
            -2.1921669,
            51.7892002
          ],
          [
            -2.192328,
            51.7889691
          ],
          [
            -2.1926175,
            51.7882903
          ],
          [
            -2.1926549,
            51.7882801
          ],
          [
            -2.1927646,
            51.7883451
          ],
          [
            -2.1928791,
            51.7883711
          ]
        ]
      },
      "id": "way/1391834344"
    },
    {
      "type": "Feature",
      "properties": {
        "@id": "way/1391834345",
        "layer": "-1",
        "location": "underground",
        "power": "cable",
        "voltage": "11000"
      },
      "geometry": {
        "type": "LineString",
        "coordinates": [
          [
            -2.1928627,
            51.7883538
          ],
          [
            -2.1927787,
            51.7883379
          ],
          [
            -2.1926409,
            51.7882599
          ],
          [
            -2.1929468,
            51.7875103
          ],
          [
            -2.1930915,
            51.7871896
          ],
          [
            -2.1932223,
            51.7870611
          ],
          [
            -2.1933788,
            51.7870134
          ],
          [
            -2.1934792,
            51.7869455
          ],
          [
            -2.1940092,
            51.7867274
          ],
          [
            -2.1944412,
            51.7865079
          ],
          [
            -2.1947331,
            51.7863013
          ],
          [
            -2.1949619,
            51.786115
          ],
          [
            -2.1949013,
            51.7860744
          ],
          [
            -2.194896,
            51.7860482
          ],
          [
            -2.1947474,
            51.7859456
          ],
          [
            -2.1941997,
            51.7857551
          ],
          [
            -2.1942174,
            51.7857359
          ]
        ]
      },
      "id": "way/1391834345"
    },
    {
      "type": "Feature",
      "properties": {
        "@id": "way/1391834346",
        "layer": "-1",
        "location": "underground",
        "power": "cable",
        "voltage": "11000"
      },
      "geometry": {
        "type": "LineString",
        "coordinates": [
          [
            -2.1941944,
            51.7857239
          ],
          [
            -2.1941864,
            51.7857223
          ],
          [
            -2.1941705,
            51.7857376
          ],
          [
            -2.1941271,
            51.7857496
          ],
          [
            -2.1938466,
            51.7856413
          ],
          [
            -2.1938121,
            51.7856391
          ],
          [
            -2.1937387,
            51.7856757
          ],
          [
            -2.1935847,
            51.7857743
          ],
          [
            -2.1935617,
            51.7857688
          ],
          [
            -2.19346,
            51.7857102
          ],
          [
            -2.19346,
            51.7856965
          ],
          [
            -2.1928981,
            51.7853306
          ],
          [
            -2.1928952,
            51.7853187
          ],
          [
            -2.1928881,
            51.7853111
          ],
          [
            -2.1928688,
            51.7853124
          ],
          [
            -2.1927143,
            51.7852602
          ],
          [
            -2.1922,
            51.7851936
          ],
          [
            -2.1921075,
            51.7851955
          ],
          [
            -2.1920354,
            51.785208
          ],
          [
            -2.1919673,
            51.7852162
          ],
          [
            -2.1918545,
            51.7852885
          ],
          [
            -2.1917803,
            51.7853457
          ],
          [
            -2.1917416,
            51.7853533
          ],
          [
            -2.1914022,
            51.7853275
          ],
          [
            -2.1913554,
            51.7853375
          ],
          [
            -2.1911806,
            51.7853099
          ],
          [
            -2.1910739,
            51.7852828
          ],
          [
            -2.1909905,
            51.7852288
          ],
          [
            -2.1909235,
            51.7851973
          ],
          [
            -2.1908991,
            51.7851804
          ],
          [
            -2.190894,
            51.785169
          ],
          [
            -2.1906297,
            51.7851137
          ],
          [
            -2.1903624,
            51.785064
          ],
          [
            -2.1903136,
            51.7850439
          ],
          [
            -2.1902943,
            51.7850232
          ],
          [
            -2.1902811,
            51.7849811
          ],
          [
            -2.1902689,
            51.7849528
          ],
          [
            -2.1902527,
            51.7849484
          ],
          [
            -2.1901876,
            51.7849603
          ],
          [
            -2.1901317,
            51.784971
          ],
          [
            -2.1901012,
            51.7849603
          ],
          [
            -2.1900982,
            51.7849509
          ],
          [
            -2.1901348,
            51.784937
          ],
          [
            -2.1901277,
            51.7849201
          ],
          [
            -2.1900096,
            51.7848781
          ]
        ]
      },
      "id": "way/1391834346"
    },
    {
      "type": "Feature",
      "properties": {
        "@id": "way/1391834347",
        "power": "minor_line",
        "voltage": "11000"
      },
      "geometry": {
        "type": "LineString",
        "coordinates": [
          [
            -2.1897265,
            51.7846221
          ],
          [
            -2.1892749,
            51.7852244
          ],
          [
            -2.1888644,
            51.7858918
          ]
        ]
      },
      "id": "way/1391834347"
    },
    {
      "type": "Feature",
      "properties": {
        "@id": "way/1391852156",
        "layer": "-1",
        "location": "underground",
        "power": "cable",
        "voltage": "11000"
      },
      "geometry": {
        "type": "LineString",
        "coordinates": [
          [
            -2.1881107,
            51.7865646
          ],
          [
            -2.1880711,
            51.786551
          ],
          [
            -2.1880249,
            51.7865653
          ],
          [
            -2.1880079,
            51.7865948
          ],
          [
            -2.1880002,
            51.7866758
          ],
          [
            -2.1880202,
            51.7867178
          ],
          [
            -2.1880449,
            51.7867464
          ],
          [
            -2.1880742,
            51.7867464
          ],
          [
            -2.1881003,
            51.7867311
          ],
          [
            -2.1881281,
            51.7867254
          ],
          [
            -2.188182,
            51.7867378
          ],
          [
            -2.1883807,
            51.7868579
          ],
          [
            -2.1883838,
            51.7868712
          ],
          [
            -2.188296,
            51.787057
          ],
          [
            -2.188336,
            51.7873239
          ],
          [
            -2.188353,
            51.7873887
          ],
          [
            -2.1884177,
            51.7874963
          ],
          [
            -2.1882205,
            51.7877203
          ],
          [
            -2.1881697,
            51.7878794
          ],
          [
            -2.1881065,
            51.7878994
          ]
        ]
      },
      "id": "way/1391852156"
    },
    {
      "type": "Feature",
      "properties": {
        "@id": "way/1391852157",
        "layer": "-1",
        "location": "underground",
        "power": "cable",
        "voltage": "11000"
      },
      "geometry": {
        "type": "LineString",
        "coordinates": [
          [
            -2.1892855,
            51.785891
          ],
          [
            -2.189323,
            51.7859076
          ],
          [
            -2.1892989,
            51.7859358
          ],
          [
            -2.1895711,
            51.7861034
          ],
          [
            -2.1898581,
            51.7862759
          ],
          [
            -2.1899399,
            51.7863896
          ],
          [
            -2.1899627,
            51.7864004
          ],
          [
            -2.1900043,
            51.7864004
          ],
          [
            -2.1905917,
            51.7862129
          ],
          [
            -2.1907231,
            51.7861722
          ],
          [
            -2.1908666,
            51.7861523
          ],
          [
            -2.1912207,
            51.786154
          ],
          [
            -2.1912327,
            51.786159
          ],
          [
            -2.1912368,
            51.7862013
          ],
          [
            -2.191273,
            51.7862328
          ],
          [
            -2.1913011,
            51.7862353
          ],
          [
            -2.1913119,
            51.7862436
          ],
          [
            -2.1913186,
            51.7862776
          ],
          [
            -2.1913038,
            51.7862875
          ],
          [
            -2.1911965,
            51.7863025
          ]
        ]
      },
      "id": "way/1391852157"
    },
    {
      "type": "Feature",
      "properties": {
        "@id": "way/1392079166",
        "cables": "3",
        "power": "minor_line",
        "voltage": "11000"
      },
      "geometry": {
        "type": "LineString",
        "coordinates": [
          [
            -2.1764102,
            51.7828676
          ],
          [
            -2.1778425,
            51.7831937
          ],
          [
            -2.1792547,
            51.7834998
          ],
          [
            -2.1807232,
            51.7838192
          ],
          [
            -2.1821086,
            51.7841262
          ],
          [
            -2.1835558,
            51.7843952
          ],
          [
            -2.1849215,
            51.7843812
          ],
          [
            -2.1863404,
            51.7843571
          ],
          [
            -2.1887443,
            51.7843038
          ],
          [
            -2.1894061,
            51.7842891
          ],
          [
            -2.1897265,
            51.7846221
          ],
          [
            -2.1900096,
            51.7848781
          ]
        ]
      },
      "id": "way/1392079166"
    },
    {
      "type": "Feature",
      "properties": {
        "@id": "way/1524089248",
        "barrier": "hedge"
      },
      "geometry": {
        "type": "LineString",
        "coordinates": [
          [
            -2.1925823,
            51.7843287
          ],
          [
            -2.1924097,
            51.784527
          ]
        ]
      },
      "id": "way/1524089248"
    },
    {
      "type": "Feature",
      "properties": {
        "@id": "way/1524298184",
        "highway": "service",
        "service": "driveway"
      },
      "geometry": {
        "type": "LineString",
        "coordinates": [
          [
            -2.1917781,
            51.783374
          ],
          [
            -2.1919193,
            51.783332
          ],
          [
            -2.1920332,
            51.783254
          ]
        ]
      },
      "id": "way/1524298184"
    },
    {
      "type": "Feature",
      "properties": {
        "@id": "way/1524298185",
        "highway": "service",
        "service": "driveway"
      },
      "geometry": {
        "type": "LineString",
        "coordinates": [
          [
            -2.1916557,
            51.7833877
          ],
          [
            -2.1916429,
            51.7836564
          ]
        ]
      },
      "id": "way/1524298185"
    },
    {
      "type": "Feature",
      "properties": {
        "@id": "way/1524298187",
        "designation": "public_footpath",
        "foot": "designated",
        "highway": "footway"
      },
      "geometry": {
        "type": "LineString",
        "coordinates": [
          [
            -2.1929644,
            51.7806574
          ],
          [
            -2.1928135,
            51.7806866
          ],
          [
            -2.192697,
            51.7807239
          ],
          [
            -2.1921765,
            51.7810428
          ],
          [
            -2.1913328,
            51.7816547
          ],
          [
            -2.1909774,
            51.7818756
          ],
          [
            -2.1908062,
            51.7820805
          ]
        ]
      },
      "id": "way/1524298187"
    },
    {
      "type": "Feature",
      "properties": {
        "@id": "way/1524298971",
        "highway": "service",
        "service": "driveway"
      },
      "geometry": {
        "type": "LineString",
        "coordinates": [
          [
            -2.1932108,
            51.7815292
          ],
          [
            -2.1928275,
            51.7817271
          ]
        ]
      },
      "id": "way/1524298971"
    },
    {
      "type": "Feature",
      "properties": {
        "@id": "way/1524298972",
        "highway": "service",
        "service": "driveway"
      },
      "geometry": {
        "type": "LineString",
        "coordinates": [
          [
            -2.1928416,
            51.7812168
          ],
          [
            -2.1927841,
            51.7812901
          ],
          [
            -2.1926274,
            51.7813794
          ],
          [
            -2.1925733,
            51.7814664
          ]
        ]
      },
      "id": "way/1524298972"
    },
    {
      "type": "Feature",
      "properties": {
        "@id": "way/1524298973",
        "highway": "service",
        "service": "driveway"
      },
      "geometry": {
        "type": "LineString",
        "coordinates": [
          [
            -2.1952355,
            51.7812292
          ],
          [
            -2.1951499,
            51.7814107
          ]
        ]
      },
      "id": "way/1524298973"
    },
    {
      "type": "Feature",
      "properties": {
        "@id": "way/1524303284",
        "barrier": "fence"
      },
      "geometry": {
        "type": "LineString",
        "coordinates": [
          [
            -2.1917833,
            51.7872501
          ],
          [
            -2.1919282,
            51.7871092
          ],
          [
            -2.1920528,
            51.786988
          ],
          [
            -2.1916619,
            51.7868342
          ],
          [
            -2.1913923,
            51.7870962
          ],
          [
            -2.1917833,
            51.7872501
          ]
        ]
      },
      "id": "way/1524303284"
    },
    {
      "type": "Feature",
      "properties": {
        "@id": "way/1524308340",
        "barrier": "hedge"
      },
      "geometry": {
        "type": "LineString",
        "coordinates": [
          [
            -2.1880046,
            51.7884348
          ],
          [
            -2.1878683,
            51.788321
          ],
          [
            -2.187801,
            51.7883428
          ],
          [
            -2.1875781,
            51.7885508
          ]
        ]
      },
      "id": "way/1524308340"
    },
    {
      "type": "Feature",
      "properties": {
        "@id": "way/1524308341",
        "barrier": "hedge"
      },
      "geometry": {
        "type": "LineString",
        "coordinates": [
          [
            -2.1879037,
            51.7882651
          ],
          [
            -2.1874911,
            51.7881046
          ]
        ]
      },
      "id": "way/1524308341"
    },
    {
      "type": "Feature",
      "properties": {
        "@id": "node/443923786",
        "historic": "police",
        "landuse": "residential",
        "name": "The Old Police House"
      },
      "geometry": {
        "type": "Point",
        "coordinates": [
          -2.1932575,
          51.788636
        ]
      },
      "id": "node/443923786"
    },
    {
      "type": "Feature",
      "properties": {
        "@id": "node/2468747957",
        "power": "pole"
      },
      "geometry": {
        "type": "Point",
        "coordinates": [
          -2.1904851,
          51.7811319
        ]
      },
      "id": "node/2468747957"
    },
    {
      "type": "Feature",
      "properties": {
        "@id": "node/2635433481",
        "location:transition": "yes",
        "power": "pole"
      },
      "geometry": {
        "type": "Point",
        "coordinates": [
          -2.2020145,
          51.7835098
        ]
      },
      "id": "node/2635433481"
    },
    {
      "type": "Feature",
      "properties": {
        "@id": "node/2635433633",
        "material": "wood",
        "name": "HAMS BUTTS",
        "power": "pole",
        "ref": "792442",
        "transformer": "distribution"
      },
      "geometry": {
        "type": "Point",
        "coordinates": [
          -2.2018285,
          51.7865384
        ]
      },
      "id": "node/2635433633"
    },
    {
      "type": "Feature",
      "properties": {
        "@id": "node/2652159397",
        "power": "pole"
      },
      "geometry": {
        "type": "Point",
        "coordinates": [
          -2.1878834,
          51.7824296
        ]
      },
      "id": "node/2652159397"
    },
    {
      "type": "Feature",
      "properties": {
        "@id": "node/2652199738",
        "location:transition": "yes",
        "power": "pole"
      },
      "geometry": {
        "type": "Point",
        "coordinates": [
          -2.1900096,
          51.7848781
        ]
      },
      "id": "node/2652199738"
    },
    {
      "type": "Feature",
      "properties": {
        "@id": "node/2652199777",
        "power": "pole"
      },
      "geometry": {
        "type": "Point",
        "coordinates": [
          -2.1897265,
          51.7846221
        ]
      },
      "id": "node/2652199777"
    },
    {
      "type": "Feature",
      "properties": {
        "@id": "node/2652199823",
        "power": "transformer"
      },
      "geometry": {
        "type": "Point",
        "coordinates": [
          -2.1894061,
          51.7842891
        ]
      },
      "id": "node/2652199823"
    },
    {
      "type": "Feature",
      "properties": {
        "@id": "node/2677361980",
        "location:transition": "yes",
        "power": "pole"
      },
      "geometry": {
        "type": "Point",
        "coordinates": [
          -2.1892855,
          51.785891
        ]
      },
      "id": "node/2677361980"
    },
    {
      "type": "Feature",
      "properties": {
        "@id": "node/2677362205",
        "power": "pole"
      },
      "geometry": {
        "type": "Point",
        "coordinates": [
          -2.1888644,
          51.7858918
        ]
      },
      "id": "node/2677362205"
    },
    {
      "type": "Feature",
      "properties": {
        "@id": "node/2677362244",
        "location:transition": "yes",
        "power": "pole"
      },
      "geometry": {
        "type": "Point",
        "coordinates": [
          -2.1881107,
          51.7865646
        ]
      },
      "id": "node/2677362244"
    },
    {
      "type": "Feature",
      "properties": {
        "@id": "node/7660673336",
        "direction": "SSE",
        "generator:method": "photovoltaic",
        "generator:output:electricity": "yes",
        "generator:source": "solar",
        "generator:type": "solar_photovoltaic_panel",
        "location": "roof",
        "power": "generator"
      },
      "geometry": {
        "type": "Point",
        "coordinates": [
          -2.1955327,
          51.7810494
        ]
      },
      "id": "node/7660673336"
    },
    {
      "type": "Feature",
      "properties": {
        "@id": "node/12587500198",
        "power": "pole"
      },
      "geometry": {
        "type": "Point",
        "coordinates": [
          -2.1887443,
          51.7843038
        ]
      },
      "id": "node/12587500198"
    },
    {
      "type": "Feature",
      "properties": {
        "@id": "node/12883385286",
        "power": "pole"
      },
      "geometry": {
        "type": "Point",
        "coordinates": [
          -2.2020718,
          51.7877753
        ]
      },
      "id": "node/12883385286"
    },
    {
      "type": "Feature",
      "properties": {
        "@id": "node/12883385289",
        "location:transition": "yes",
        "power": "pole"
      },
      "geometry": {
        "type": "Point",
        "coordinates": [
          -2.1992906,
          51.7880054
        ]
      },
      "id": "node/12883385289"
    },
    {
      "type": "Feature",
      "properties": {
        "@id": "node/12883385296",
        "name": "RICHMOND CARE PH.2 ACB",
        "operator": "National Grid Electricity Distribution",
        "operator:wikidata": "Q7988183",
        "power": "substation",
        "ref": "792012",
        "voltage": "11000"
      },
      "geometry": {
        "type": "Point",
        "coordinates": [
          -2.1993434,
          51.7814412
        ]
      },
      "id": "node/12883385296"
    },
    {
      "type": "Feature",
      "properties": {
        "@id": "node/12883385297",
        "name": "PAINSWICK COTSWOLD MEAD",
        "operator": "National Grid Electricity Distribution",
        "operator:wikidata": "Q7988183",
        "power": "substation",
        "ref": "792027",
        "voltage": "11000"
      },
      "geometry": {
        "type": "Point",
        "coordinates": [
          -2.1987252,
          51.7810824
        ]
      },
      "id": "node/12883385297"
    },
    {
      "type": "Feature",
      "properties": {
        "@id": "node/12883588841",
        "location:transition": "yes",
        "name": "BUTT GREEN",
        "power": "pole",
        "ref": "794474",
        "transformer": "distribution"
      },
      "geometry": {
        "type": "Point",
        "coordinates": [
          -2.1965703,
          51.7896091
        ]
      },
      "id": "node/12883588841"
    },
    {
      "type": "Feature",
      "properties": {
        "@id": "node/12883588855",
        "name": "EDGE LA",
        "operator": "National Grid Electricity Distribution",
        "operator:wikidata": "Q7988183",
        "power": "substation",
        "ref": "792399",
        "voltage": "11000"
      },
      "geometry": {
        "type": "Point",
        "coordinates": [
          -2.1975859,
          51.7868265
        ]
      },
      "id": "node/12883588855"
    },
    {
      "type": "Feature",
      "properties": {
        "@id": "node/12883592804",
        "name": "PAINSWICK CH.",
        "operator": "National Grid Electricity Distribution",
        "operator:wikidata": "Q7988183",
        "power": "substation",
        "ref": "792443",
        "voltage": "11000"
      },
      "geometry": {
        "type": "Point",
        "coordinates": [
          -2.1942085,
          51.7857266
        ]
      },
      "id": "node/12883592804"
    },
    {
      "type": "Feature",
      "properties": {
        "@id": "node/12883592849",
        "power": "pole"
      },
      "geometry": {
        "type": "Point",
        "coordinates": [
          -2.1892749,
          51.7852244
        ]
      },
      "id": "node/12883592849"
    },
    {
      "type": "Feature",
      "properties": {
        "@id": "node/12883688637",
        "name": "LOWER WASHWELL LA",
        "operator": "National Grid Electricity Distribution",
        "operator:wikidata": "Q7988183",
        "power": "substation",
        "ref": "792397",
        "voltage": "11000"
      },
      "geometry": {
        "type": "Point",
        "coordinates": [
          -2.1881281,
          51.7879166
        ]
      },
      "id": "node/12883688637"
    },
    {
      "type": "Feature",
      "properties": {
        "@id": "node/12883688657",
        "name": "WHITEHORSE LA",
        "operator": "National Grid Electricity Distribution",
        "operator:wikidata": "Q7988183",
        "power": "substation",
        "ref": "792444",
        "voltage": "11000"
      },
      "geometry": {
        "type": "Point",
        "coordinates": [
          -2.1911576,
          51.7863
        ]
      },
      "id": "node/12883688657"
    },
    {
      "type": "Feature",
      "properties": {
        "@id": "node/13891893301",
        "generator:method": "photovoltaic",
        "generator:output:electricity": "yes",
        "generator:source": "solar",
        "generator:type": "solar_photovoltaic_panel",
        "location": "roof",
        "power": "generator"
      },
      "geometry": {
        "type": "Point",
        "coordinates": [
          -2.1952135,
          51.7841267
        ]
      },
      "id": "node/13891893301"
    },
    {
      "type": "Feature",
      "properties": {
        "@id": "node/13893419170",
        "generator:method": "photovoltaic",
        "generator:output:electricity": "yes",
        "generator:source": "solar",
        "generator:type": "solar_photovoltaic_panel",
        "location": "roof",
        "power": "generator"
      },
      "geometry": {
        "type": "Point",
        "coordinates": [
          -2.1880244,
          51.7878057
        ]
      },
      "id": "node/13893419170"
    }
  ]
}